"W1","W2","L1","A1","C1","Y1","L2","A2","C2","Y2","L3","A3","C3","Y3","L4","A4","C4","Y4"
-0.560475646552213,0,-1.55710971670999,0,1,0,-2.24447414428225,0,1,0,-1.47140893966986,0,1,0,-3.39244471552157,1,1,0
-0.23017748948328,0,-0.261642358262699,1,1,0,0.21157735138542,0,1,0,0.912273987665207,0,1,0,-0.505962772700084,1,1,0
1.55870831414912,0,-0.158754462816905,1,1,0,2.24450803113791,1,1,0,1.78096325779637,1,1,1,2.86581469624217,1,0,NA
0.070508391424576,1,0.653778636860429,0,1,0,2.68291729548173,0,0,NA,NA,NA,NA,NA,NA,NA,NA,NA
0.129287735160946,1,0.81116763343,0,1,1,-0.440827103548029,1,1,1,2.26329713185152,1,1,1,1.99015375893714,1,0,NA
1.71506498688328,1,2.40208889262393,1,1,0,3.14212964320094,1,1,1,3.81603382734954,1,0,NA,NA,NA,NA,NA
0.460916205989202,0,-1.42492968999131,0,1,0,0.715535637208181,1,1,0,1.7491823282387,1,1,1,4.27231228309901,1,1,1
-1.26506123460653,1,0.0761341514770496,0,1,0,-0.543254546365873,1,0,NA,NA,NA,NA,NA,NA,NA,NA,NA
-0.686852851893526,1,0.745292395784322,1,0,NA,NA,NA,NA,NA,NA,NA,NA,NA,NA,NA,NA,NA
-0.445661970099958,0,-0.301832115149116,0,1,0,-0.0123507699165091,0,1,1,-1.4436807089868,0,1,0,-1.54249402180494,0,1,0
1.22408179743946,1,1.37171328555052,1,1,1,2.37993571805789,1,0,NA,NA,NA,NA,NA,NA,NA,NA,NA
0.359813827057364,0,-1.53435380291838,0,1,1,-2.27264205093374,0,0,NA,NA,NA,NA,NA,NA,NA,NA,NA
0.400771450594052,0,1.42255860101522,1,1,1,3.2121415212362,1,1,1,2.04369549428915,1,0,NA,NA,NA,NA,NA
0.11068271594512,1,-0.124077901017367,0,1,1,0.854747220847459,1,1,0,2.35469876277443,1,0,NA,NA,NA,NA,NA
-0.555841134754075,0,-0.609097642676658,1,1,0,-0.180695263638647,0,1,0,0.508194228983022,0,1,0,-0.235473555392286,1,0,NA
1.78691313680308,1,1.36854483027526,1,1,1,1.90717612423285,1,0,NA,NA,NA,NA,NA,NA,NA,NA,NA
0.497850478229239,1,1.45755419883327,1,1,0,0.783767209265779,1,1,1,1.32021915991726,1,1,1,3.72387264086771,1,1,1
-1.96661715662964,0,-0.295983139245576,0,1,0,-0.247895595397542,0,1,0,1.53128806538336,1,1,1,1.01524631809471,0,1,1
0.701355901563686,1,0.41358806727398,0,1,0,0.803552993101342,1,1,1,0.722840743762547,1,1,0,-0.839666166609088,0,1,0
-0.472791407727934,1,-0.529342676695521,0,1,0,1.78562816557569,0,1,1,1.31700904904687,1,0,NA,NA,NA,NA,NA
-1.06782370598685,0,1.13263682419216,1,1,0,0.746859845224219,0,1,0,1.20407023041616,1,1,1,2.51244737471009,1,1,1
-0.217974914658295,0,-2.28618140194223,0,1,0,-1.54561006758603,0,1,0,-1.61381950915981,0,1,1,-0.601753639888605,0,1,0
-1.02600444830724,1,0.104657386540557,1,0,NA,NA,NA,NA,NA,NA,NA,NA,NA,NA,NA,NA,NA
-0.72889122929114,1,1.67687410024304,0,0,NA,NA,NA,NA,NA,NA,NA,NA,NA,NA,NA,NA,NA
-0.625039267849257,1,-0.190249978139516,0,1,0,2.79763348740633,0,1,0,1.18690457402559,1,0,NA,NA,NA,NA,NA
-1.68669331074241,0,-1.66803108515668,0,1,0,-1.85416892860691,0,1,0,-1.65265843270424,0,1,0,-0.384231804519266,0,1,0
0.837787044494525,1,1.14139978080446,1,1,0,1.00215901918126,1,0,NA,NA,NA,NA,NA,NA,NA,NA,NA
0.153373117836515,1,-1.04805980775198,0,1,0,-2.48952319791853,0,1,0,-1.24289834754952,0,1,0,-2.57348768362909,0,1,1
-1.13813693701195,0,-1.77315546991047,1,1,0,-1.28571099071667,0,1,0,-2.21566293090887,0,1,0,-2.7744149785241,0,1,0
1.25381492106993,1,0.873963960869528,0,1,0,0.374175489066367,1,0,NA,NA,NA,NA,NA,NA,NA,NA,NA
0.426464221476814,0,-1.49071231898847,0,1,0,-0.967868073772038,1,1,0,-0.365523101007294,0,1,0,0.157386263682456,0,0,NA
-0.295071482992271,1,-0.653596435490982,1,1,1,1.86154633168174,1,1,1,1.04364840979325,0,1,0,-0.0681087975251142,0,0,NA
0.895125661045022,1,0.987270851893289,1,1,1,-0.452829427462208,1,1,0,1.37164587672074,1,1,1,2.19960593900602,0,0,NA
0.878133487533042,0,1.38293994860001,0,0,NA,NA,NA,NA,NA,NA,NA,NA,NA,NA,NA,NA,NA
0.821581081637487,1,1.12528361626696,1,1,0,1.91722838982636,1,0,NA,NA,NA,NA,NA,NA,NA,NA,NA
0.688640254100091,1,1.00657944686831,1,1,1,0.663451137734527,1,1,0,1.39189655155966,1,1,1,1.45971778185989,1,1,1
0.553917653537589,0,0.81255166010508,1,1,1,0.669392775952449,1,1,0,1.42817589023032,1,1,1,2.33311250700947,1,1,0
-0.0619117105767217,0,0.679556211176133,0,1,1,1.62125976888344,1,1,0,2.86085813446677,1,0,NA,NA,NA,NA,NA
-0.305962663739917,0,-1.22955993995971,0,1,0,-1.37307672394442,0,1,0,-0.277490495259767,0,1,0,-1.59259712720937,0,1,0
-0.380471001012383,0,-0.576728954050022,0,1,0,-2.04733951015579,0,1,0,0.330298908724781,0,1,0,0.297355864468612,0,1,0
-0.694706978920513,0,-0.335314833774061,0,1,0,-1.05499045041349,0,1,0,-2.33031714524023,0,1,0,-2.50394225968824,0,1,0
-0.207917278019599,0,-0.404950813583154,0,1,0,0.616167348127494,0,1,0,-0.240641153129893,1,1,0,0.0162756308434983,0,1,0
-1.26539635156826,0,-1.80998032891154,0,1,0,-3.02777240274209,0,1,0,-2.47795681962344,0,1,1,-2.54267823808808,0,1,0
2.16895596533851,1,1.41782645063413,1,1,0,1.30898990846285,1,1,1,3.26105066869158,1,1,1,6.19572727269672,1,0,NA
1.20796199830499,1,1.6027455077063,1,0,NA,NA,NA,NA,NA,NA,NA,NA,NA,NA,NA,NA,NA
-1.12310858320335,0,-0.496698786386117,0,1,0,-0.11395728355776,0,1,0,-0.339119628457979,0,1,0,-2.15658203452711,1,0,NA
-0.402884835299076,0,0.351037357561015,0,1,0,1.4191033834029,0,1,0,0.798699663519511,1,1,0,2.18835848714122,1,1,1
-0.466655353623219,1,-0.42168858067249,1,1,0,0.59403166044853,1,1,1,1.40503694127074,0,1,1,3.99554209413747,1,1,1
0.779965118336318,1,0.832630763458533,1,1,0,0.775131924455828,1,1,1,4.43478876251541,1,1,1,4.86541547321585,1,1,1
-0.0833690664718293,0,0.739361345331159,0,1,0,0.0274627256688355,1,0,NA,NA,NA,NA,NA,NA,NA,NA,NA
0.253318513994755,1,0.730008264261623,1,1,0,0.217108275669642,1,1,0,0.806935930818529,1,1,1,2.34346808872436,1,0,NA
-0.028546755348703,1,0.749844373909482,1,1,0,-0.77432529070604,0,1,0,-0.741421512202519,0,1,0,-0.743707327040228,0,1,0
-0.0428704572913161,1,-1.20355585255178,0,1,0,-0.695570770442382,0,1,0,-0.908453011425663,0,1,0,0.326592358808532,1,1,0
1.36860228401446,0,2.76886196870685,1,1,1,2.06545737160563,1,1,1,4.80552447275852,1,1,1,7.06561137360129,1,0,NA
-0.225770985659268,0,-0.915440631291553,0,1,0,-1.36362686910227,0,1,0,-3.13474752255119,0,1,0,-2.25783709666445,0,1,0
1.51647060442954,1,2.0305028549628,0,1,1,1.95878930344924,1,1,1,2.0388801144865,1,0,NA,NA,NA,NA,NA
-1.54875280423022,0,0.851750503044404,1,1,0,0.453633473600053,0,1,1,0.882120249650791,0,1,0,0.123525569765706,1,1,1
0.584613749636069,1,-0.527993573882344,1,0,NA,NA,NA,NA,NA,NA,NA,NA,NA,NA,NA,NA,NA
0.123854243844614,1,-0.52707533874551,0,1,0,1.37430646617655,1,0,NA,NA,NA,NA,NA,NA,NA,NA,NA
0.215941568743973,1,0.445058545386907,0,1,0,0.168541532699263,0,1,0,2.51402952385524,1,1,1,3.0623665845084,1,1,1
0.379639482759882,1,-0.0530797470643869,0,1,0,0.358373385329074,0,1,0,-2.03975747215836,0,1,0,-0.24778071414197,0,1,0
-0.502323453109302,1,0.1604196340752,0,1,0,0.534949350639248,1,1,1,0.0681053212414308,1,1,1,1.93031410860129,0,1,0
-0.33320738366942,1,0.152813536558975,1,0,NA,NA,NA,NA,NA,NA,NA,NA,NA,NA,NA,NA,NA
-1.01857538310709,0,-1.07918941205213,0,1,0,0.224973533862841,0,1,0,-0.664117590920468,1,1,0,-0.858015343983793,0,1,0
-1.07179122647558,0,-0.864531591337103,1,1,0,-0.559962287093536,0,1,0,0.217892419472294,0,1,0,1.62619780200228,1,1,1
0.303528641404258,1,1.26490445278434,1,0,NA,NA,NA,NA,NA,NA,NA,NA,NA,NA,NA,NA,NA
0.448209778629426,1,1.26664668565105,1,1,0,1.32482088423732,1,0,NA,NA,NA,NA,NA,NA,NA,NA,NA
0.0530042267305041,1,-1.14271365375862,0,1,0,-2.3609038456628,0,0,NA,NA,NA,NA,NA,NA,NA,NA,NA
0.922267467879738,1,2.5377810622751,1,1,1,1.79298566713775,1,0,NA,NA,NA,NA,NA,NA,NA,NA,NA
2.05008468562714,0,2.44026643422782,1,0,NA,NA,NA,NA,NA,NA,NA,NA,NA,NA,NA,NA,NA
-0.491031166056535,0,-0.188475238631737,0,0,NA,NA,NA,NA,NA,NA,NA,NA,NA,NA,NA,NA,NA
-2.30916887564081,0,0.729894734851571,0,1,0,0.552673309210698,0,1,0,-0.0292310683926902,0,1,1,-0.919232659929364,0,1,0
1.00573852446226,1,-0.485210889163867,1,1,1,-0.542514407600961,1,1,0,0.84274446685377,1,0,NA,NA,NA,NA,NA
-0.709200762582393,0,-2.03310203472571,0,1,0,-0.515056377561398,0,1,1,-2.650752973649,0,1,0,-2.0111506729232,0,1,0
-0.688008616467358,0,-2.60970445395209,0,1,0,-3.09063956727473,0,1,0,-1.69604839611607,0,1,0,-4.10169261458482,0,1,0
1.0255713696967,1,0.493523278919755,1,1,1,2.24597299493384,1,1,1,3.24940036508082,1,1,1,4.57031058152475,1,0,NA
-0.284773007051009,1,-0.885575490666834,1,1,0,1.89685883385462,0,1,1,-0.023342958557961,1,0,NA,NA,NA,NA,NA
-1.22071771225454,1,0.618864743507482,0,1,1,0.490974478926631,0,1,1,0.872332840593057,0,1,0,2.60104040661126,1,0,NA
0.18130347974915,0,2.10155755161681,1,1,0,2.66414089861097,1,1,1,3.64915850408275,1,1,1,4.74851437339171,1,0,NA
-0.138891362439045,0,-0.0873012890004509,0,1,0,0.58517195027936,1,1,1,-0.290352376338205,1,1,0,1.74569604438429,0,1,1
0.00576418589988693,0,-0.025945231217439,0,1,1,-0.67241562885532,1,1,0,-0.0259353555889657,0,1,0,0.176613277156482,1,1,0
0.38528040112633,0,0.190330614296062,1,1,0,-0.604602101544935,1,1,1,0.473787808023319,0,1,1,2.43716756766708,1,1,1
-0.370660031792409,1,0.587104645614074,1,1,1,3.01830613274533,1,1,1,4.07562939217817,1,0,NA,NA,NA,NA,NA
0.644376548518833,1,-0.328386858723912,1,1,0,0.271879082623635,1,0,NA,NA,NA,NA,NA,NA,NA,NA,NA
-0.220486561818751,0,0.265724270829934,1,1,0,-0.258251240781318,0,1,0,1.04695514861717,1,1,1,1.67514963483465,1,1,1
0.331781963915697,1,0.270102274587883,0,1,0,1.62369198559939,0,1,0,2.44410636791626,1,1,1,3.71579701406828,1,0,NA
1.09683901314935,1,0.204495549010233,1,1,1,1.45558929820568,1,1,0,3.05887033700776,1,1,1,4.92352394191822,1,0,NA
0.435181490833803,1,1.07193458914426,1,1,1,0.635749536087087,1,0,NA,NA,NA,NA,NA,NA,NA,NA,NA
-0.325931585531227,0,0.302864760958257,0,1,0,-0.891238097934272,0,1,1,-1.12146506421055,0,1,0,-0.406254336142943,0,1,1
1.14880761845109,1,1.98542678044989,1,0,NA,NA,NA,NA,NA,NA,NA,NA,NA,NA,NA,NA,NA
0.993503855962119,1,-0.0340435929790682,0,1,0,1.45490590752823,0,1,0,0.066036238402408,0,1,1,-0.130782232012692,1,1,1
0.54839695950807,1,-0.371072109509433,0,1,0,-1.31980006718215,0,1,0,0.140375853642791,1,1,0,-1.16304061219849,0,0,NA
0.238731735111441,0,1.98084259986971,1,1,1,0.450815397146873,1,1,0,1.51278382356391,0,0,NA,NA,NA,NA,NA
-0.627906076039371,0,-0.274102938637673,1,1,0,1.32644714093703,0,1,1,0.567151156049393,1,1,0,2.6081372820555,1,1,1
1.36065244853001,1,1.72203217483371,1,1,1,2.22465843249513,1,1,1,1.73841512800476,1,0,NA,NA,NA,NA,NA
-0.600259587147127,0,-1.03498807840357,1,1,0,-1.06925771087003,0,1,0,-1.36077453073749,0,1,0,-1.93894739299891,0,1,0
2.18733299301658,0,0.469289349062728,1,1,0,1.51401465885265,1,1,0,2.14983578616982,0,1,1,2.90901014455662,1,0,NA
1.53261062618519,1,1.06010305561755,1,1,0,1.32483018560212,1,1,1,2.5969854911466,1,1,1,4.2534742434079,1,1,1
-0.235700359100477,0,-0.883315569410309,0,1,1,-1.33719062750652,0,1,0,-0.0271135482054774,0,1,0,-1.41125636496638,1,1,0
-1.02642090030678,0,-0.430882705186592,0,1,0,-0.165768279292031,0,1,0,0.935576687900238,1,1,1,-0.0497627458276048,0,1,0
-0.710406563699301,0,0.490121541111994,1,1,0,1.96603174865253,1,1,0,2.13365475701899,1,1,1,2.43269949768628,1,1,1
0.25688370915653,1,1.84896353959534,1,1,0,3.57970214560592,1,0,NA,NA,NA,NA,NA,NA,NA,NA,NA
-0.246691878462374,0,0.508612867527067,1,1,1,0.171087697024422,0,0,NA,NA,NA,NA,NA,NA,NA,NA,NA
-0.347542599397733,0,-0.657944806693404,0,0,NA,NA,NA,NA,NA,NA,NA,NA,NA,NA,NA,NA,NA
-0.951618567265016,0,-1.73907267145945,0,1,0,-1.89429149015301,0,1,0,-1.37966948470906,0,0,NA,NA,NA,NA,NA
-0.0450277248089203,1,0.333914110845475,0,0,NA,NA,NA,NA,NA,NA,NA,NA,NA,NA,NA,NA,NA
-0.784904469457076,0,1.45631172995547,0,1,1,-0.793859856812145,1,1,0,-1.33037963056588,0,1,0,-0.331924624019177,0,1,0
-1.66794193658814,0,-0.780500111528018,0,1,0,-0.295702896230372,0,1,0,0.275135357300958,0,1,0,0.0316942642049546,1,1,1
-0.380226520287762,0,-0.269010422670694,0,1,0,-0.874038744569193,0,1,1,-1.38932894745964,1,1,0,1.34503248002395,0,1,1
0.918996609060766,0,-0.863151825198672,0,1,0,-0.509576106580681,0,1,0,-1.97990911394584,0,1,0,-2.37264966142927,0,1,0
-0.575346962608392,0,-0.147123457227983,0,0,NA,NA,NA,NA,NA,NA,NA,NA,NA,NA,NA,NA,NA
0.607964322225033,0,-1.27373539745614,1,1,1,-0.0616611415269704,0,1,1,0.82664923966334,1,1,1,2.41769329562006,1,1,1
-1.61788270828916,0,-0.0459181473915633,1,1,1,1.75222275767239,0,1,0,-1.5533194438912,0,1,0,0.984058759970681,1,1,1
-0.0555619655245394,1,0.393736613352167,1,1,1,1.16588125594739,1,0,NA,NA,NA,NA,NA,NA,NA,NA,NA
0.519407203943462,0,2.95283597230604,1,0,NA,NA,NA,NA,NA,NA,NA,NA,NA,NA,NA,NA,NA
0.301153362166714,1,0.112656604817925,0,1,0,0.522154032738926,0,1,0,0.765120357349564,0,1,0,0.93402564134606,1,1,1
0.105676194148943,1,0.722287681266476,0,1,0,1.4942227005574,1,1,1,2.08665242347135,1,0,NA,NA,NA,NA,NA
-0.640706008305376,1,3.04485964699109,1,1,1,2.18247174333496,1,1,0,3.70949373937684,1,0,NA,NA,NA,NA,NA
-0.849704346033582,0,-1.4280175432337,0,1,0,-1.10598541690481,0,1,0,-1.22877298981027,0,1,0,-0.101503758764699,0,1,0
-1.02412879060491,1,-0.620968580709701,0,1,0,-1.62540139939293,0,1,0,-1.7772808969458,0,1,0,-1.82787895588933,1,1,0
0.117646597100126,1,-0.390622033875397,1,1,0,2.94799599031442,0,0,NA,NA,NA,NA,NA,NA,NA,NA,NA
-0.947474614184802,1,-0.986203888108087,0,1,0,0.255213491408437,1,1,1,1.17719878314517,1,1,1,1.95238191039806,1,0,NA
-0.490557443700668,0,-0.247554451633847,0,1,0,0.562158191737699,1,1,1,1.92235854639074,1,1,1,2.32782191927105,1,0,NA
-0.256092192198247,0,-0.687256203434586,1,1,0,-0.213525583745014,0,1,0,0.00732936206060514,0,1,0,-0.367508666073026,0,1,0
1.84386200523221,1,1.85776506286463,1,1,1,1.82058688313786,1,1,1,3.06636074282111,1,1,1,1.61649546843216,1,0,NA
-0.651949901695459,0,0.355112168179783,1,1,1,1.33901073637564,1,1,0,1.22371493418969,1,1,0,1.54190148643749,1,1,1
0.235386572284857,0,1.53933690875976,0,0,NA,NA,NA,NA,NA,NA,NA,NA,NA,NA,NA,NA,NA
0.0779608495637108,0,-2.48977206673468,0,1,0,-0.538280031416934,1,1,0,-1.09512012673712,0,1,0,-0.924646453302484,0,1,0
-0.961856634130129,1,-1.23866439233862,0,0,NA,NA,NA,NA,NA,NA,NA,NA,NA,NA,NA,NA,NA
-0.0713080861235987,0,0.724301839234619,1,1,1,1.00530963692914,1,1,1,2.34802930522535,1,0,NA,NA,NA,NA,NA
1.44455085842335,1,4.04281672276414,1,1,1,4.34869357976287,1,0,NA,NA,NA,NA,NA,NA,NA,NA,NA
0.451504053079215,1,-0.872697520006836,1,1,1,1.36247293773739,0,1,1,2.46044359496003,1,1,0,3.89527237365316,1,0,NA
0.0412329219929399,0,-1.11012340786246,0,1,0,-0.441917554952301,0,1,0,0.00958455985605478,0,1,0,-0.926457292013245,0,1,1
-0.422496832339625,0,1.43669086482729,0,0,NA,NA,NA,NA,NA,NA,NA,NA,NA,NA,NA,NA,NA
-2.05324722154052,0,-2.42896335834558,1,1,0,-2.02995277845641,0,1,0,-1.19649812531716,0,1,0,-1.28388607840635,0,1,0
1.13133721341418,0,2.30046636926774,1,1,1,1.69037862824551,1,1,1,1.70557326763403,1,0,NA,NA,NA,NA,NA
-1.46064007092482,0,-2.10834484979984,0,1,0,-2.87736572640918,0,1,0,-2.1956861074571,0,1,0,-3.12279371323365,0,1,0
0.739947510877334,0,-1.57215717768822,0,1,0,0.669128974254137,0,1,0,0.825411598682735,1,1,1,-0.635396187097612,1,1,0
1.90910356921748,1,0.56559187705503,0,1,1,2.54552190494876,1,1,0,4.24664231088139,1,0,NA,NA,NA,NA,NA
-1.4438931609718,0,1.24846668926121,1,1,1,1.10706737588777,1,1,1,0.552366046514241,0,0,NA,NA,NA,NA,NA
0.701784335374711,1,0.82396123244074,0,1,0,-0.657538833365465,1,0,NA,NA,NA,NA,NA,NA,NA,NA,NA
-0.262197489402468,0,-0.0350624491974318,0,1,1,-0.489468644431203,1,0,NA,NA,NA,NA,NA,NA,NA,NA,NA
-1.57214415914549,0,-0.633194938212494,0,1,0,-0.883206834703536,0,1,0,0.226963080776129,0,1,1,1.36059346283358,0,1,1
-1.51466765378175,0,-1.27421560457291,0,1,0,0.120524107545977,0,1,0,-2.41213257528204,0,1,0,-2.35197610177839,0,1,0
-1.60153617357459,0,1.87472700049069,1,1,0,-1.07898031773019,1,1,1,0.273243230100649,0,1,0,1.74743742945909,1,1,0
-0.530906522170303,0,-0.136412293165112,0,1,0,1.89686304007718,1,1,1,2.07443724037964,1,0,NA,NA,NA,NA,NA
-1.4617555849959,0,-0.59823654198091,1,1,1,0.123795215773014,0,1,0,0.91202222600285,1,1,0,2.84628438332132,1,0,NA
0.687916772975828,1,-0.224878134612597,0,1,1,0.0514415246876448,0,1,0,1.03318705846641,0,1,1,2.15051086405065,1,1,1
2.10010894052567,1,0.800074792587743,0,1,0,2.35574676517105,1,1,0,2.39589282114676,1,1,1,5.97949916361482,1,0,NA
-1.28703047603518,0,-1.72497402054653,0,1,0,-1.99777289953641,0,1,0,-1.77261346490072,0,1,0,-3.20003790642723,0,1,0
0.787738847475178,1,-0.230555842437276,0,1,0,0.671060312872292,1,1,0,1.14051750631731,1,1,0,2.62173873066381,1,0,NA
0.76904224100091,1,0.340807928549757,1,1,1,0.822261695302428,1,1,0,3.82299926624207,1,0,NA,NA,NA,NA,NA
0.332202578950118,0,-1.11207883469902,0,1,0,-0.52915052261305,0,1,0,0.00197030468545534,0,1,0,-0.769148585866134,1,1,1
-1.00837660827701,1,-1.16889541121898,0,1,0,-0.629509758856942,0,1,0,-1.26198709377353,0,1,1,-3.9793540235148,0,1,0
-0.119452606630659,1,0.242303828242159,1,1,1,-0.986652777188276,0,1,0,-0.214621814909672,0,1,0,0.177439177662701,0,1,0
-0.280395335170247,0,0.46662105694031,0,1,0,0.859354601641769,1,1,0,1.97633935022865,1,1,1,4.54327384347919,1,0,NA
0.56298953322048,1,2.28206931553758,1,1,0,3.34275706014909,1,1,1,4.72678091170676,1,1,1,5.25345381505393,1,0,NA
-0.372438756103829,0,-0.450785335058443,0,1,1,1.19038709245528,0,1,0,0.406518392455004,1,1,0,0.932059967778893,0,1,0
0.976973386685621,0,2.24027676932656,1,0,NA,NA,NA,NA,NA,NA,NA,NA,NA,NA,NA,NA,NA
-0.374580857767014,1,1.25348470457493,0,1,0,0.288494407916513,0,1,1,1.07358026066019,0,1,0,1.78558517165544,1,0,NA
1.05271146557933,0,2.02957943496159,1,1,0,1.79891847151543,1,1,1,3.44567239984449,1,0,NA,NA,NA,NA,NA
-1.04917700666607,1,1.3154833446532,1,1,0,1.77337739723722,1,1,0,2.98880691831114,1,0,NA,NA,NA,NA,NA
-1.26015524475811,0,-0.451589371383625,0,1,0,0.211736503090944,0,1,0,-1.04924923854468,0,1,1,-0.303391236321493,0,1,0
3.2410399349424,1,0.283944298588618,1,0,NA,NA,NA,NA,NA,NA,NA,NA,NA,NA,NA,NA,NA
-0.416857588160432,0,0.181421197085304,1,1,0,0.0469047270892212,0,1,0,0.341609550572434,0,1,1,0.726298676845064,1,1,1
0.298227591540715,1,-0.203734552330401,0,0,NA,NA,NA,NA,NA,NA,NA,NA,NA,NA,NA,NA,NA
0.636569674033849,1,0.798701268940249,1,1,1,2.50300681130702,1,0,NA,NA,NA,NA,NA,NA,NA,NA,NA
-0.483780625708744,0,1.43451371756787,1,1,1,0.659591155873946,0,1,0,0.39494419697632,1,1,1,2.63882211368466,0,1,1
0.516862044313609,0,0.4622580611354,0,1,1,0.989044791459117,1,1,1,1.58677627691412,0,1,1,1.67632147890796,0,0,NA
0.368964527385086,0,0.541560406195399,1,1,0,0.741853660759158,1,1,0,-0.32667425073716,0,1,0,1.11137316294934,1,1,0
-0.215380507641693,0,0.885017469177529,0,1,1,1.44914931297859,1,1,1,1.87581445222393,1,1,1,1.65822208619436,1,0,NA
0.0652930335253153,1,-1.05998228280568,1,1,1,0.492872996372644,1,1,0,1.6744793232841,1,1,1,0.643955720928516,1,0,NA
-0.034067253738464,0,1.26869591748103,0,1,1,-0.528240068233728,1,1,1,0.588531683486993,0,1,0,1.61310033426814,1,1,1
2.12845189901618,1,1.16204183726972,1,1,0,0.978394325805878,1,1,1,1.40698907614671,1,0,NA,NA,NA,NA,NA
-0.741336096272828,0,-0.736982593104768,0,1,1,-1.55246794145177,0,1,0,-2.10702014441328,0,0,NA,NA,NA,NA,NA
-1.09599626707466,1,-0.745789223206462,0,1,0,-0.53850953442833,0,1,0,-0.329580247951744,0,1,0,-1.9154418622712,0,1,1
0.0377883991710788,1,1.35918743612419,0,1,1,1.20659636352854,1,1,0,1.60860315098411,0,1,0,3.58901775395042,1,1,1
0.310480749443137,1,2.0365495562739,0,1,0,2.18865743536255,1,0,NA,NA,NA,NA,NA,NA,NA,NA,NA
0.436523478910183,0,0.67172042813612,1,0,NA,NA,NA,NA,NA,NA,NA,NA,NA,NA,NA,NA,NA
-0.458365332711106,0,-0.472923438753736,0,1,0,-0.605212420804338,0,1,0,-1.0442799332128,0,1,0,-0.16722494260883,0,1,0
-1.06332613397119,0,0.637515700635997,0,1,0,-1.19854081588505,0,1,0,-1.79218005349149,0,0,NA,NA,NA,NA,NA
1.26318517608949,1,1.00696958437674,1,1,0,2.28939306487665,1,1,1,2.06590029439635,1,0,NA,NA,NA,NA,NA
-0.349650387953555,0,0.231861428127861,0,1,1,1.88525888289675,1,1,1,-0.164928378406316,0,1,0,0.0400408885112352,1,0,NA
-0.865512862653374,0,-0.557231274198307,0,1,1,0.204839332936256,1,1,1,0.420063943637655,0,0,NA,NA,NA,NA,NA
-0.236279568941097,1,0.552699410314078,1,1,0,2.11635037871365,1,1,1,2.58327584552691,0,1,0,4.4641479001454,1,0,NA
-0.197175894348552,1,-0.278910383319879,1,1,0,-0.155601519268928,0,1,1,-0.00431827848645816,0,1,0,-0.200498974395853,0,1,0
1.10992028971364,1,2.85846228541728,1,1,1,1.82982716591578,1,1,0,3.99799280745741,1,0,NA,NA,NA,NA,NA
0.0847372921971965,1,0.0839230866414005,1,1,1,1.09784230231736,1,1,0,1.40219621344684,1,1,1,3.16096853740797,1,1,1
0.754053785184521,0,0.529921222883915,1,1,1,1.82067715990563,0,1,0,2.88966622348091,1,1,1,2.43991323431328,0,1,0
-0.499292017172261,0,0.408327205423012,0,0,NA,NA,NA,NA,NA,NA,NA,NA,NA,NA,NA,NA,NA
0.214445309581601,0,1.99471573339967,0,1,0,2.05061554383334,1,1,0,1.82563480736151,1,1,0,3.38471481383445,1,1,1
-0.324685911490835,0,0.0168061246570785,1,1,1,0.768577212951121,0,1,0,1.18326825890368,0,1,1,0.198312386251247,0,1,0
0.0945835281735714,0,2.39786738091403,1,1,1,3.24076327393146,1,1,1,4.03503057007398,1,0,NA,NA,NA,NA,NA
-0.895363357977542,0,-0.917234124631395,0,1,0,-0.936441086406758,1,1,0,0.286352373082376,0,1,0,-0.361257584334545,0,1,0
-1.31080153332797,0,-0.067093279893501,0,1,0,0.78596923023401,1,1,0,1.83389138523894,0,1,0,1.44303565082378,1,0,NA
1.99721338474797,1,2.23449969151982,1,1,1,2.13285763951717,1,1,1,2.57232592622087,1,1,1,4.69702474408265,1,0,NA
0.600708823672418,1,2.70392128826232,0,1,0,1.04377764137679,1,0,NA,NA,NA,NA,NA,NA,NA,NA,NA
-1.25127136162494,1,-0.319158161661786,0,1,0,1.46463345142007,0,1,1,0.862175197568625,1,0,NA,NA,NA,NA,NA
-0.611165916680421,1,3.00647448455399,1,1,0,1.57763540125566,1,1,0,1.76660118448704,1,1,1,4.64106219613217,1,0,NA
-1.18548008459731,0,-0.203188226003623,0,1,0,0.344632583569213,0,1,1,2.13257728810894,1,1,0,2.14005997041111,1,1,1
2.19881034888372,1,1.35155007853442,1,1,1,1.76780925355228,1,0,NA,NA,NA,NA,NA,NA,NA,NA,NA
1.31241297643351,1,1.56350999306676,1,1,0,1.49402535812844,1,1,0,1.9632650232715,0,1,0,3.63549202575321,1,1,1
-0.265145056696353,1,-1.10384963759035,0,1,0,-1.44387240480524,0,1,0,-1.75005258830798,0,1,0,-2.16353559809709,0,1,0
0.54319405923209,1,0.496596805560548,1,0,NA,NA,NA,NA,NA,NA,NA,NA,NA,NA,NA,NA,NA
-0.41433994791886,1,0.0292567402975208,1,1,1,-0.269331398011102,1,1,1,1.28172647091331,1,1,1,1.87079326157669,1,0,NA
-0.476246894615578,0,0.0185918793818579,1,1,1,1.35176618543481,0,1,0,1.5779513576713,1,1,0,1.9265558394376,0,0,NA
-0.788602837850243,1,1.22296740548519,1,0,NA,NA,NA,NA,NA,NA,NA,NA,NA,NA,NA,NA,NA
-0.594617267459511,0,-0.797278545040777,0,1,1,-0.844682008347355,0,1,0,-2.24974243467845,0,1,0,-3.09050510479499,0,1,0
1.65090746733669,1,1.69746886578667,1,1,1,4.28243132785938,1,1,1,4.5561777763867,1,0,NA,NA,NA,NA,NA
-0.0540281250854405,1,1.5115609492066,0,1,0,1.44528359900876,1,0,NA,NA,NA,NA,NA,NA,NA,NA,NA
0.119245236427584,1,-0.929102017024992,1,1,0,0.273512374726212,1,1,0,1.19720720295774,1,1,0,2.25891933808133,1,1,1
0.243687429599092,1,1.03600457422678,0,1,1,2.90138611624348,1,1,0,3.24788347319052,1,0,NA,NA,NA,NA,NA
1.23247587848534,0,1.29776221375454,1,1,1,1.91026368782367,1,1,1,1.73888217426699,1,1,1,4.06458003099548,1,0,NA
-0.51606383094478,0,0.43012503859776,0,1,0,-0.283830731468017,0,1,0,-0.421554810144363,0,1,1,0.432774106388537,1,1,1
-0.992507150392037,0,-0.301929495363479,0,1,0,-1.30789307859857,1,1,0,0.647283535767263,1,1,1,0.361782545036485,1,1,1
1.67569693240319,1,0.451911962545554,1,1,1,1.23580769664017,0,1,0,2.15762859049015,1,0,NA,NA,NA,NA,NA
-0.441163216905286,0,0.869811622085909,1,1,0,1.35280999533385,0,1,0,2.7818888328673,1,1,1,3.14885494026203,1,0,NA
-0.723065969939874,0,-1.07015952425513,0,1,0,-1.55142909850339,0,1,0,-2.33882295283399,0,1,0,-3.48477089626621,0,1,0
-1.23627311888329,0,-1.13292395986298,0,1,1,-0.797926916094002,0,1,0,-1.59143400071797,1,1,0,-0.124006119276804,1,1,1
-1.2847157223178,0,-1.67294753915722,0,1,0,-0.895981568309599,0,1,0,-1.35036980239806,1,1,0,-3.29122167221736,0,1,0
-0.573973479297987,0,1.11443005606808,0,1,1,2.40973359489734,1,1,0,3.47089422109785,1,1,1,3.93411727158379,1,0,NA
0.617985817166529,1,1.38196102132832,1,1,0,2.97944300423344,1,1,1,3.95406616535324,1,0,NA,NA,NA,NA,NA
1.10984813892972,1,2.09654281061446,1,1,0,1.0833885529523,1,1,1,2.79464767078781,1,1,1,4.12751502553306,1,1,0
0.707588353835588,0,-0.00893360428291186,0,1,0,1.14339061396736,1,1,1,0.90165116429057,1,1,1,2.40598990373971,0,1,1
-0.363657297095253,0,-0.579646610347988,0,1,0,0.861891926724936,0,1,0,0.550794686053218,1,1,1,0.178015261058527,0,1,0
0.0597499373846007,0,2.98500722654318,0,1,1,2.41582401993989,1,1,1,3.16322140607805,1,1,1,3.7220742082807,1,0,NA
-0.70459646368007,0,-1.48010085103174,0,1,0,-2.3138792784586,0,1,0,-3.25625439633381,0,1,0,-3.34477141629483,0,1,0
-0.71721816157401,0,-1.44404889183497,1,1,0,0.0590122516722129,0,1,0,1.12076258885448,0,1,0,1.29268817365619,1,1,1
0.88465049897692,1,2.40219721519445,1,0,NA,NA,NA,NA,NA,NA,NA,NA,NA,NA,NA,NA,NA
-1.01559257860354,0,-1.06385984392261,1,0,NA,NA,NA,NA,NA,NA,NA,NA,NA,NA,NA,NA,NA
1.95529396549246,1,1.98940382981938,1,1,1,1.4416653020243,0,1,1,4.26364516378914,1,0,NA,NA,NA,NA,NA
-0.0903195939658516,0,-0.951317556559584,0,1,1,-0.625249295775787,0,1,0,-0.513511499491785,1,0,NA,NA,NA,NA,NA
0.214538826629216,0,-0.0687724612694647,1,0,NA,NA,NA,NA,NA,NA,NA,NA,NA,NA,NA,NA,NA
-0.738527704739573,0,-2.44548966647568,0,1,0,-1.14246863101712,1,1,0,-1.58441777730237,0,1,0,-1.4067673327642,0,1,0
-0.57438868976327,0,-0.621461787769483,0,1,0,-1.97609460494909,0,1,0,-1.72821683473286,0,1,0,-1.72390946643812,0,1,0
-1.31701613230524,0,-1.56080060938602,0,1,0,-2.4147389302013,0,1,0,-1.4924971463619,0,1,0,-2.39480660910264,0,1,0
-0.182925388372727,0,0.0502438984900878,0,1,0,0.234233377188766,1,1,1,1.50875864629186,0,1,0,1.16267472133678,1,1,1
0.418982404924464,1,0.197860907315208,0,1,0,0.771388751019395,1,1,0,0.954459963276294,0,1,1,1.5222963737978,1,1,1
0.32430434416138,1,0.259530467187809,0,0,NA,NA,NA,NA,NA,NA,NA,NA,NA,NA,NA,NA,NA
-0.781536487054751,0,-1.30441757467588,0,1,0,-0.977519281372006,0,1,0,-1.68453839606661,0,1,0,-2.49773488266245,0,1,0
-0.788621970854002,0,-0.158047662909004,0,1,0,-0.573756178548008,0,1,0,-1.93520760933794,0,1,0,-0.563784590265841,0,1,0
-0.502198718342861,0,0.867936292737798,0,1,1,1.63406773268551,1,1,1,0.203149837647959,1,1,0,1.59475089127553,1,1,1
1.49606066984635,1,2.1975368612511,1,1,0,0.949004427575443,1,1,1,3.20488834857829,1,0,NA,NA,NA,NA,NA
-1.13730362066574,0,-0.290714983872806,1,0,NA,NA,NA,NA,NA,NA,NA,NA,NA,NA,NA,NA,NA
-0.179051594380198,0,1.61896411791836,0,1,0,1.18607001135214,1,1,1,3.36797562260887,1,1,1,1.80517891477725,1,0,NA
1.90236182167893,1,0.921574164536568,1,0,NA,NA,NA,NA,NA,NA,NA,NA,NA,NA,NA,NA,NA
-0.100974885328808,1,0.565919363222943,0,1,0,0.440893139960165,1,1,1,1.69784954313047,1,1,0,1.49371625713844,1,0,NA
-1.35984070382139,1,-0.351779880070615,0,1,0,-0.9700870492937,1,0,NA,NA,NA,NA,NA,NA,NA,NA,NA
-0.664769435274062,0,-0.560398212213064,1,1,1,0.220034673473171,1,1,0,-0.508902667361963,0,1,0,1.04793994707735,1,1,1
0.485459978904878,1,0.0407604610354473,1,1,0,0.727306870719878,0,0,NA,NA,NA,NA,NA,NA,NA,NA,NA
-0.375602871669773,0,0.644969996727991,1,0,NA,NA,NA,NA,NA,NA,NA,NA,NA,NA,NA,NA,NA
-0.561876363549783,1,1.28019743919718,0,1,0,1.73122911970158,0,0,NA,NA,NA,NA,NA,NA,NA,NA,NA
-0.343917234128459,0,0.333017186433256,1,1,0,-1.12223097659985,1,1,1,-1.93642562772795,0,1,0,-0.439010093137958,0,1,0
0.0904966471392212,0,0.258247925071725,0,1,0,-0.605564980542049,0,1,1,1.54973286399566,0,1,1,1.68781227319435,0,1,0
1.59850877114583,1,0.991089831564849,0,1,1,0.892576423463225,1,1,1,1.85168866437625,1,1,1,2.73618951346752,1,0,NA
-0.088565112138884,0,0.795966285732242,1,0,NA,NA,NA,NA,NA,NA,NA,NA,NA,NA,NA,NA,NA
1.08079949615152,1,1.95366315957996,1,1,1,2.98521805329838,1,0,NA,NA,NA,NA,NA,NA,NA,NA,NA
0.630754115650567,1,0.0322143311244216,1,1,1,1.96506086937764,1,0,NA,NA,NA,NA,NA,NA,NA,NA,NA
-0.113639895506141,1,-0.422663235310612,0,1,1,-0.763377506989213,0,1,1,-1.45159945584583,0,1,0,-0.905117732434764,0,1,0
-1.5329020028906,0,0.291927956024836,0,1,0,-0.659714944469452,0,1,1,-0.920123550151946,0,1,0,-0.289938483345723,0,1,0
-0.52111731755252,0,-0.154035704985044,0,0,NA,NA,NA,NA,NA,NA,NA,NA,NA,NA,NA,NA,NA
-0.489870453138474,1,-1.459756128966,0,1,0,-1.937792044329,0,0,NA,NA,NA,NA,NA,NA,NA,NA,NA
0.0471544327615272,1,0.441502859401776,1,1,0,1.61443694541611,1,0,NA,NA,NA,NA,NA,NA,NA,NA,NA
1.30019867766682,1,3.45863825646099,1,1,1,3.96649815831647,1,1,1,3.42328559787598,1,0,NA,NA,NA,NA,NA
2.29307897383109,1,0.471213534748275,1,1,1,2.40377424484291,1,1,1,2.03765852427465,1,0,NA,NA,NA,NA,NA
1.54758105898377,1,-0.454709424686129,1,1,1,3.1669062670223,1,1,1,3.22172195022977,1,1,1,5.66563164820477,1,0,NA
-0.133150964328944,0,-0.555214776017264,1,1,1,1.45517078524704,0,1,1,0.161013603941622,1,1,0,0.0199168586619909,0,1,0
-1.75652739555764,0,-1.14644170979031,0,1,1,-0.635175282797691,0,1,1,-1.20039240223364,0,1,1,-0.687447544122014,0,1,0
-0.388779864071743,0,0.667015185454665,0,1,1,-0.658662096790155,0,1,0,1.25152342166135,1,0,NA,NA,NA,NA,NA
0.0892072230732945,1,-0.937264074975342,1,1,1,-0.772961206821934,1,1,0,1.55970188539017,1,1,1,0.405381461369402,1,0,NA
0.845013004067436,0,-0.132811955974401,0,1,0,0.292349387121702,0,1,0,0.715355345365175,1,1,1,0.652480244811782,0,0,NA
0.962527968484271,1,1.10941329512804,1,0,NA,NA,NA,NA,NA,NA,NA,NA,NA,NA,NA,NA,NA
0.684309429416465,0,0.841351208003692,1,1,0,0.802020290383482,1,1,0,3.04999443309643,1,1,0,4.37958601109027,1,1,1
-1.39527434979947,1,0.485377225035556,1,1,1,3.18025939152489,1,1,1,2.65547297509614,0,1,1,2.43193798012872,1,1,0
0.849643045633355,1,-0.754348665694861,0,1,0,-0.482004763532049,0,1,0,-1.31250539273919,1,0,NA,NA,NA,NA,NA
-0.446557216427222,0,-0.18690919573734,0,1,0,0.0274991516107007,0,1,0,-0.424778874998116,0,1,0,-1.51654650890793,1,0,NA
0.174802700161256,1,0.64074573726894,1,1,1,0.207137244189969,1,1,0,1.63121901240356,1,1,0,3.68175790909936,1,0,NA
0.0745511771737346,0,-0.619277200704655,0,1,0,-0.38888484616116,1,1,0,0.754039994558841,1,1,0,2.18549306378036,1,1,1
0.428166764970505,1,-0.844763492307921,1,1,0,-0.0116958359895617,1,0,NA,NA,NA,NA,NA,NA,NA,NA,NA
0.0246749828261399,0,0.734874167993831,1,1,1,1.62668241261288,1,1,1,0.427060770071779,1,0,NA,NA,NA,NA,NA
-1.66747509758566,0,-1.65268437606139,0,1,0,-0.843812909821506,0,1,0,-3.26710295220208,0,1,0,-2.95023623520333,0,1,0
0.736495964773442,0,2.36402332005762,1,0,NA,NA,NA,NA,NA,NA,NA,NA,NA,NA,NA,NA,NA
0.386026568349676,1,2.01441813918855,0,0,NA,NA,NA,NA,NA,NA,NA,NA,NA,NA,NA,NA,NA
-0.265651625278222,0,-0.347855478213675,0,1,0,-0.974001362087089,1,1,1,0.85435461312224,1,1,1,1.22694533975187,0,0,NA
0.118144511046681,0,-1.02669636795916,0,1,0,-0.245791102507834,0,1,0,0.94897488374407,1,1,0,2.20231009053705,0,1,1
0.134038645368463,1,-1.49428996622362,0,1,1,-0.194837389566978,0,1,0,-0.347983503056196,1,1,0,-1.39872577615347,1,1,0
0.221019468561002,1,1.59193746689747,1,1,1,2.22108148144624,1,1,1,2.4614557603032,1,0,NA,NA,NA,NA,NA
1.64084616597749,1,1.17804271272692,1,1,1,0.977116079193438,1,0,NA,NA,NA,NA,NA,NA,NA,NA,NA
-0.219050378933476,1,1.85720638314442,0,1,1,1.58339632064509,1,0,NA,NA,NA,NA,NA,NA,NA,NA,NA
0.168065383884658,0,2.09929818335421,1,1,1,2.01216593906912,1,1,1,1.2499409438316,1,1,1,5.19743935661924,1,0,NA
1.16838387306909,1,-0.453703761137733,1,1,1,0.935906906148365,0,1,0,0.926851691114531,1,0,NA,NA,NA,NA,NA
1.05418102337692,1,1.43890098109411,1,1,1,-0.577095991524759,1,0,NA,NA,NA,NA,NA,NA,NA,NA,NA
1.14526311038036,1,0.923718601798912,1,1,0,2.89459785042038,1,1,1,2.24373574427911,1,0,NA,NA,NA,NA,NA
-0.577468001059557,1,2.98278790202595,1,0,NA,NA,NA,NA,NA,NA,NA,NA,NA,NA,NA,NA,NA
2.00248273029283,1,3.65786468445233,1,1,1,4.23468713245052,1,0,NA,NA,NA,NA,NA,NA,NA,NA,NA
0.066700870930183,1,0.264747714855185,1,1,1,2.14893276015836,1,0,NA,NA,NA,NA,NA,NA,NA,NA,NA
1.86685184470686,1,0.550370247595005,1,1,1,2.85688180182127,1,1,1,3.87953480780158,1,1,1,4.69431443474292,1,0,NA
-1.35090268603071,0,0.350275354869698,0,1,0,-0.765248826425481,1,1,0,-1.26170789533416,0,1,0,-0.132479997726408,0,1,0
0.0209835863542375,1,-1.0615648780346,0,1,0,0.121143763632434,1,1,1,1.53846775668752,0,1,1,2.90536614227428,1,0,NA
1.24991457096922,1,1.84785979581865,0,1,1,-0.292840777832778,1,1,1,3.01039198522746,1,1,1,3.18967814295836,1,0,NA
-0.715242187222796,0,1.70611485396484,0,0,NA,NA,NA,NA,NA,NA,NA,NA,NA,NA,NA,NA,NA
-0.752688968217742,1,0.452858268305734,0,1,0,0.886798437243338,1,1,1,1.62865269565324,0,1,1,3.21083561867625,1,0,NA
-0.938538703606894,0,-0.661760048261616,0,1,0,0.694200367891693,0,1,0,-0.442927122808371,1,1,0,-0.257103335086261,0,1,1
-1.05251327933874,1,-0.154147185385246,0,1,0,-0.497183261541222,0,1,1,0.963418489054558,1,1,1,0.63030070180483,1,1,0
-0.437159533180399,1,0.658122578757154,1,1,1,1.48680333956472,1,1,1,2.09313058159823,0,0,NA,NA,NA,NA,NA
0.331179172958982,1,0.768600186793344,1,1,0,2.98016115706074,1,0,NA,NA,NA,NA,NA,NA,NA,NA,NA
-2.01421049792072,0,-1.08151333845803,0,1,0,-0.107581289376531,0,1,1,-0.725991673963853,0,1,0,-2.79714312949484,0,1,0
0.211980433372292,1,1.51980435964739,1,1,1,1.16911527612335,0,1,1,2.526179036552,1,0,NA,NA,NA,NA,NA
1.23667504641657,1,1.45535507913321,1,0,NA,NA,NA,NA,NA,NA,NA,NA,NA,NA,NA,NA,NA
2.03757401824044,1,1.75612173123033,1,1,1,2.7211624029611,1,0,NA,NA,NA,NA,NA,NA,NA,NA,NA
1.30117599220059,1,0.322300007721434,1,1,0,0.624865219745323,1,1,1,2.09395852118301,0,0,NA,NA,NA,NA,NA
0.756774763795962,1,2.39845027534437,1,0,NA,NA,NA,NA,NA,NA,NA,NA,NA,NA,NA,NA,NA
-1.72673039911433,1,-0.0920142009328989,0,0,NA,NA,NA,NA,NA,NA,NA,NA,NA,NA,NA,NA,NA
-0.601506708006782,1,1.95112618001804,0,1,0,1.71802418338741,0,1,0,0.874104749072401,1,1,0,2.88958187011275,1,1,1
-0.352046456582617,1,1.54648476619792,1,0,NA,NA,NA,NA,NA,NA,NA,NA,NA,NA,NA,NA,NA
0.703523902756894,1,0.675817802938355,0,1,0,1.62440781028017,0,1,0,3.50447294815778,1,1,1,3.20601215018162,1,0,NA
-0.105671334003774,1,1.69121991845916,1,1,1,1.50581344248452,1,1,1,2.752726362448,1,1,1,4.96437457869438,1,1,1
-1.25864862806017,1,-0.218027321295812,0,1,0,0.275506749477825,1,0,NA,NA,NA,NA,NA,NA,NA,NA,NA
1.68443570809411,1,0.576598560186016,1,0,NA,NA,NA,NA,NA,NA,NA,NA,NA,NA,NA,NA,NA
0.911391291795963,0,1.7687831811246,1,1,0,1.63165364838669,1,1,1,3.07274968899656,1,1,1,2.6359616932011,1,0,NA
0.237430272491026,0,0.716175139309867,1,1,0,0.281218817723932,1,1,0,2.73473341219158,1,1,1,2.54888886640965,1,0,NA
1.21810861032581,1,0.972181518421699,1,1,0,2.28261414579507,1,1,1,1.92325149569791,1,1,1,5.03738069574196,1,0,NA
-1.33877428723497,0,-0.792339581392294,0,1,0,-1.37188777177019,0,1,0,-0.694374349460058,1,1,0,-1.32957038589865,0,1,0
0.6608202977898,1,0.127408067476268,1,1,1,-0.389484370564906,1,0,NA,NA,NA,NA,NA,NA,NA,NA,NA
-0.522912376313422,0,-1.00473558223234,0,1,0,0.027224041835214,0,1,0,1.21157368053697,1,1,1,0.902404676794071,1,0,NA
0.683745521850712,0,-0.781955489167048,1,0,NA,NA,NA,NA,NA,NA,NA,NA,NA,NA,NA,NA,NA
-0.0608219546600742,1,-0.0514898906609998,1,1,1,-0.808243591741874,1,1,0,0.319755616498365,0,1,0,0.712115697960432,1,0,NA
0.632960713031451,0,-0.280194786359817,0,1,1,2.1806244518225,1,1,1,2.5197199837786,1,1,1,3.32183977044461,1,1,1
1.33551761505939,1,1.84448045745469,1,1,1,1.20390531664185,1,0,NA,NA,NA,NA,NA,NA,NA,NA,NA
0.0072900903168988,1,1.01091432159659,0,1,0,-0.829227382420664,1,1,0,0.921501754567485,1,1,0,0.0350335939443052,1,1,1
1.01755863695209,1,1.74474785364452,1,1,1,1.44942889719849,1,1,1,3.86017242702204,0,1,1,3.80085857130669,1,0,NA
-1.18843403514798,1,-0.505388089565572,0,1,0,0.289859179136335,0,1,0,0.658212882905443,1,1,0,0.134919220143568,1,1,1
-0.721604440436015,0,-0.291610646059195,0,1,0,-2.40741126048124,0,1,0,-1.89555519840618,1,1,0,-1.22516601031759,0,1,0
1.51921771138818,1,-0.638703234815287,0,1,1,0.039802852897301,1,1,1,1.61228189645096,1,0,NA,NA,NA,NA,NA
0.377387973023929,1,1.26842056838315,1,1,1,1.26761497968147,1,1,0,2.98815942680415,1,0,NA,NA,NA,NA,NA
-2.05222282043373,0,-0.111274656389414,0,1,0,-0.981466028409061,0,1,0,-3.27808587386874,0,1,0,-1.49043156726189,0,1,0
-1.36403745208238,1,-1.78177360000677,0,1,0,-0.927703417440666,0,1,0,-1.04869464003231,0,1,0,-0.500045586184954,0,1,0
-0.200781015589121,0,0.078133912743753,0,1,0,0.48180609161901,1,1,1,0.38851761163474,1,1,0,2.33547393329658,1,1,1
0.865779404334488,1,-0.570996163892375,1,1,1,1.21566704583343,0,1,1,1.90892676312761,1,0,NA,NA,NA,NA,NA
-0.101883255715222,0,1.25161421790235,1,1,0,0.539681206996934,1,1,0,1.65366161256702,1,1,1,2.27988418322502,1,0,NA
0.624187472020653,0,0.540830156335423,1,1,1,0.838683240388535,1,0,NA,NA,NA,NA,NA,NA,NA,NA,NA
0.959005377787825,0,-0.643479364181728,1,0,NA,NA,NA,NA,NA,NA,NA,NA,NA,NA,NA,NA,NA
1.67105482886294,1,2.36605272597803,1,1,1,1.85400707879358,1,1,1,2.39044760245315,1,1,1,4.34255169098695,1,0,NA
0.0560167332749619,0,0.00835288241654393,0,1,0,-0.720745273406008,1,1,0,-1.42307494124908,0,1,0,-0.72023405458238,0,1,1
-0.051981906180899,1,1.34805594819501,1,1,0,1.63669686298515,1,1,0,2.37855470871047,1,1,1,2.94815555908714,1,1,1
-1.75323735914227,0,-2.39366512855193,0,0,NA,NA,NA,NA,NA,NA,NA,NA,NA,NA,NA,NA,NA
0.0993275940878275,0,-0.0608134465440311,0,1,1,-0.744042988395637,1,1,0,-2.03166342915578,0,1,0,-0.0640399914602641,0,1,0
-0.571850057895563,1,0.376597761539341,1,1,0,0.106724127600601,1,1,1,0.410330466863724,0,1,1,1.42691728998793,1,0,NA
-0.974009582804091,0,-0.28229820018201,0,1,0,0.0493430690000026,0,1,0,-2.78318082713533,0,1,0,-1.85713211662195,0,1,0
-0.17990623104754,0,-0.432970046500275,0,1,1,-0.23883134539953,1,1,1,0.849104313323203,1,1,0,0.681988048856815,1,1,0
1.01494317274366,1,0.380996776922566,1,1,0,1.56573261087453,1,1,1,1.47296538095924,0,1,1,3.02341237148803,1,1,1
-1.99274848868858,0,-0.462891995113742,1,1,0,-1.18439917557492,1,1,0,-1.46210339480124,0,1,0,-1.1448553899736,1,1,0
-0.427279287205429,0,0.139435622601165,0,1,0,1.40535061375229,1,1,0,2.18866220591825,1,0,NA,NA,NA,NA,NA
0.116637283582706,0,0.414241654310072,0,1,1,-1.83769238259696,0,1,0,-0.71475373114153,1,1,1,-2.11579967761751,0,1,0
-0.893207570054953,0,1.82624100925892,1,1,1,0.600911340284084,0,1,1,0.51225694160578,1,1,0,2.04081010528574,0,1,0
0.333902942499225,1,1.49600525893389,0,1,0,1.83124414959947,1,1,1,2.06109533846263,1,0,NA,NA,NA,NA,NA
0.411429920615731,1,1.15715937024222,1,1,1,0.642368155175938,1,1,0,0.765211816845931,1,0,NA,NA,NA,NA,NA
-0.0330361592759917,0,-1.32610362491857,0,1,0,-1.48800441632462,0,1,0,-2.49135526715858,0,1,0,-2.25719331726662,1,1,0
-2.46589819376003,0,-2.99254350044496,0,1,0,-1.35672262160533,0,1,0,-2.32549732406573,0,1,0,-3.21420849815999,0,1,0
2.57145814586664,0,1.67510957634932,1,1,1,2.49524391995592,1,1,1,2.92411767072816,1,0,NA,NA,NA,NA,NA
-0.2052992574682,0,0.819692973926661,1,0,NA,NA,NA,NA,NA,NA,NA,NA,NA,NA,NA,NA,NA
0.65119328158767,1,3.32282290638046,1,1,0,4.01204601121332,1,1,1,3.27973237328616,1,0,NA,NA,NA,NA,NA
0.273766491036548,0,1.47674938627278,1,1,1,1.94179743621313,1,1,1,4.22703172368068,1,0,NA,NA,NA,NA,NA
1.02467323481835,1,1.04786317233233,1,0,NA,NA,NA,NA,NA,NA,NA,NA,NA,NA,NA,NA,NA
0.817659446374088,1,0.743441797459305,1,1,0,0.0438811689735299,0,0,NA,NA,NA,NA,NA,NA,NA,NA,NA
-0.209793171228509,0,0.0915102579943888,1,1,0,0.949516942539881,1,1,1,0.713899347508931,1,0,NA,NA,NA,NA,NA
0.378167772208507,1,0.0221789790875052,0,1,0,0.410210662341457,0,1,1,1.86766298896557,1,1,1,3.77680555609736,1,0,NA
-0.945408831123893,0,-0.402742716983911,0,1,0,0.326612883934384,0,1,0,-0.218356363430676,0,1,0,0.30275283796193,1,1,1
0.856923010899318,1,1.14812097320847,0,1,0,1.21819000783417,0,1,0,2.84591348171515,1,0,NA,NA,NA,NA,NA
-0.461038338884354,0,-1.80121920239995,1,1,0,-0.028705257282314,0,1,1,-0.629057473535648,1,0,NA,NA,NA,NA,NA
2.41677335378821,1,0.66700827398899,1,0,NA,NA,NA,NA,NA,NA,NA,NA,NA,NA,NA,NA,NA
-1.65104889568819,0,-1.01723863735963,1,1,0,0.701007259274359,0,1,0,0.57545547017122,0,1,0,-0.520702908464456,0,0,NA
-0.463987242966015,1,0.416764584138319,0,1,1,-0.461931636882881,1,1,0,0.577619354839954,0,1,1,0.657273245080747,0,1,1
0.825379862759242,1,1.92787678707594,1,1,1,3.35698671685695,1,0,NA,NA,NA,NA,NA,NA,NA,NA,NA
0.510132546878663,1,-0.612107037939426,0,1,0,-1.9172388300624,0,1,0,0.567549109369746,1,1,0,-0.543736395579478,0,1,0
-0.589481038515,0,0.48495524727696,1,1,1,1.81287291288524,1,1,1,3.88666219996916,1,1,1,4.9589397869967,1,0,NA
-0.996780742207522,0,-0.173031633127248,0,1,0,-1.41511203058389,0,1,0,-0.887086283493872,0,1,0,-0.903427798096768,0,1,0
0.144475704710697,1,1.73663640295298,1,1,0,1.56998378441869,0,1,1,2.05478634356463,0,0,NA,NA,NA,NA,NA
-0.0143074131669134,1,0.284823968852095,1,1,0,-0.760946335795031,0,1,1,-0.138487771611336,1,1,0,-0.170721314071584,0,1,0
-1.79028123726406,0,1.13630096105238,0,1,1,0.755222647864584,1,1,1,1.90662011647451,0,0,NA,NA,NA,NA,NA
0.034551067133851,0,-0.711412591184509,0,1,0,1.12556141213328,1,1,1,2.8307470784028,1,1,1,2.41626687331125,1,0,NA
0.190230315692457,0,1.1746568829137,0,1,0,0.105677028469325,1,1,0,1.73782633145255,1,1,0,1.97611717340503,1,1,1
0.174726396981842,0,1.7764550075368,1,1,0,2.062989265852,1,0,NA,NA,NA,NA,NA,NA,NA,NA,NA
-1.05501704260268,1,-1.45656584092132,1,0,NA,NA,NA,NA,NA,NA,NA,NA,NA,NA,NA,NA,NA
0.476133278302629,0,-2.01413588578406,0,1,1,-0.246683663953219,0,1,0,-0.527490356604218,1,1,0,-0.120011377704072,0,1,0
1.37857013695924,1,0.529806010791623,1,1,0,1.23316680261707,1,1,1,2.12771173877551,1,0,NA,NA,NA,NA,NA
0.456236403179813,0,0.56726173279348,1,1,1,1.42855488750401,1,0,NA,NA,NA,NA,NA,NA,NA,NA,NA
-1.13558847037434,1,-0.123948159298175,1,1,1,-1.11930693238648,0,1,0,-2.14845625448462,0,1,0,-1.17308956655861,1,1,0
-0.435645469691905,0,-0.407859337331207,1,1,1,2.33453422098123,0,1,0,2.02009906051925,0,1,0,0.453019868271097,1,1,1
0.346103619553607,0,-1.60477221493309,0,1,0,-0.0323773999342057,0,1,0,-0.109843652977129,1,1,0,0.0908542144821315,1,1,1
-0.647045631318269,1,-2.10598051369007,0,1,0,-0.256240756623042,0,1,0,1.27149036062712,1,1,1,0.279115275128858,1,1,0
-2.15764633501528,0,-2.85981989468849,0,1,0,-0.889933241849837,0,1,0,-2.32432376489377,0,1,0,-2.67996193623706,0,1,0
0.884250820028209,1,-0.366360264590559,1,1,0,0.709244993128157,0,1,0,2.08505368568374,1,1,1,1.27588870715186,1,1,1
-0.829477611624518,0,-1.75049988935379,0,1,1,-3.06017075101796,0,1,0,-0.65973142973348,0,1,0,-0.74195290437643,0,1,0
-0.573560270768283,1,-0.0239575992654911,0,1,0,0.12559915632443,1,0,NA,NA,NA,NA,NA,NA,NA,NA,NA
1.50390060900454,1,0.887765402572207,1,1,1,1.24065734175738,1,1,0,2.21592883343489,1,0,NA,NA,NA,NA,NA
-0.774144929605405,1,-0.100560438867862,1,1,0,-0.544566384128573,1,1,1,0.524294343078993,0,1,1,0.180422246157634,1,0,NA
0.845731540189296,0,1.8184982298439,1,1,0,2.81041216424032,1,1,1,3.5768007560997,1,0,NA,NA,NA,NA,NA
-1.26068287881878,0,0.478314865900182,0,1,0,0.599907201915548,0,1,1,-0.97011768212755,0,1,0,-0.964386254660637,0,1,0
-0.354542403073978,0,-0.467237232439768,0,1,0,-0.555285016608425,0,1,1,-1.05342301990778,0,1,0,-2.46047663638234,0,0,NA
-0.0735560191364783,1,0.824022928343678,1,1,1,0.935324585525161,1,0,NA,NA,NA,NA,NA,NA,NA,NA,NA
-1.16865142442436,0,1.65285671509582,0,0,NA,NA,NA,NA,NA,NA,NA,NA,NA,NA,NA,NA,NA
-0.634748264908909,0,-0.959334723034048,0,1,0,-1.14537742833853,0,1,0,-0.924026462655065,1,1,0,-3.0940651553291,0,1,0
-0.0288415529283144,0,-1.29866527671874,0,1,0,0.704183592697276,0,1,0,1.308595135661,1,1,0,-0.0519697452894599,1,0,NA
0.67069596873393,0,0.284154852627082,1,1,1,1.08866672663383,1,1,1,1.65108549944024,1,1,1,3.04629841036635,1,0,NA
-1.65054654342511,0,0.455737610009066,1,1,0,1.40806748851549,0,0,NA,NA,NA,NA,NA,NA,NA,NA,NA
-0.349754239211268,0,-0.797681444973539,0,1,1,1.33423845756195,0,1,1,1.92523872561993,0,1,1,1.49513419233491,1,0,NA
0.756406438545484,0,2.95955754610649,1,1,1,2.0332095782457,1,1,1,2.58524649706333,1,0,NA,NA,NA,NA,NA
-0.538809159977592,0,-1.37854325381132,0,1,0,-1.39964942164276,0,1,0,-0.99944604922451,0,1,0,-1.51136661720799,1,1,0
0.227291921672942,1,-0.148978583259529,0,1,1,0.975331081528684,0,1,0,0.582204455211907,1,1,0,1.39423567304063,1,1,1
0.492228570064431,1,-0.0769524331188771,1,1,0,1.75073187195449,1,1,1,3.79034488651139,1,1,1,3.66954500610658,0,0,NA
0.267835015331683,0,0.499440732051642,1,1,0,-1.18172164226672,1,1,0,0.573365085104823,0,1,1,0.167694409708652,1,1,0
0.653257679471382,1,-0.452322462578841,0,1,0,-1.11213160275268,1,1,0,-0.429140637483238,0,1,0,-0.283981608512142,0,1,0
-0.12270866097738,0,0.90886738151992,0,1,0,1.34447076895522,1,1,1,3.2092684790209,1,1,1,2.72328563702809,1,1,1
-0.41367651359212,0,-1.56958699778342,0,1,0,-1.75885936272015,0,1,1,-1.16167893667911,0,1,0,-1.72921110812234,0,1,0
-2.64314895202898,0,-3.63945179867977,0,1,0,-2.73218980070727,0,1,0,-3.72130009766401,0,1,0,-5.86024729555171,0,1,0
-0.092941018479472,0,1.92130464909798,1,1,1,2.86186726121542,1,1,1,4.29577515038303,1,1,0,5.18454135951564,1,0,NA
0.430284696359987,1,-0.467475088558004,0,1,0,1.37420309086411,1,1,1,3.49943156459177,1,1,1,3.37444284816366,1,0,NA
0.53539884086815,0,0.174803253566088,1,0,NA,NA,NA,NA,NA,NA,NA,NA,NA,NA,NA,NA,NA
-0.555278351313252,0,-1.35549156493299,0,1,0,0.396121586616684,0,1,1,0.141942243043551,0,1,0,0.433240135882301,1,1,1
1.77950290977515,1,-0.545816334074366,1,1,0,2.1139053100756,0,1,1,2.67985097902159,1,1,0,3.5992633110161,1,1,1
0.286424419628825,1,-0.0195510727148766,1,0,NA,NA,NA,NA,NA,NA,NA,NA,NA,NA,NA,NA,NA
0.126315858458886,0,-0.0517657263489412,0,1,0,0.509367718879666,1,1,0,0.206072484123744,1,1,0,0.887937657963811,1,1,0
1.27226677946852,1,0.377230501329587,1,1,1,1.55130550001967,0,1,1,1.91167013110798,1,0,NA,NA,NA,NA,NA
-0.718466221319259,0,-0.609319579242726,0,1,0,-0.706015065157868,0,1,0,-0.979861140670826,0,1,0,-1.19641622394998,0,1,0
-0.450338623924712,1,-1.59683071091164,1,1,1,1.46416772451255,0,1,1,1.48433289585496,1,1,1,-0.239776752046881,1,1,0
2.39745248004976,1,3.35748770759752,1,1,1,2.64195055771388,1,1,1,5.80133861056545,1,0,NA,NA,NA,NA,NA
0.011129187220888,0,0.00846325585305857,0,1,0,-0.341585546743454,1,1,0,1.48661859816011,0,0,NA,NA,NA,NA,NA
1.63356842140831,1,1.73500376224296,1,1,1,2.52743972728914,1,1,1,4.13604587730296,1,0,NA,NA,NA,NA,NA
-1.43850664491452,0,0.416310694396984,0,1,0,-0.608197265556572,0,1,0,-0.643521418826972,0,1,0,-0.595945148137894,0,1,0
-0.190516802042901,0,-1.4640553798294,0,1,0,-1.54607631360442,0,1,0,-0.761395252310368,0,1,1,-2.12739018708892,0,1,1
0.378423903636832,0,-1.44252507360302,1,1,0,-1.74135918923623,0,1,1,-0.561759190195475,0,1,0,-0.96607756640493,0,0,NA
0.300038545205798,1,1.52876075808839,1,1,0,1.10036323791757,1,1,1,2.41842512540059,1,0,NA,NA,NA,NA,NA
-1.00563625951084,1,0.846949891307635,0,1,0,0.554588821880304,1,1,0,0.733497069127277,0,1,0,2.32381081567926,1,1,1
0.0192592746253708,1,0.166810322339277,0,1,0,1.16692201533456,0,1,1,1.89271578360008,1,1,0,2.76995007338326,1,1,1
-1.07742065311198,0,0.123917753907976,0,1,0,-0.668837095705137,0,1,0,0.528900080226304,0,1,0,-0.241899492687563,1,1,1
0.712703325244282,1,1.36528835442039,1,1,1,1.2853050371405,0,1,0,2.27310215423166,1,1,1,2.09552528160394,1,1,1
1.08477508986065,1,0.56268126256928,0,1,1,0.364504523365083,0,1,0,2.29585766305472,1,0,NA,NA,NA,NA,NA
-2.22498769648741,0,-0.965289942193742,0,1,0,-2.39333454322631,0,1,0,-2.91895230166312,0,1,0,-1.84659404319824,0,1,0
1.23569346230014,1,0.0419800258807901,1,1,0,2.60988868681355,1,1,0,2.09980358654938,1,0,NA,NA,NA,NA,NA
-1.24104449680849,0,-0.871049085916085,0,1,0,-0.418303251319039,0,1,0,-0.13727441223828,0,1,0,-0.805522634357999,0,1,1
0.454769268982633,1,-0.20835797228279,0,1,0,-0.147227642351524,1,1,0,1.61604802908364,1,1,1,1.00370320007641,1,1,0
0.659902638142608,0,0.332190444756661,0,1,0,0.977940518632966,1,1,1,1.21734893700453,1,0,NA,NA,NA,NA,NA
-0.199889828101433,1,0.567939811030682,1,1,1,1.58117640026243,1,1,0,0.592644293689522,1,0,NA,NA,NA,NA,NA
-0.645113956859792,0,-1.2523701536225,0,1,0,-1.14755408115527,1,1,1,-2.23014146701045,0,1,0,-1.49413978049213,0,1,0
0.16532102124205,1,-0.0603555053026363,1,1,1,0.168118474189461,1,1,1,-0.0814481162628762,0,1,1,-1.65521821867169,0,1,0
0.438818700714454,1,1.6654888851598,1,1,1,2.44158139140905,1,1,0,2.82728895999661,1,0,NA,NA,NA,NA,NA
0.883302819948705,1,0.545790479176748,1,1,1,2.04537821741711,1,1,1,1.86479035904877,1,0,NA,NA,NA,NA,NA
-2.05233698390195,0,-1.97171950334629,0,1,0,-3.04388390545396,0,1,0,-4.21439779532863,0,1,0,-6.05690478687747,0,1,0
-1.63637926805902,0,-2.12195348097223,0,1,0,-2.71270244267636,0,1,0,-3.45193367932791,0,1,0,-3.68535545647262,0,1,0
1.43040234118818,1,1.05209550820657,1,0,NA,NA,NA,NA,NA,NA,NA,NA,NA,NA,NA,NA,NA
1.04662884711155,1,2.4295219896121,1,0,NA,NA,NA,NA,NA,NA,NA,NA,NA,NA,NA,NA,NA
0.435288948907682,1,0.233083499896379,0,1,0,-1.79810324122981,1,1,0,1.21393571837809,1,1,0,2.33724147110382,1,1,1
0.71517840711106,0,1.06611463144547,1,1,1,0.542997673737938,1,0,NA,NA,NA,NA,NA,NA,NA,NA,NA
0.917174917641003,0,1.42421733392903,1,1,0,1.63901986946528,1,1,0,2.00456720999143,1,1,1,5.00628319262419,1,0,NA
-2.66092279846568,0,-1.55101904454689,0,1,0,-1.83453061975512,0,1,0,-2.5353332438199,0,1,0,-4.11181033184315,0,1,0
1.11027709663882,1,3.11309017463805,1,1,1,3.60725474090695,1,0,NA,NA,NA,NA,NA,NA,NA,NA,NA
-0.484987596562325,0,0.00347525302340554,0,1,1,-0.665903032143358,1,1,0,1.45989026116398,0,1,1,1.20391814008259,1,1,1
0.230616830631202,0,0.0692830534329109,0,1,0,0.147044120152298,0,1,1,0.967143343165013,0,1,0,3.37770075520115,1,0,NA
-0.295157800883577,1,1.37640515338605,1,1,1,1.80008656278691,1,1,1,3.07917946258761,1,1,1,6.01643356523182,1,0,NA
0.871964954078744,1,0.608917406882672,0,1,0,1.79833294506797,0,0,NA,NA,NA,NA,NA,NA,NA,NA,NA
-0.348472448955611,1,0.489837907666281,1,1,0,1.92147189402238,0,1,1,3.92554081503988,0,1,1,4.71429672980109,1,0,NA
0.518503765888248,1,-1.06487364468331,0,1,0,-0.457256869463063,0,1,0,-0.62559602984358,0,0,NA,NA,NA,NA,NA
-0.390684978638979,0,-0.076813019367995,0,1,0,-0.503573055449516,0,1,0,-1.17975971792356,0,1,1,-0.0782856458712977,0,1,0
-1.09278720910151,0,-0.761933755378377,0,1,0,-2.22223782220503,0,1,0,-0.972772742885979,0,1,0,-2.41698551111828,0,1,0
1.21001051044026,1,2.1918563966678,1,1,1,1.63788689942813,1,1,1,4.11411470477547,1,0,NA,NA,NA,NA,NA
0.740900011274274,1,0.438298293862215,1,1,0,0.648572957416332,1,1,1,2.4972694867306,1,1,1,4.62420698315752,1,1,1
1.72426223915645,1,2.64594052465706,1,1,0,2.75741498530848,1,1,1,5.10434474535014,1,0,NA,NA,NA,NA,NA
0.0651539325793032,0,1.06653454057471,0,1,0,-1.23820151494825,0,1,0,0.0339695998440974,0,1,0,-1.46107545640536,0,1,0
1.12500274582817,0,1.11589119015271,1,0,NA,NA,NA,NA,NA,NA,NA,NA,NA,NA,NA,NA,NA
1.97541905401908,1,1.79552025293133,1,1,1,2.50498977037537,1,1,0,4.84497774458848,1,1,1,6.2943613674537,1,0,NA
-0.281482115038967,0,0.681194187186962,1,0,NA,NA,NA,NA,NA,NA,NA,NA,NA,NA,NA,NA,NA
-1.32295111275522,0,0.165648801414128,1,1,0,0.296692532411235,1,1,0,-0.0381822916445498,0,1,0,1.01172191248757,0,1,1
-0.239351567138116,1,0.973254976580027,1,1,0,0.29945689387569,0,1,0,0.443925578213921,0,0,NA,NA,NA,NA,NA
-0.214041239985383,1,-0.418131281377513,1,1,0,0.873353151418166,0,1,0,1.35710317992861,1,1,1,2.27251089263357,1,0,NA
0.15168050450932,0,-0.0766474859056139,1,1,1,-0.925091167767129,0,1,0,0.0108273352910082,0,1,0,-1.02243102661995,1,1,0
1.71230497731928,1,1.4888032091977,1,0,NA,NA,NA,NA,NA,NA,NA,NA,NA,NA,NA,NA,NA
-0.326143892505348,0,-0.176735746492143,0,1,0,0.0597336833030008,0,1,0,-1.58821681705955,0,1,0,-1.2741790749915,0,1,0
0.373004655804915,1,0.985780720698461,1,1,0,2.73398540360803,1,1,0,2.1059639826013,1,0,NA,NA,NA,NA,NA
-0.227684064895531,1,-0.374226582929117,0,1,1,0.420628089394515,0,1,0,1.04889453316317,1,0,NA,NA,NA,NA,NA
0.0204507085250325,1,-0.420834721172545,0,1,0,0.30624662841479,1,1,1,1.53283314513688,0,0,NA,NA,NA,NA,NA
0.314057663506262,1,-0.3683168682961,0,1,0,-0.512094078760493,0,0,NA,NA,NA,NA,NA,NA,NA,NA,NA
1.32821469603699,1,-0.037945848355374,1,1,1,2.23877524749462,1,1,1,4.30263580272395,1,1,1,3.89502432878911,1,0,NA
0.121318377490778,1,-0.224205277563852,0,1,0,0.34625539760999,1,1,0,0.965736781272622,0,1,0,0.277506215989584,0,1,0
0.712842320031113,1,1.03721568899037,0,1,0,2.44446430296828,1,1,1,3.86714435654088,1,1,1,5.73676839902862,1,0,NA
0.778860029783535,1,1.22821130480685,1,1,0,1.65703021263472,1,0,NA,NA,NA,NA,NA,NA,NA,NA,NA
0.914773270855634,0,1.9458160324361,1,1,1,2.55320976457835,1,0,NA,NA,NA,NA,NA,NA,NA,NA,NA
-0.574394552184383,0,1.92751763301564,0,1,1,1.72860927753849,1,1,1,0.2559291929666,0,1,1,1.93987886648708,0,1,1
1.62688121419468,1,-0.304158468205838,1,1,0,1.73728043733017,1,0,NA,NA,NA,NA,NA,NA,NA,NA,NA
-0.380956739294013,0,-0.198183701682052,0,1,0,-0.838645009392425,1,1,0,-0.085000378350292,0,1,0,0.802618614799436,1,1,0
-0.105784167649752,0,0.365363867227448,1,1,1,1.35471627311223,1,1,0,3.85754730477336,1,1,0,3.68513446563321,1,1,1
1.40405026771417,0,3.01466859461432,1,1,1,4.68580675786986,1,0,NA,NA,NA,NA,NA,NA,NA,NA,NA
1.29408390614558,0,-0.167465548852398,1,1,0,1.29851429832906,1,1,1,-0.18536123895847,1,0,NA,NA,NA,NA,NA
-1.08999187241124,0,0.07931507769747,0,1,0,0.389825127027944,0,1,0,0.474574156715839,0,1,0,0.907762463547014,1,1,0
-0.873071000417463,0,-0.62977229611546,0,1,0,-0.184394665462224,0,1,0,-0.615924600034866,0,1,0,0.0887784137333355,1,1,0
-1.35807905937061,1,-0.779103785375957,0,1,0,-2.74621867808751,0,1,0,-0.236372455766436,0,1,0,0.683685731523782,0,1,0
0.181847192619832,0,0.646531553613224,1,1,1,1.90294186154996,0,1,0,2.53737410490054,1,1,0,4.09311360040277,1,0,NA
0.164840867918466,1,2.01032001280743,1,1,1,3.02306728819239,1,1,1,4.24647870123266,1,1,1,5.63816533094471,1,0,NA
0.364114687355063,0,0.525034038154496,1,1,1,2.12573957982436,1,1,1,4.17918190040399,1,1,1,4.39896876019606,1,0,NA
0.552157714218558,1,-0.406958755932046,1,1,0,0.0768950009414585,0,1,0,-1.22815590068473,0,1,0,-0.729570403845069,0,1,0
-0.601892845985016,0,-0.495253408303033,1,1,0,1.06299809985437,0,1,0,1.92983900398496,1,1,1,2.60942860004527,1,1,0
-0.993698591098714,0,0.968011472975656,1,1,1,0.332539610973336,1,1,1,-0.744368147983646,1,1,0,1.40436754188395,1,0,NA
1.0267850560749,1,0.964041951879227,0,1,1,1.23997729555557,1,1,1,1.29259304357187,1,0,NA,NA,NA,NA,NA
0.751061302606323,1,0.556922235262452,1,1,1,0.0196562646281713,1,1,0,1.72097568429172,0,0,NA,NA,NA,NA,NA
-1.5091665373287,0,-1.00934502848498,0,1,0,0.753772554433744,0,1,1,0.462043746947513,1,1,0,0.520179136379175,0,0,NA
-0.0951474508492868,1,-0.0533281518563664,0,1,0,-0.181143529528932,1,1,0,0.710664126467173,1,1,0,1.64277863841527,0,1,0
-0.895947822756499,0,0.398448411345744,1,1,0,1.13499591278365,0,1,1,1.49871223789227,1,1,1,2.16383655496644,1,1,0
-2.07075107054196,0,-0.452642705978514,1,1,1,-1.67045203081094,1,1,0,-0.082047559457084,0,1,0,-1.77195465197918,0,1,0
0.150120131188143,1,0.714678620708488,1,0,NA,NA,NA,NA,NA,NA,NA,NA,NA,NA,NA,NA,NA
-0.0792117092585882,1,-0.751926735711618,0,1,0,-0.449174470775211,0,1,1,-2.04497826596052,0,1,0,-2.22985033206251,0,1,0
-0.097369267513081,1,1.55583339777782,1,1,1,1.06095395900729,1,1,0,2.76374991733884,1,0,NA,NA,NA,NA,NA
0.216152541801233,1,0.81695501130677,1,1,1,1.38214129201897,0,0,NA,NA,NA,NA,NA,NA,NA,NA,NA
0.882465164396587,1,0.961243202455209,1,1,1,2.03059797084155,1,1,1,2.20144489172706,1,1,1,5.30739256243745,1,1,1
0.205597504483387,0,0.862238896871001,0,1,0,0.211042641974853,0,1,0,2.29498184318723,1,1,1,1.3083077288115,0,1,1
-0.616435842873528,1,0.277276544711321,1,0,NA,NA,NA,NA,NA,NA,NA,NA,NA,NA,NA,NA,NA
-0.734799251921281,0,0.302871544202078,0,0,NA,NA,NA,NA,NA,NA,NA,NA,NA,NA,NA,NA,NA
-0.131802793041181,0,1.20009222045617,0,1,0,0.852824277786781,1,1,1,1.0354642820634,1,1,0,1.45117694147049,0,0,NA
0.310016986578952,1,-1.59818417181526,0,1,0,0.273400736693387,0,1,0,-1.36650344936304,0,1,0,-1.06140452163782,1,1,1
-1.03968035270204,0,0.00712035371030753,0,1,0,0.328172488570614,1,0,NA,NA,NA,NA,NA,NA,NA,NA,NA
-0.184308868842384,1,0.167771741630152,1,1,0,0.141624762825024,1,1,0,0.60132816791965,1,1,0,1.83020672278898,1,0,NA
0.967267260167914,1,1.73436807415691,1,1,0,2.7530569093142,1,0,NA,NA,NA,NA,NA,NA,NA,NA,NA
-0.108280091234486,0,0.480826500572855,1,1,1,2.30348415339936,1,1,1,1.02590410273921,1,0,NA,NA,NA,NA,NA
-0.69842066759439,0,-0.242510212288195,0,1,0,-0.351516806645566,0,1,0,1.59899101646757,0,1,0,2.10218644233004,1,1,1
-0.27594516842554,1,0.78091868574394,1,1,1,1.50580930638631,1,1,0,0.959032012483829,0,1,0,1.6998743204187,1,0,NA
1.11464854536198,1,0.756052951227662,1,1,0,0.99277416680243,1,1,1,0.664120190108173,1,1,0,2.26741491772836,1,0,NA
0.550043961214136,0,3.58140203614346,1,0,NA,NA,NA,NA,NA,NA,NA,NA,NA,NA,NA,NA,NA
1.23667580008161,0,-0.477263306362633,1,1,0,0.858029724640989,1,1,1,1.37047654457976,1,0,NA,NA,NA,NA,NA
0.139097857161771,1,-0.999320815716087,1,1,0,-0.120200773824081,0,1,1,-0.569481903986735,1,1,0,-0.1009793087361,0,1,0
0.410275096490425,1,0.998196789265527,1,1,1,2.60215987194093,1,1,1,3.46739696323291,1,0,NA,NA,NA,NA,NA
-0.558456912348133,0,-0.865440889300519,0,1,0,-0.947562684991845,1,1,0,-3.4838231534979,0,1,0,-4.49764668612579,0,1,0
0.605370668930333,0,0.402878604361691,0,0,NA,NA,NA,NA,NA,NA,NA,NA,NA,NA,NA,NA,NA
-0.506333542189239,0,-1.56209417545144,0,1,0,0.258200256881283,0,1,1,0.351769347613958,0,1,1,-0.290688295304544,0,1,0
-1.42056550469574,0,-0.619658973296418,0,1,0,-0.563679826921074,0,1,0,-0.744123584624408,1,1,0,-0.632866627283739,0,1,0
0.127992965684126,1,0.226862705377075,1,0,NA,NA,NA,NA,NA,NA,NA,NA,NA,NA,NA,NA,NA
1.94585121773144,1,-0.346227873062652,1,1,0,1.91490029478279,1,1,1,2.72785579381703,1,1,1,6.3235381265638,1,0,NA
0.800914339573062,0,0.41417980051747,0,1,0,1.02962075399346,0,1,0,1.2477155577373,1,1,0,2.52045262482606,1,0,NA
1.16525338994626,1,-0.967059757027464,0,1,0,-0.281977054212809,1,1,1,1.22753427404929,0,1,0,1.73221046263439,1,1,1
0.358855723093152,1,0.692620206190657,0,1,1,0.712050551445055,1,1,1,1.3433958890387,0,1,1,1.25605860732695,1,0,NA
-0.608557178316224,0,-0.406871024594648,0,1,0,0.68243115469567,0,1,0,0.0982727587357484,1,1,1,-1.01258938638991,0,1,1
-0.202240855110284,0,-1.65020634742805,0,1,1,-0.183155139151298,0,1,0,-0.519827660460913,0,1,0,-1.42433735450106,0,1,0
-0.273248106811925,0,1.23749154990399,0,1,1,1.09015675555051,1,1,0,1.04773501746328,1,1,0,2.36696196879196,0,0,NA
-0.468699779782087,1,0.426266676531612,0,1,0,0.377391902438721,1,1,1,-1.51310736774417,1,0,NA,NA,NA,NA,NA
0.704167283929716,1,0.411463753777173,1,1,1,0.952279133110406,1,1,0,0.7261076086101,1,1,1,3.21798578440675,1,1,0
-1.19736350236541,1,0.15628020592519,0,1,0,1.18235002177514,0,0,NA,NA,NA,NA,NA,NA,NA,NA,NA
0.866366132112773,0,0.725525754228495,0,1,0,1.20870193076104,0,1,0,0.503946392535306,1,1,1,0.8715813507932,1,1,1
0.864152486225893,1,-0.330853525963784,1,1,1,1.40102273497734,1,0,NA,NA,NA,NA,NA,NA,NA,NA,NA
-1.19862235906875,1,1.40309218035953,0,1,0,-0.250918309070971,0,1,0,0.0229332996600457,1,1,0,2.66045984030796,1,1,1
0.639491997900534,1,1.29903676522012,1,1,1,0.930360106459082,1,0,NA,NA,NA,NA,NA,NA,NA,NA,NA
2.43022665234451,1,-0.261764322729025,0,1,1,1.02255499070202,0,1,1,1.07596811270587,1,1,1,3.06211398671255,0,0,NA
-0.557215481941608,1,0.200985763790772,0,1,0,0.247001132647275,1,1,1,-1.0109859156511,0,1,1,1.07404946055907,0,1,1
0.844904241408072,1,1.07802178917642,1,1,1,1.77823130111906,0,1,0,1.72144364466632,0,1,1,1.7679698851645,1,1,1
-0.782201845619403,1,-0.444297237273625,0,1,0,0.113017120267803,0,1,0,-0.0413160093249866,0,1,1,0.430332650012431,0,1,1
1.1107114182028,0,0.879041348984911,0,1,1,2.04075857745482,1,1,0,0.722762142828737,1,1,0,2.27591881596572,1,1,1
0.249824719926562,0,2.8490944048087,1,0,NA,NA,NA,NA,NA,NA,NA,NA,NA,NA,NA,NA,NA
1.65191539162316,1,2.43950183443266,1,1,0,3.81204076997489,1,1,1,2.52987278491097,1,0,NA,NA,NA,NA,NA
-1.45897072853692,0,1.81488099221106,0,1,1,0.859568666367113,0,1,0,0.982198125089424,1,1,0,1.41930259227391,1,1,0
-0.0512978861253612,1,2.37907849961458,1,1,1,2.05827193755567,1,0,NA,NA,NA,NA,NA,NA,NA,NA,NA
-0.526925176125598,0,-0.60232263539054,0,1,1,-1.35011498545976,0,1,0,-2.58262480479904,1,1,0,-2.11630001718452,0,1,0
-0.197264869076299,1,0.91599248124967,1,1,0,1.28512437800471,1,1,1,1.08284585901316,0,1,0,4.16612070217971,1,0,NA
-0.629578742686005,0,-1.30789258269258,0,1,1,-1.81996282446012,0,1,0,-1.01230475314353,0,1,0,-0.833453387228732,0,1,1
-0.833843580535001,0,-0.417832377053605,0,1,0,1.30833949255559,0,1,0,1.32270767965954,0,1,0,-0.365280084681469,1,1,0
0.57872237461645,1,0.167720008950156,0,1,0,-2.04016408572977,0,1,1,0.074744024342442,0,1,0,0.677230890452662,1,1,0
-1.08758071407693,0,-0.274158720161531,0,1,1,-2.65194409532112,0,1,0,-2.94231892504733,0,1,0,-2.8311755107638,0,1,0
1.48403093155628,1,0.528070663969785,1,1,1,1.02949160129178,1,0,NA,NA,NA,NA,NA,NA,NA,NA,NA
-1.18620658531375,0,-0.907224132222834,0,1,1,-0.841451711579012,0,1,0,0.313878792955479,0,1,0,-0.699391683780772,1,1,0
0.10107915139528,1,0.0682280167909725,0,1,0,-1.58702581855509,0,1,0,-0.249468250938223,0,1,0,-1.45314038136523,0,1,0
0.532989286826481,0,1.23366925618116,1,1,0,1.22646608662647,1,1,0,1.25937818889118,0,1,0,2.02741541186598,0,1,0
0.586735339092625,1,-0.883445731355636,0,1,1,-1.27341036548432,1,1,1,-0.306147570797222,0,1,0,0.156687834502692,0,1,1
-0.30174666386638,0,-1.51810465760196,0,1,1,-1.13551469023198,1,1,1,-0.940086512901624,0,1,0,-0.766436699550145,0,1,0
0.079501995328401,1,-0.954286341336908,1,1,1,0.412302965102344,0,1,0,0.742408591883728,1,0,NA,NA,NA,NA,NA
0.961264151809677,1,-1.032048448532,0,1,0,1.49781094019744,1,1,1,2.26807667304585,1,0,NA,NA,NA,NA,NA
-1.45646591707643,0,-0.439087166917047,0,0,NA,NA,NA,NA,NA,NA,NA,NA,NA,NA,NA,NA,NA
-0.781739711532082,0,0.748687596592981,1,1,0,-0.780782652025833,0,1,0,-2.01984034129777,0,1,0,-1.60816967921053,0,1,0
0.32040231431661,0,0.726686005228234,1,1,1,1.59132150996158,1,1,1,1.97183547811315,0,1,1,3.52674689239026,1,0,NA
-0.444781978336992,0,0.0531290986110848,1,1,0,0.813237188563881,1,1,0,1.85013746615864,0,1,0,1.6181026058153,1,1,1
1.370003993971,1,2.06335265617496,0,1,1,2.3842727087729,1,0,NA,NA,NA,NA,NA,NA,NA,NA,NA
0.673253863354836,0,0.147085112186533,1,1,1,0.818257674501281,1,1,1,-0.205024555711722,1,0,NA,NA,NA,NA,NA
0.0721667524147558,1,1.63979433187115,1,1,1,2.13069412582279,1,1,1,1.98139426631757,1,0,NA,NA,NA,NA,NA
-1.50775731753668,0,-0.220147710205084,0,1,1,-1.14144966091328,0,1,0,-0.880910073595147,1,1,1,0.263732288205926,0,1,0
0.0261002253262418,1,-1.40467217362995,1,1,1,-0.696355123094172,0,0,NA,NA,NA,NA,NA,NA,NA,NA,NA
-0.316415868196993,0,0.5039288641147,1,1,0,0.346753603037936,0,1,1,0.0284964307450445,1,1,1,1.1312404542708,0,1,0
-0.102346513520598,0,0.0510718199093464,1,1,1,0.741191140011432,1,1,1,1.00120523383881,0,1,1,2.95429677225201,1,0,NA
-1.18155922705569,0,-1.1754752725798,0,1,0,-1.03316536977602,0,1,0,-3.21761124978261,0,1,0,-1.92307549784103,0,1,0
0.498658043829925,1,1.05176922156381,1,1,0,0.671927810449024,1,1,0,1.31075883281061,1,0,NA,NA,NA,NA,NA
-1.03895644030703,0,0.0696915916405001,0,1,0,0.87899148838992,0,1,0,0.120695834235851,0,1,0,-0.595124079387394,0,1,0
-0.22622198144241,1,0.932566982727545,1,1,1,2.1741963315863,1,0,NA,NA,NA,NA,NA,NA,NA,NA,NA
0.381425829451352,0,1.58145286042937,0,1,0,2.87978033504106,1,1,1,4.44398851172347,1,0,NA,NA,NA,NA,NA
-0.783515789013048,0,0.481831986270186,0,1,0,0.817725475701129,1,1,0,1.04876017708792,1,0,NA,NA,NA,NA,NA
0.582991405680064,1,-0.670879058125146,1,1,0,1.55494693089002,0,1,0,1.36438620008502,1,1,1,2.81261382646295,0,0,NA
-1.31651040165169,0,-0.494151512486929,0,1,0,0.969485947765398,0,1,0,-0.00643125503007705,1,1,0,0.540764481075244,0,1,0
-2.80977467896054,0,-1.67738969628583,0,1,0,-3.55862138574415,0,1,0,-3.4835364117221,0,1,0,-3.31625388185601,0,1,0
0.464967990785852,1,-0.619825312292639,1,1,0,-0.0799028343858077,0,1,0,-1.55693131259512,0,1,0,-0.103966008193804,0,0,NA
0.840539826961,0,0.668664688248858,0,1,0,-0.542471970264495,0,1,0,-0.271856680428008,0,1,1,0.414680098363988,1,1,0
-0.285845423591384,0,-0.649149881814581,0,0,NA,NA,NA,NA,NA,NA,NA,NA,NA,NA,NA,NA,NA
0.504126254591608,0,0.139426541457874,1,1,1,-0.929847695562501,1,1,0,0.686100926339187,0,1,0,1.45557144083799,1,1,1
-1.15591652508367,0,-1.30292090128708,0,1,0,-2.4198487328287,0,1,0,-1.08197862710144,0,0,NA,NA,NA,NA,NA
-0.127148606825662,0,-0.73770557555385,0,1,0,-0.65241916028517,0,1,0,-2.25931068086332,0,1,0,-1.24596578069782,0,1,0
-1.94151837604062,1,-2.26924027242465,0,1,0,-1.51862584154005,0,1,0,-1.09587987954796,0,1,0,-0.921631071351618,0,1,0
1.18118089143852,1,-1.02606191259327,1,1,1,1.23667035894544,0,1,0,2.42729133955893,1,1,1,5.57546651810731,1,0,NA
1.85991086154316,1,2.6979986517792,1,1,1,2.59286218642839,1,1,1,3.57092119214938,1,0,NA,NA,NA,NA,NA
1.07401226028199,1,0.470988019684596,1,1,1,2.54778470939916,1,1,1,4.22783043680424,1,1,1,4.99190670323563,1,0,NA
-0.0273469664137418,1,0.472940411740022,1,1,1,-1.47052003705046,1,0,NA,NA,NA,NA,NA,NA,NA,NA,NA
-0.0333303422759193,0,2.01823243770499,1,1,0,2.5716006283943,1,1,1,2.11426357364223,1,1,1,2.24898736989351,1,0,NA
-1.5160676231511,0,-1.7916731613128,0,1,1,-1.90063414554029,0,1,0,-2.49985688524949,0,1,0,-1.28956576176002,0,1,0
0.790385343888228,0,1.97326977121148,1,1,1,0.937595012761135,1,0,NA,NA,NA,NA,NA,NA,NA,NA,NA
-0.210734180691776,0,0.426829878918434,0,1,0,-1.36255676602962,1,0,NA,NA,NA,NA,NA,NA,NA,NA,NA
-0.656742925361075,0,-1.00450279347627,0,1,0,0.76981611598148,0,1,0,-0.61361679621567,1,1,0,-1.55826481950262,1,1,1
-1.41202579265831,0,0.706112720846103,0,1,0,-0.504361685804956,1,1,0,1.65907877852453,0,1,1,0.323357284654901,0,1,0
-0.299762496646272,0,-0.533208131704763,1,1,0,0.280529676231926,1,1,0,0.615279709648941,1,1,0,-2.11111245308434,0,1,1
-0.849061135016708,1,-0.613990812169377,0,1,1,0.47468294692866,1,1,0,0.526925686061048,1,1,1,1.76496689415391,1,0,NA
-0.397030520327837,1,-0.291843842447706,1,1,0,0.358768230538883,1,1,1,2.5665167276913,1,1,1,1.69843070633709,1,1,0
-1.2175999877636,0,-1.06586734175788,0,1,0,-0.933746521930999,0,1,0,-1.22270828464467,1,1,0,-0.0134492557445474,1,1,0
1.6875894829457,1,-0.105329333443601,1,1,0,1.91610439565749,0,1,0,1.63179933718722,1,1,1,4.19709629379076,1,1,1
-0.0160025272079689,0,-0.155842317073635,0,1,1,-0.137486541854709,0,1,0,0.763877575424578,1,0,NA,NA,NA,NA,NA
1.07494507727239,0,1.28320786856617,1,1,1,2.65161246202961,0,1,1,1.46499691876425,1,0,NA,NA,NA,NA,NA
-2.60169967025765,0,-2.84419328071041,0,0,NA,NA,NA,NA,NA,NA,NA,NA,NA,NA,NA,NA,NA
-0.453197829994837,1,-0.00705478480297972,0,1,1,-0.558320666332134,0,1,0,0.876449070843824,1,0,NA,NA,NA,NA,NA
-0.675482291592071,0,-0.148757377093698,0,0,NA,NA,NA,NA,NA,NA,NA,NA,NA,NA,NA,NA,NA
-1.22292617936591,0,-1.3793012164276,0,1,0,-0.99641049435763,0,1,0,-1.134288513181,0,1,0,-3.5835429734453,0,1,0
1.5466091542241,0,0.261222893639962,1,1,1,2.64024648770924,1,0,NA,NA,NA,NA,NA,NA,NA,NA,NA
-1.41528191976949,1,-1.04990751506134,0,1,0,0.0816782739231875,1,1,1,0.0874838384604641,0,1,0,1.04146106174083,1,1,0
0.318390260408025,0,0.291067133543675,0,1,0,-0.124275982128293,1,0,NA,NA,NA,NA,NA,NA,NA,NA,NA
0.846436285579692,1,2.1081699382077,1,1,0,4.51254118454559,1,1,1,3.90673324129858,1,0,NA,NA,NA,NA,NA
0.178190188418023,0,0.248427115906635,0,1,1,-1.12345490045699,1,0,NA,NA,NA,NA,NA,NA,NA,NA,NA
-0.875255477495516,0,-0.157170104725989,0,1,0,-0.0933426116123847,1,1,1,1.89362923099415,1,1,0,0.2871678857486,1,1,1
0.941165806724167,1,2.62197770377752,0,1,0,1.9631097062227,1,1,1,3.10414741293225,1,0,NA,NA,NA,NA,NA
0.170588081840838,0,-1.09783025093284,0,1,0,0.555554312002955,0,1,0,0.0923204175527572,1,1,1,2.59658389397374,1,1,1
-1.06349790638204,0,-0.586500043143826,0,1,1,-1.69061214856295,0,1,0,-0.184661782803653,0,0,NA,NA,NA,NA,NA
-1.38804904760206,0,0.387131622219095,0,1,0,-0.747184274443419,0,1,0,-0.490635810171654,0,1,0,-1.35876469629845,0,1,0
2.08671743449315,0,3.20353078992238,1,0,NA,NA,NA,NA,NA,NA,NA,NA,NA,NA,NA,NA,NA
-0.678503145418437,1,-0.226288150306087,0,1,0,0.811647633042854,1,0,NA,NA,NA,NA,NA,NA,NA,NA,NA
-1.85557165391804,0,-2.77820284085479,0,1,0,-2.82481988146213,1,1,0,-2.97353605376986,0,1,0,-4.78207313645425,0,1,0
0.533259362753652,1,0.330196341246613,1,1,1,0.992750814708879,1,1,1,2.81560533505781,1,1,0,3.89852296999783,1,0,NA
0.310230256060895,1,-0.025042771291937,1,1,0,-0.0879611833974737,1,1,1,2.29552338910943,1,1,1,2.72101562610658,1,1,0
-1.3538343357226,0,-1.60358330564353,0,1,0,-1.85725853435953,0,1,0,-3.46564995966177,0,1,0,-3.13189488781169,0,1,0
-1.94295641358195,0,-1.2449489377025,0,1,1,-1.95964382523041,0,1,0,-3.3002246956603,0,1,0,-5.86085148956485,0,1,0
-0.116302517158606,1,0.533672598263486,1,1,1,1.61029002385778,0,1,1,2.61543606515163,1,1,1,3.85097086063834,1,0,NA
1.13939629170942,1,4.01605348618517,0,0,NA,NA,NA,NA,NA,NA,NA,NA,NA,NA,NA,NA,NA
0.636124035182149,1,0.307564265564181,0,1,1,-0.791919775799304,0,0,NA,NA,NA,NA,NA,NA,NA,NA,NA
-0.492937424161977,1,-0.517599340510554,0,1,0,-0.365407780705627,0,1,0,0.452970165819861,1,1,0,-0.58270691197831,0,1,0
-0.834188231584378,0,-0.415159001335351,1,1,1,0.956170041988764,1,1,1,1.09779176722979,0,1,0,0.588970859843194,1,1,1
0.271066756750545,0,-0.807283395291774,0,1,0,0.324036024425555,0,1,1,0.562312951757869,1,1,0,0.511709110111398,1,1,1
0.157353347216158,0,1.31219481526354,1,0,NA,NA,NA,NA,NA,NA,NA,NA,NA,NA,NA,NA,NA
0.629711746692728,0,0.949669211503065,0,1,1,0.267332205624178,0,1,1,0.105245568752082,0,1,1,2.69710950812045,1,1,0
-0.395797950288896,1,-1.06150641609237,0,1,0,-1.30946825622379,0,1,0,-2.23106012995543,0,1,0,-2.03524555791957,1,1,0
0.8993540532031,1,1.43226360785878,1,0,NA,NA,NA,NA,NA,NA,NA,NA,NA,NA,NA,NA,NA
-0.830811527336248,0,-0.239563901237571,1,1,0,2.14437022419751,1,0,NA,NA,NA,NA,NA,NA,NA,NA,NA
-0.330544700119963,0,-0.296546573496346,0,1,1,0.626245376466546,1,1,0,0.74492927620082,0,1,1,1.67313576496027,1,0,NA
0.740814523725905,1,0.856895571935782,1,1,1,1.8150059339051,1,0,NA,NA,NA,NA,NA,NA,NA,NA,NA
0.989971608627113,1,1.47256936285013,0,1,0,1.71011535306109,1,1,1,3.59574366864399,1,0,NA,NA,NA,NA,NA
-1.93850470145338,0,-1.08306523945195,0,1,1,-0.0105861161317904,0,1,0,-0.757106970623572,1,1,0,-0.0268779538251636,0,1,0
0.107190407016153,0,-0.190984399477626,0,1,0,0.576350705649278,1,1,0,1.54483601199537,0,1,0,2.49677222199672,0,1,1
0.60877901173463,1,1.03847106164231,1,1,1,2.43054434842752,1,1,1,3.27803490053459,1,0,NA,NA,NA,NA,NA
-1.45082431349063,0,-0.972232133624579,0,1,0,1.09068978918876,1,1,0,0.809068060681476,1,1,1,2.81985467332643,1,1,1
0.480625599875217,1,-2.22190366848645,0,1,1,-0.198791299987175,1,1,1,0.10044988891678,0,1,0,-0.0574839854988612,1,1,0
-0.828174270396797,0,0.846598449987665,1,1,0,1.80815685510814,1,0,NA,NA,NA,NA,NA,NA,NA,NA,NA
1.02025301216443,0,-0.20686703431844,1,1,1,1.32937663871397,1,1,1,3.39790779587494,1,1,1,3.70101513616926,1,1,1
0.538482032102641,1,0.187736103941861,1,1,0,1.93933681362725,1,0,NA,NA,NA,NA,NA,NA,NA,NA,NA
0.76905229499561,0,0.719632787342505,1,1,1,1.87037588243345,1,1,1,2.2824506247163,1,1,1,2.56329350875555,1,1,1
0.120719329287034,1,-0.852068245050534,0,1,1,1.05488039204862,1,1,0,0.704801033059294,1,1,0,0.504513545769778,1,1,1
0.863648434157753,1,0.968949534820479,1,0,NA,NA,NA,NA,NA,NA,NA,NA,NA,NA,NA,NA,NA
1.38051452831454,1,1.77198786062385,1,1,1,2.03262155336285,1,1,1,2.39168103873992,0,1,1,3.22808948305873,1,1,1
1.96624801545563,1,1.01422011093728,1,1,1,1.74393739679943,1,1,0,1.56963780505824,1,0,NA,NA,NA,NA,NA
-0.028395054749065,0,-0.737081450926296,0,0,NA,NA,NA,NA,NA,NA,NA,NA,NA,NA,NA,NA,NA
-2.2490510903324,0,-0.749402769303383,0,1,0,-1.28620756696042,0,1,0,-2.79310106672882,0,1,0,-3.48819658300561,0,1,0
0.0315260045939917,1,0.211627162031511,0,1,0,-0.062145905948839,0,1,0,1.20051963152164,0,1,0,0.984389810811465,1,1,0
0.205561208449975,1,0.148390105957795,0,1,0,-0.116644514792864,1,1,0,1.52973704995516,1,1,1,1.99335018854475,1,1,1
-0.155345347144399,1,-0.218773290427294,1,1,1,0.868288428959144,1,1,1,1.45041151550038,1,1,1,4.2176895627836,1,1,1
0.568288620777075,1,0.343000968687503,1,1,1,0.385884800146204,1,0,NA,NA,NA,NA,NA,NA,NA,NA,NA
1.01067796451426,1,1.50229298134283,1,1,1,2.7168950842877,1,1,1,3.57289233977125,0,1,0,5.57795812942687,1,0,NA
-0.517982430167822,0,0.223081884695177,1,1,1,1.5147475189178,0,1,0,0.485439667709841,1,1,1,0.659379508693804,0,1,1
-0.29409532715611,1,0.0148855168219989,1,0,NA,NA,NA,NA,NA,NA,NA,NA,NA,NA,NA,NA,NA
0.397842208800339,1,-0.930149971328296,0,1,0,2.45182556616858,1,1,0,2.27680226184096,0,1,1,2.55240259443342,1,0,NA
-0.550223741489138,1,-0.653994267964697,0,1,0,-1.1492098072902,0,1,0,-0.836243629097516,0,1,0,-0.717845910276793,0,1,1
0.0912673834882354,1,-1.12552814157316,0,1,0,0.897154512497788,0,1,0,-0.296055744615974,0,1,0,-0.94986894463058,1,1,1
-1.9617075988853,0,-0.247609354219212,0,0,NA,NA,NA,NA,NA,NA,NA,NA,NA,NA,NA,NA,NA
-1.11989972139762,1,0.865475665736049,0,1,1,-0.206378740265135,1,1,1,1.01314822806136,1,0,NA,NA,NA,NA,NA
-1.32775547560413,0,0.116798486360228,1,1,0,0.811593767632714,1,1,0,-0.162325489137711,0,1,0,-0.0525207216928296,1,1,0
-0.853623696727242,0,-0.219859578576726,0,1,0,-0.456178645632481,1,1,0,0.370602335097106,1,1,1,-0.0245598018454535,0,1,1
-0.693304527930666,0,-2.26428975672699,0,1,0,-1.88797880769397,1,1,0,-3.11536835890662,0,1,0,-3.85144400893932,0,1,0
0.38230514254637,0,3.16116572228234,1,1,1,3.48359960940182,1,0,NA,NA,NA,NA,NA,NA,NA,NA,NA
0.982113002522641,1,0.205856011898034,1,1,0,1.05996995216804,0,1,0,1.696748599172,1,1,1,3.19059222337347,1,1,0
-0.727383529087535,0,-0.216386656587138,1,0,NA,NA,NA,NA,NA,NA,NA,NA,NA,NA,NA,NA,NA
-0.996838982378005,1,-1.04342090232643,0,0,NA,NA,NA,NA,NA,NA,NA,NA,NA,NA,NA,NA,NA
-1.04168885898951,1,-0.802900154617822,1,1,0,-0.183869063015871,1,1,0,0.265233753472439,1,1,1,0.240511236124528,1,1,0
-0.414588726363674,1,1.70995362641088,0,1,1,2.09214521157508,1,1,1,3.90268042217266,1,1,1,4.2377802091646,1,1,1
-0.239029068152564,0,1.37625282730641,0,1,1,1.91853164576508,1,1,1,0.248850603529912,0,1,0,0.955989826167105,0,1,1
0.483617533838269,1,-1.63600726090109,1,0,NA,NA,NA,NA,NA,NA,NA,NA,NA,NA,NA,NA,NA
-0.32132484216839,1,-1.28712465069189,1,1,0,-0.363832488689658,1,1,1,0.658291321417605,1,1,1,0.329939957145916,0,1,1
-2.07848926886002,0,-1.97021039315407,0,1,0,-1.95910958485829,0,1,0,-2.27440117099608,0,1,0,-3.35932775331856,0,1,1
-0.0914342755501383,0,-0.198262840005192,0,1,1,0.669541390624467,0,1,0,0.563109492310803,0,1,0,2.09999652019283,1,1,1
1.18718681065156,1,1.58291122253759,1,1,1,2.72029324139019,1,1,1,4.30774506077642,1,0,NA,NA,NA,NA,NA
1.19160126851033,1,1.40317191970913,1,1,1,2.56633988704226,1,0,NA,NA,NA,NA,NA,NA,NA,NA,NA
-0.78896321811123,1,-0.129435159626356,1,1,0,-1.02741114933266,0,1,1,-0.0733172140743296,0,1,1,-0.32285355502992,1,1,1
-1.54777654363757,0,-0.733256396494136,0,0,NA,NA,NA,NA,NA,NA,NA,NA,NA,NA,NA,NA,NA
2.45806049186527,1,0.662269634807447,1,1,1,0.58500095812871,1,1,1,0.446104896647143,1,1,1,2.5126453248768,1,1,1
-0.162421942479419,1,-2.07692982985884,0,1,0,-1.46706466315694,0,1,0,-1.40579762607787,0,1,0,-2.39242164041636,0,1,0
-0.0974512501056172,1,-0.771790585821712,0,1,0,-0.125700795541578,0,1,0,-1.5979870906506,1,1,0,-1.02462290705437,0,1,0
0.420574188698147,1,-0.51531655372752,0,1,0,-1.31699954290661,0,1,0,0.33453833930944,1,0,NA,NA,NA,NA,NA
-1.61403945661912,1,-0.0191288254285116,0,1,0,-1.4515836011639,1,1,0,-1.69200925020806,0,1,0,0.921851062254027,0,1,0
-0.728219111191288,1,-2.21217971489944,0,1,0,-1.90838829253482,0,1,0,-3.98691480872055,0,1,0,-3.44608480235371,0,1,0
-1.54044240529001,0,-1.28654959027009,0,1,0,-0.70784014642437,0,1,0,-0.960279965625745,0,1,0,-2.02456962273712,0,1,0
-0.693094614010595,0,-1.51895148797369,1,1,0,-0.572026971429123,0,1,0,0.868080194454211,0,1,0,1.0668958662928,1,1,1
0.118849433004561,0,-0.180068544223072,0,1,1,-1.83858719667933,0,1,1,0.063468352244964,0,1,0,1.24281438847227,1,1,1
-1.36470945798691,0,-0.330571438981962,0,1,0,-1.16895370532326,0,1,0,-1.11677049856235,0,1,0,-1.61933669261769,0,1,0
0.589982679367313,1,-0.112371302701053,1,0,NA,NA,NA,NA,NA,NA,NA,NA,NA,NA,NA,NA,NA
0.289344028817336,1,0.860730349728631,0,1,1,2.45523734375662,1,0,NA,NA,NA,NA,NA,NA,NA,NA,NA
-0.904215025620639,0,-1.02054910331836,0,1,0,0.437538817000177,0,1,1,-0.730214563438892,0,1,0,-2.04225178251946,0,1,0
0.226324942381064,0,1.58412182851845,1,1,1,1.5017012671601,1,1,1,2.54796763258674,1,1,0,2.72917704899481,1,0,NA
0.748081162493843,1,1.43741559167822,1,1,1,1.62737359202682,1,1,0,1.5892266251207,0,0,NA,NA,NA,NA,NA
1.06109525326174,1,0.138705817268191,0,1,0,-0.57424868104087,1,1,1,-0.0681537846048547,0,1,0,-1.73318847646395,1,1,1
-0.212848278646528,1,0.459968674828665,0,1,0,-0.373776668388327,1,1,0,-0.238462128186137,1,1,1,1.38044020555725,1,1,0
-0.0936367939110456,1,0.0904036204077964,0,1,1,-0.848981084609268,0,1,0,-1.20706398202113,1,1,0,0.466642683329964,0,0,NA
-0.0867141349819251,0,-0.429634418794252,0,1,0,-0.368246324544246,1,1,0,0.902896116960485,0,1,1,-0.398189467299331,1,1,0
1.44146175605504,1,-1.50195008084884,1,1,1,-0.205329522815342,0,0,NA,NA,NA,NA,NA,NA,NA,NA,NA
1.12507189227799,1,2.3656516179155,1,0,NA,NA,NA,NA,NA,NA,NA,NA,NA,NA,NA,NA,NA
0.834401567757039,1,0.998524978883413,1,1,1,1.50295478088942,1,1,0,3.35659794920917,1,1,1,4.24048113469408,1,0,NA
-0.287340799840693,0,1.23132630678469,1,1,1,0.935127725104721,1,1,1,2.89050658623223,1,1,1,3.31083359595873,1,1,1
0.373241434166406,0,1.74120821545608,0,0,NA,NA,NA,NA,NA,NA,NA,NA,NA,NA,NA,NA,NA
0.403290331220696,0,-1.20413563648375,0,1,0,-0.508267378767748,0,1,0,-1.29829943453777,0,1,0,-1.78705529428078,0,1,0
-1.04167329428932,0,0.374983032645874,1,1,0,2.09644635768323,1,1,1,1.77796464131868,1,1,0,2.27840363258596,1,1,0
-1.72830451532074,0,-1.40567340930779,0,1,0,-1.16881892311692,0,1,0,-1.66457210447023,1,1,0,-0.975537805537561,0,1,0
0.641830027651616,1,2.40616164037826,1,1,1,2.06361872419584,1,1,1,3.19864803981773,1,0,NA,NA,NA,NA,NA
-1.52931053118042,0,-1.35388842510913,1,1,1,-1.42219536640475,0,1,0,-0.0200669956452968,0,1,0,-2.20525153832248,1,1,0
0.00168368848420991,0,0.349382124330536,0,1,1,2.70623934965495,1,1,1,2.26739232580535,1,1,1,2.89290332943619,1,1,1
0.250247821348331,1,0.249487013505437,1,1,0,1.28291763442447,0,1,0,1.46297717963514,1,1,1,1.68051391031587,1,1,1
0.563867390305883,1,1.55834678766928,1,1,0,0.495374935402485,1,1,1,4.06572057229771,0,0,NA,NA,NA,NA,NA
0.189426237514811,1,-1.9629937464898,0,1,1,-2.49430873928071,0,1,0,-2.19102522318338,0,1,0,-0.910991979481986,0,1,0
-0.732853806297125,0,0.467728084375651,1,1,1,1.35998846593538,0,1,0,2.14520614868231,1,1,1,1.19427926099883,0,0,NA
0.986365859895462,1,0.951403261413505,1,1,0,1.97396504396861,1,1,1,1.50350012543806,1,0,NA,NA,NA,NA,NA
1.73863376690625,1,2.8035598179271,0,1,1,3.08197909580843,1,1,1,2.90351819677773,1,1,1,5.94694446419233,1,0,NA
0.881178808925443,1,1.50294030268606,1,1,1,2.08014738709377,1,1,1,2.91459185926203,1,1,1,4.78427476331964,1,0,NA
-1.94365090132398,0,-0.697729733581351,0,1,0,-0.454377136418385,1,1,0,-1.34805041257601,0,1,0,-1.9165956845593,0,1,0
1.39957618540294,1,1.9783968227626,1,1,1,1.71862474973366,1,0,NA,NA,NA,NA,NA,NA,NA,NA,NA
-0.056055946186268,0,-0.162197436256849,1,1,0,1.94131759957278,0,0,NA,NA,NA,NA,NA,NA,NA,NA,NA
0.52491427931929,1,0.93720665894417,1,1,1,0.901315707715383,1,1,1,1.71782822346424,1,0,NA,NA,NA,NA,NA
0.62203323587106,0,0.379223651910328,1,1,1,0.642034114730419,1,1,1,0.0587397921812687,0,1,0,1.31728935613747,1,0,NA
-0.0966860732067051,1,-0.218646961795622,0,1,1,0.534731313426767,0,1,1,1.35306887961329,1,1,1,-1.08006624446188,0,1,0
-0.0752631976487263,0,0.466992911166695,1,1,1,1.6252918918502,1,1,1,2.64932667674646,1,0,NA,NA,NA,NA,NA
1.0191570693309,1,-0.14375052587324,0,1,0,0.988951366954514,0,1,1,2.43103783833419,1,0,NA,NA,NA,NA,NA
0.711601922486244,1,0.32840993174663,0,1,0,-0.225042171573936,0,1,0,0.924262402259225,0,0,NA,NA,NA,NA,NA
0.990262246044231,1,0.0836461984979733,1,1,0,1.86628105166807,1,1,1,2.11086676840728,1,0,NA,NA,NA,NA,NA
2.38292669523033,1,2.27362759702704,1,1,1,3.22096544036357,1,1,1,3.39880798295079,1,1,1,5.09666077287836,1,0,NA
0.664415863694087,0,0.588935178974928,1,1,0,0.284892650035755,1,1,0,0.156033437771191,1,1,1,2.03711404120725,1,0,NA
0.207381157385307,1,1.16299310701554,1,1,1,2.01120505737276,1,1,1,3.14656220606601,1,0,NA,NA,NA,NA,NA
-2.21063311057562,0,-1.24273082420344,0,1,0,-1.54060670682221,0,1,0,-0.207652678403315,0,1,0,-0.250965559597969,0,1,0
2.69171400324612,1,1.58906214750456,1,1,1,2.99272679738258,1,1,1,4.08942078602478,1,0,NA,NA,NA,NA,NA
-0.482676821796308,0,0.815245097795824,0,1,0,-1.42672489851176,0,1,0,-1.31128281760224,0,1,0,-1.00695792953955,0,1,0
2.37473471509539,1,0.734789936873451,1,1,1,1.44342902656705,1,1,1,1.72423603747977,1,1,1,3.63122367728103,1,0,NA
0.374643568004988,1,-0.238037883630241,0,1,1,-1.09599530575492,0,1,0,-0.804483286088265,1,1,0,-0.306035305673095,1,1,0
1.53843019889679,1,0.76697273828038,0,1,0,0.330478017924095,1,1,0,1.87647404679612,1,0,NA,NA,NA,NA,NA
-0.109710321176239,0,-0.296260390279139,1,1,1,1.99119681446623,1,1,1,1.50666303979324,1,1,1,3.83371111678815,0,0,NA
0.511470754698125,0,0.161185885474406,1,1,1,1.95994871515354,1,1,1,0.0248155412227171,0,1,0,2.9684468815029,1,0,NA
0.213957979642262,1,0.298902342667787,0,1,0,2.24521077231287,1,1,1,1.89860228563938,1,0,NA,NA,NA,NA,NA
-0.186120699373496,0,0.994684972628001,1,0,NA,NA,NA,NA,NA,NA,NA,NA,NA,NA,NA,NA,NA
-0.120393824622494,1,-0.269989595733837,0,1,0,1.01531937042343,0,0,NA,NA,NA,NA,NA,NA,NA,NA,NA
1.01283433584425,1,0.401372884944508,1,1,1,1.10846253351971,1,1,1,1.53928009690834,1,0,NA,NA,NA,NA,NA
-0.2014581469715,0,0.240872611916187,1,1,1,1.48907903858246,0,1,1,2.79486903510423,1,1,1,3.73065140544921,1,0,NA
-2.0376824944408,0,-0.531521731183403,0,1,0,-2.80147402350189,0,1,0,-2.00751475099883,0,1,0,-2.32358293689497,0,1,0
-0.195889248829828,0,0.281204296559153,1,1,1,2.54132317755334,1,1,1,1.81513548200436,1,1,1,2.98948440856657,1,1,1
0.539790605536274,1,0.712957035915958,1,1,0,1.28006891441133,0,1,1,2.99072558360322,1,1,0,4.75010028629798,1,1,1
0.61645571635144,0,0.0618205205235609,1,1,0,0.0272010035560601,1,1,0,0.428010339684847,1,0,NA,NA,NA,NA,NA
0.616567817477434,1,-1.70701672867055,0,1,0,-0.765135702007974,0,1,0,1.70410967711008,1,1,1,1.10979012756389,1,1,1
-1.69210152086908,0,0.75023126293754,0,1,0,-0.939225144621323,0,1,0,0.283449258957859,0,1,0,-0.042058620740367,1,1,1
0.368742058011194,0,0.665007169276074,1,1,0,0.273454293673997,1,1,1,0.990233806229142,0,1,0,3.12311911167167,1,1,1
0.967859209947064,1,0.390797249466152,0,1,1,-0.676428650505262,1,1,0,1.39483158856242,0,1,0,2.55127367481021,1,1,0
1.27657868146766,1,1.70516621931483,1,1,1,0.859732635289413,1,1,1,2.03334080359566,1,1,0,3.85557480981769,1,1,1
-0.224961271044116,0,1.78117781658037,0,1,1,2.31578944935883,1,1,1,4.01669463657815,1,0,NA,NA,NA,NA,NA
-0.321892586182801,0,0.265049578254958,1,1,0,-0.9166528518305,1,1,1,-0.772712563189204,0,1,0,-0.983218279005405,0,1,0
1.48783783187804,1,1.32194136428132,0,1,1,1.55548444047281,1,1,1,1.80068480600305,1,1,1,3.45016900222191,1,0,NA
-1.66792804577932,0,-0.291642380939994,0,1,0,-1.11449849642067,0,1,0,-0.789017708974702,0,1,0,-1.00535133492292,0,1,0
-0.436829976913125,1,-0.639217836496672,1,1,0,0.996175987026949,1,1,1,0.743073572043347,1,1,1,1.44664207055842,1,0,NA
0.457462079357455,1,1.71702896229034,1,1,1,3.87489556090064,1,1,1,4.66257613165435,1,0,NA,NA,NA,NA,NA
-1.61777376538123,0,-1.97159434718971,0,1,0,-2.0854963574447,0,1,0,-2.50203940508516,0,1,0,-3.11045943209417,0,1,0
0.279627862431757,1,1.56648622573607,1,1,1,2.92868372041629,1,0,NA,NA,NA,NA,NA,NA,NA,NA,NA
1.87786402105219,1,1.98275293775881,0,1,1,1.54969364188294,1,1,1,2.96586798988189,1,1,1,4.1710497557222,1,0,NA
-0.00406065343634058,0,-0.305517217599853,0,1,0,-0.180731023993387,1,1,1,0.612739139626025,1,1,0,0.449904017972587,1,1,0
-0.278454024963586,0,1.42992121783386,1,1,0,1.71930828632098,1,1,1,2.7840356868003,0,1,1,4.96959675659773,0,0,NA
0.474911714034054,1,-0.259258443795861,0,1,1,0.199976999064977,1,1,1,1.39814032555414,0,1,1,2.47993813328606,1,1,1
-0.279072170787307,0,0.96601039959742,1,1,0,2.27334952275267,1,1,1,2.37871445010412,1,0,NA,NA,NA,NA,NA
0.813400374079065,1,0.810213365898554,1,1,0,2.34995551498563,0,1,1,0.963154704201834,1,1,1,2.60623782272628,1,0,NA
0.904435464449695,1,1.10148045472268,1,1,0,2.55224869628541,1,1,0,1.17759021426219,1,0,NA,NA,NA,NA,NA
0.00269166123012091,0,-0.797528016459299,0,1,0,-1.73100312416832,1,1,0,0.692200111313422,1,1,1,-0.139580160889834,1,1,1
-1.17669215774973,1,-0.556909682437889,1,1,0,1.03527297995845,0,1,0,1.8493742906484,1,1,0,3.2040785343725,1,1,1
-1.31822072745909,0,-1.64291478920982,1,1,0,-1.34824417465301,0,1,0,0.297449653095554,0,1,1,-1.10936436903217,0,1,0
-0.592997365655317,0,-0.730088022092374,0,0,NA,NA,NA,NA,NA,NA,NA,NA,NA,NA,NA,NA,NA
0.797380500549836,0,0.997282373246596,1,1,0,1.83875323062506,1,1,1,2.83595458469367,1,1,0,3.21511466622463,1,1,1
-1.95820517465693,0,-2.48578070309511,0,1,0,-0.937989751793811,0,1,0,-1.95982845384961,0,1,0,-2.95824102223646,0,1,0
-1.88632515873255,1,0.666272215772637,0,1,1,-0.944699035494896,0,1,0,-0.744854091571434,0,1,0,0.433401541859836,1,1,1
-0.653779824760103,0,1.00879926472418,1,1,0,1.53840302527226,1,1,1,3.29312387164992,1,0,NA,NA,NA,NA,NA
0.394394847980585,1,-1.00852186961659,1,1,0,0.968701054998323,0,1,0,1.79983200553574,1,1,1,1.86815502982838,1,0,NA
-0.913566048164992,0,-0.381372016248567,1,1,0,-0.371128915285392,0,1,0,0.128491222176539,0,1,0,-0.992771578220465,1,1,0
0.886749037096059,0,0.327356862740345,1,1,1,0.896062684820742,1,1,0,1.81352392303516,1,1,1,1.47302394038897,1,0,NA
0.333369970155182,0,-2.59435985077614,0,1,1,-2.42194556086813,0,1,0,-1.675758610711,1,1,0,-0.587061128653821,0,1,0
-0.17063961823861,0,-0.185066576468573,1,1,1,0.618746602083821,1,1,1,0.427220866566483,1,0,NA,NA,NA,NA,NA
0.81882813653178,1,-0.522621079969272,1,1,0,-2.00496512495998,0,1,1,-0.307028793260906,0,0,NA,NA,NA,NA,NA
0.388365162819368,0,-1.51611439856903,1,1,0,-0.863689277807378,0,1,0,-0.814082466739526,0,1,0,1.21724935141863,1,1,1
-0.445935027212156,1,0.0434277970891642,1,1,0,-0.037288178899624,0,1,0,-0.0665528029090842,0,1,0,-1.08551773665331,1,0,NA
0.23111493441816,1,0.552768137482049,1,1,1,2.64835837582758,1,1,1,3.03926084067785,1,0,NA,NA,NA,NA,NA
0.647513357977592,1,-0.909401098244542,1,1,0,0.130877466160935,0,1,0,-0.0907634736179845,1,1,0,1.52966652042409,1,1,1
0.356283344862047,1,0.917058119924247,1,0,NA,NA,NA,NA,NA,NA,NA,NA,NA,NA,NA,NA,NA
-0.658010207949479,1,-0.308851282373171,0,1,0,-1.1005307176569,0,1,1,0.0513847904655146,0,1,0,-0.821470020387717,0,1,0
0.855202205064192,0,1.10899459109501,1,1,1,2.39736225231212,1,1,0,2.22934318531886,1,1,1,2.80975989633796,1,0,NA
1.15293622555862,0,1.50039807405455,1,1,1,1.78599944056495,1,0,NA,NA,NA,NA,NA,NA,NA,NA,NA
0.276274556543337,0,0.346338008451931,0,1,0,1.19664285912513,1,1,1,0.40951170208122,1,1,0,2.52949695466221,1,1,1
0.144104662462187,1,-0.387054080133142,0,1,0,0.21970648349181,1,1,1,-0.248009303289632,1,1,1,-0.953925255162278,0,1,0
-0.075625080779838,0,1.558300089908,1,1,1,1.56440845069371,0,1,1,2.67121740097787,1,0,NA,NA,NA,NA,NA
2.16141584630279,1,0.711056513394568,1,1,1,1.53589050365096,0,0,NA,NA,NA,NA,NA,NA,NA,NA,NA
0.276315532135793,1,0.57398887552771,1,1,0,-0.106937435786438,0,1,0,1.61715437997624,1,1,1,1.41821058620638,1,0,NA
-0.158294028699944,1,-1.21001380917387,0,1,0,-0.0480103231792994,0,1,0,-1.51409712570879,1,1,0,-0.921991479367932,0,1,0
-2.50791780219725,0,0.0206842261824303,1,1,0,-1.37206045731,0,1,0,-1.1841825990095,0,1,0,-1.83682696943329,1,1,0
-1.56528176503053,1,-1.64873941494311,0,0,NA,NA,NA,NA,NA,NA,NA,NA,NA,NA,NA,NA,NA
-0.0776732006105648,0,1.11807873508187,1,1,1,0.47230820815998,1,1,0,0.777508793318438,1,1,1,1.90994173327537,1,1,1
0.206294044843098,1,2.01928836808424,0,1,1,2.93022948072319,1,0,NA,NA,NA,NA,NA,NA,NA,NA,NA
0.276872458861614,1,1.2412420545244,1,1,1,0.943984572727292,0,0,NA,NA,NA,NA,NA,NA,NA,NA,NA
0.821506780448618,1,1.23633892594621,1,1,1,2.76720359148832,1,1,0,3.41849196910585,1,1,1,3.91713923567844,1,1,1
-0.194152409320457,1,-0.190607695185398,0,1,1,1.21540636348968,0,1,0,1.80695140711305,1,1,0,2.65901518639482,1,1,1
1.21458879448256,1,0.827589882441799,1,0,NA,NA,NA,NA,NA,NA,NA,NA,NA,NA,NA,NA,NA
-0.921516042869578,1,0.472589724197342,0,1,0,-2.14078035496774,0,1,0,-0.872894779492879,0,1,0,-1.77640335063745,1,1,0
-1.20844272044307,1,-0.211828112817675,0,0,NA,NA,NA,NA,NA,NA,NA,NA,NA,NA,NA,NA,NA
-1.22898617755381,0,0.632916037988005,1,1,0,-0.614581786945875,1,0,NA,NA,NA,NA,NA,NA,NA,NA,NA
0.742297024186518,1,3.14168656315679,1,1,0,3.0692755248102,1,0,NA,NA,NA,NA,NA,NA,NA,NA,NA
-0.082919942339226,0,0.236534820254524,1,1,0,2.4517217360617,1,1,1,1.91179977640607,1,0,NA,NA,NA,NA,NA
0.789817921820499,1,0.621409712329599,1,0,NA,NA,NA,NA,NA,NA,NA,NA,NA,NA,NA,NA,NA
-0.267706421557085,1,0.690040837038892,0,0,NA,NA,NA,NA,NA,NA,NA,NA,NA,NA,NA,NA,NA
-0.591892102212813,0,0.954075809532107,1,1,0,2.64053205111048,1,1,1,3.1676661493164,1,0,NA,NA,NA,NA,NA
-0.368352575126506,0,1.41597186143169,0,1,0,1.74552548558139,1,1,1,3.28222820967117,1,1,1,2.74188966159303,1,0,NA
-1.85261682424173,0,-1.02094891930373,0,1,0,-0.341644710684263,1,1,0,-1.44334620347283,1,0,NA,NA,NA,NA,NA
-1.16961526041411,1,-0.779830712154834,0,1,0,-1.25609057071763,0,0,NA,NA,NA,NA,NA,NA,NA,NA,NA
-1.44203464635845,0,-0.481316741114676,0,1,0,-1.39035044575108,0,1,0,-0.28585818115899,0,1,0,-1.82980578279442,0,1,0
1.05432227197535,1,1.56481969719118,1,1,1,0.610709484532528,1,1,0,3.0762662113069,1,0,NA,NA,NA,NA,NA
-0.5973300913628,1,-1.00758994228044,1,1,0,1.73522351744809,1,1,1,1.54852401140133,1,1,1,2.97675260488466,1,0,NA
0.78945985279018,1,0.503129454842809,1,1,0,1.27225539124598,1,1,1,4.24080335978106,1,0,NA,NA,NA,NA,NA
1.51649060169196,1,0.95249964556413,1,1,1,2.00313776524292,1,1,0,3.87364989075995,1,0,NA,NA,NA,NA,NA
-0.191774809109942,1,1.38715854371582,0,1,1,1.34889863805086,1,1,0,3.727707270636,1,1,1,4.89631718141849,1,0,NA
0.283878906352351,0,0.104932668128388,1,1,0,0.375409203812004,0,1,1,-0.201236816353403,0,1,0,1.5339667368493,0,0,NA
-1.75106751939608,1,-1.4752446266792,1,1,1,-0.359709746852434,0,1,0,0.461614118909851,0,0,NA,NA,NA,NA,NA
-0.818669777519803,1,1.29415799850163,0,0,NA,NA,NA,NA,NA,NA,NA,NA,NA,NA,NA,NA,NA
0.0562148493828386,1,-1.16898074591378,1,1,0,-0.98702048740298,0,1,0,0.242792756970455,0,1,0,0.24336664362134,1,1,1
0.299086903336152,1,-1.09014508737841,0,1,0,0.693078471294601,0,1,0,1.64500172686874,0,1,1,2.55885267653719,1,1,1
-0.759398117298882,0,0.507984641243002,0,1,0,-0.0250516988880567,0,1,0,-1.27856551816793,1,1,0,-0.758962209719512,0,1,0
2.6848589992268,1,2.09372759944627,1,0,NA,NA,NA,NA,NA,NA,NA,NA,NA,NA,NA,NA,NA
-0.458390139092389,0,-1.531991173177,0,1,1,-0.675424632951224,1,1,0,-0.746667413181819,0,1,0,-0.730639292245414,1,1,0
0.0642435566300379,1,-0.0533660445174636,1,1,1,2.6781620393459,1,1,1,1.13697880247252,0,1,0,2.86986515161221,1,1,1
0.649791867153518,0,0.164695732801781,1,1,0,1.12948714550445,0,1,1,0.954240678450351,1,1,1,3.87732381754469,1,0,NA
-0.0260186347739953,1,-2.06703604489981,0,1,0,-0.967722130862144,1,1,0,-0.729167330037457,0,1,0,-0.429513249883545,0,1,0
-0.643567387027114,0,0.265328204425695,1,1,0,-1.03572388170486,0,1,1,0.330912710611471,0,0,NA,NA,NA,NA,NA
1.04530566396331,0,1.85176407992197,1,1,1,3.38778142466867,1,1,1,3.16803993685138,1,0,NA,NA,NA,NA,NA
1.6155453232072,1,1.61411521697443,0,1,1,1.5122032510615,1,0,NA,NA,NA,NA,NA,NA,NA,NA,NA
-0.0296939710498354,0,0.821468241690777,0,1,0,0.106610121152862,1,1,0,-0.935819436612429,1,1,1,1.49235064226805,0,1,0
0.562267345403066,0,0.844383933511847,1,1,0,0.886551102834731,1,1,0,3.65117748563816,1,1,1,1.80352511654984,1,1,1
-0.0974124985026302,1,0.853226490890131,1,0,NA,NA,NA,NA,NA,NA,NA,NA,NA,NA,NA,NA,NA
1.01645521770216,1,0.843131471607537,1,1,1,1.84572656131324,1,1,1,1.61750323378771,1,0,NA,NA,NA,NA,NA
-1.15616739425985,0,-2.10595348087357,0,1,0,-2.2507332954406,0,1,0,-3.25470531082188,0,1,0,-3.17705614356721,0,1,0
2.32086022399448,1,0.363935106164291,1,1,0,1.30822243368623,0,1,1,3.3388831636844,0,0,NA,NA,NA,NA,NA
-0.603531247788338,0,0.168131325180081,1,1,0,0.361929887878139,0,1,1,-1.48271033331384,1,1,1,0.718471600728292,0,1,1
-1.45884941443809,0,-2.47865040904743,0,1,0,-1.87669019767811,0,1,0,-2.02480730663787,0,1,0,-3.22706405881478,0,1,0
-0.35091782719307,0,-0.08667608098564,1,1,0,-1.66088407745572,0,1,0,-0.331322265875494,0,1,1,0.0494622806799097,0,1,0
0.146708484145002,1,0.109100563621834,1,1,1,1.38121224934722,1,1,1,1.07948232776456,1,1,1,2.7511513166803,1,1,1
1.62362120768023,1,3.18096156071467,1,1,1,2.64646190177541,1,1,1,5.71179949311693,1,1,1,8.61849896534976,1,0,NA
0.91120967677132,0,1.29585063118344,0,0,NA,NA,NA,NA,NA,NA,NA,NA,NA,NA,NA,NA,NA
0.142458432045787,0,0.0604047417273212,0,1,0,0.987412155079566,0,1,0,2.43144438415437,1,0,NA,NA,NA,NA,NA
-1.38948352398816,0,0.0374585414124297,0,1,0,-1.16793393620758,0,1,0,0.478163469067563,0,1,0,2.0147321684001,1,1,1
-0.866037744672114,0,-1.27685174635381,0,1,0,1.757356412677,0,1,0,0.209406306453806,0,1,0,1.66552062324229,1,1,1
-0.163284932229294,1,-1.32800894898577,0,1,0,-0.211122241073487,1,1,0,0.475208136552222,0,1,1,-0.845659209908344,0,1,0
2.55302611346059,1,2.26833922816814,1,1,1,4.59268874744444,1,0,NA,NA,NA,NA,NA,NA,NA,NA,NA
-1.86022757421841,0,-0.758643922419939,0,0,NA,NA,NA,NA,NA,NA,NA,NA,NA,NA,NA,NA,NA
1.13105465184602,1,-0.248521452345349,0,1,1,2.07164877429465,1,1,1,3.01200040200867,1,0,NA,NA,NA,NA,NA
-0.527234257233921,1,0.774028921538143,1,1,0,-0.0137351128778996,1,1,1,2.4510021171369,1,0,NA,NA,NA,NA,NA
1.66599089998742,1,1.24370670018248,1,1,1,2.76070372139426,1,1,1,3.32176829883633,1,0,NA,NA,NA,NA,NA
-1.1392006399734,0,-0.536546461579378,1,1,0,0.713094759856807,0,1,0,1.03544793420416,1,1,0,0.710809315219759,0,1,0
0.143623234662747,1,1.08826943888848,1,1,1,3.12769595612137,1,1,1,2.89152772697475,1,0,NA,NA,NA,NA,NA
-1.09955094170275,0,-0.95961332542358,0,1,1,-1.7185318803819,0,1,0,0.586305213767131,1,1,0,0.345849189399454,1,1,0
0.903516426361675,1,0.481320624099764,1,1,1,3.22046817044867,1,0,NA,NA,NA,NA,NA,NA,NA,NA,NA
1.48377948873809,1,0.431113171619917,0,0,NA,NA,NA,NA,NA,NA,NA,NA,NA,NA,NA,NA,NA
1.95072100640115,0,0.44640655803182,1,1,1,0.559938026510734,1,1,0,0.545891723342522,1,0,NA,NA,NA,NA,NA
0.797600657589519,1,1.37059022334096,0,1,0,-0.397305988306586,0,1,1,0.283098274803391,1,1,1,1.23920004735988,0,1,1
1.84326625457782,1,1.83208710149525,1,1,1,2.05115456749773,1,1,0,2.07474780372608,1,0,NA,NA,NA,NA,NA
1.24642390866165,0,-2.16579701912255,0,1,1,-1.12058770465606,0,1,0,-2.50970952489902,0,1,0,-1.27896391380309,0,1,1
-0.131874911824015,0,0.232761419412669,1,1,1,0.687065726075932,0,1,1,0.586998810749547,1,0,NA,NA,NA,NA,NA
0.4770372382847,0,0.65854553102564,1,1,1,2.20553623470822,1,1,1,2.46642109740398,1,0,NA,NA,NA,NA,NA
-0.971994211475933,1,-0.0370679773903856,0,1,0,-0.706007300584961,0,1,0,1.15793165123296,1,1,0,0.174591256480551,1,1,0
-0.185202169400994,0,1.9046314461355,0,1,1,1.65200229609945,1,1,1,2.86582977958375,1,1,1,2.66560102261873,1,0,NA
1.22096370834882,0,1.55024051745942,1,1,1,3.14118917770054,1,0,NA,NA,NA,NA,NA,NA,NA,NA,NA
0.54128414348235,0,-1.23516055942236,0,1,0,0.4898641847276,1,1,1,-0.0211496731460211,0,1,0,0.108249786822268,1,1,0
0.45735733162533,1,0.464462513167405,0,0,NA,NA,NA,NA,NA,NA,NA,NA,NA,NA,NA,NA,NA
-1.03813103968721,1,-1.04346760149419,1,1,1,-0.318321946183056,0,1,1,-1.75440880026466,1,1,0,-1.58071928390977,0,1,0
-0.604513230334117,1,1.85630056039631,1,1,1,1.72441465055315,1,0,NA,NA,NA,NA,NA,NA,NA,NA,NA
-0.764606013753569,0,1.63990581579477,0,1,0,0.500098934892435,0,1,1,1.3126132930417,1,1,1,1.90229422629542,1,0,NA
0.395295870013499,0,1.33573882014628,1,1,1,-0.289993360070635,1,0,NA,NA,NA,NA,NA,NA,NA,NA,NA
-0.990507630466559,0,-1.18647878553777,0,1,0,0.124837321492072,0,1,0,-0.87850808156843,0,1,0,-1.33493854433094,0,1,0
0.562041390099052,1,0.348475999830692,1,1,0,0.127555898483416,1,1,0,2.22467507208438,1,0,NA,NA,NA,NA,NA
-1.11641641193354,1,0.772184723452514,1,1,0,2.68538735228715,1,1,1,2.4151661958997,1,0,NA,NA,NA,NA,NA
1.82853045813536,0,-0.168958522462227,1,1,0,0.790220522557609,1,1,0,1.58451255541564,0,1,0,0.744401577213648,1,1,1
0.460591349478104,1,0.680156945564107,0,0,NA,NA,NA,NA,NA,NA,NA,NA,NA,NA,NA,NA,NA
-0.70100361225327,0,-0.113827531861085,0,1,0,-1.2092568953184,1,1,1,-0.855477349447587,0,1,0,-1.08273466845304,0,1,0
0.241045932501223,0,1.69182437456934,1,1,0,0.980898013552495,1,1,1,1.02415260636151,1,1,0,4.68558346747564,1,1,1
-0.352453199227956,1,-0.682006340818339,1,1,1,-1.04140986058728,1,1,0,-0.641213212987114,1,1,1,-0.244448357845772,1,1,0
0.371147959759657,0,0.165351870718863,0,1,0,0.15030757282045,1,1,0,-0.216803496798459,1,1,0,-1.01015947501081,1,1,0
0.2435327187603,0,1.00658819814913,0,1,0,0.540086312487408,0,1,1,1.16953746215476,1,0,NA,NA,NA,NA,NA
-1.01411417266147,0,-1.36179785883748,0,1,0,-3.17423197889994,0,1,0,-3.27755738829127,0,1,0,-4.37916699910874,0,1,0
-0.79131387881947,0,-0.628754354783386,0,1,0,0.314280955866786,0,1,0,2.03270883761721,0,1,0,0.456555916759,1,1,1
0.299593684739564,0,0.888376528223373,1,0,NA,NA,NA,NA,NA,NA,NA,NA,NA,NA,NA,NA,NA
1.63905190875156,1,-0.201482805936998,1,1,0,0.199057619245046,0,1,0,1.10602623608419,1,1,1,0.421234377506932,1,1,0
1.08461700867092,1,0.292702487809888,1,1,1,0.17816872138741,0,1,1,-0.855778524261096,0,1,0,0.170667343543184,1,1,1
-0.624567473618094,1,1.39389527672591,1,0,NA,NA,NA,NA,NA,NA,NA,NA,NA,NA,NA,NA,NA
0.825922901647494,0,-0.128126608766811,0,1,1,0.00703909376614387,1,1,1,0.0123026249109961,0,1,0,0.78721463039538,1,1,1
-0.0485683527562885,1,-0.179661456610249,0,0,NA,NA,NA,NA,NA,NA,NA,NA,NA,NA,NA,NA,NA
0.301313651718405,1,1.8033894641435,0,0,NA,NA,NA,NA,NA,NA,NA,NA,NA,NA,NA,NA,NA
0.260361490736558,0,-0.320258859624075,0,1,1,0.460852470793497,0,1,0,-0.656578225836482,0,1,1,0.430302824219277,0,1,0
2.57544976372339,1,3.20294889356894,1,0,NA,NA,NA,NA,NA,NA,NA,NA,NA,NA,NA,NA,NA
-1.18528881058722,0,-2.3537295437763,0,1,0,-1.89844087642261,1,1,1,-1.74677628696984,0,1,1,-1.14526033505058,0,1,0
0.100919859012857,0,0.167485351254009,1,0,NA,NA,NA,NA,NA,NA,NA,NA,NA,NA,NA,NA,NA
-1.77997728796762,0,-2.07907736478838,0,1,0,-0.493037401117317,0,1,0,-0.917760660639495,0,1,0,-2.99170735544623,0,1,0
0.589835922958758,0,-0.714529770458056,1,1,0,0.134064863042337,0,1,0,0.867395709308813,1,1,1,0.618750460984653,1,0,NA
1.0966084717214,1,1.25853141740859,1,1,1,2.42468825720264,1,0,NA,NA,NA,NA,NA,NA,NA,NA,NA
1.44566224110115,1,2.26899525487794,1,1,1,1.25337443372785,1,0,NA,NA,NA,NA,NA,NA,NA,NA,NA
-1.92514525183712,0,-0.132779541761653,0,1,0,-0.289226191839772,0,1,0,-0.92672772933738,0,1,1,-0.488711106168794,0,1,0
0.41276949719403,1,0.173524198762032,0,1,0,-0.471803072599895,1,1,1,-0.546456156975826,0,1,0,0.385124384154561,0,1,0
1.59336995138365,1,-0.28279856311387,0,1,1,1.24382457415544,1,1,1,1.39301314008138,1,1,1,3.64760623356803,1,0,NA
-0.414015863042303,0,-1.24778844573728,1,1,0,-2.27899123875835,0,1,0,-1.97431303516946,0,1,1,-3.47525767145094,0,1,0
-0.212150532081949,1,0.284321275759637,0,1,1,-0.497808243916271,0,1,1,-0.301455638596751,1,0,NA,NA,NA,NA,NA
-0.0365372222047413,0,0.727278133948215,1,1,0,1.75831993326457,1,1,1,2.08488306416832,1,0,NA,NA,NA,NA,NA
0.365018751433036,1,1.45025207546172,1,1,1,1.37136125459193,1,1,0,1.89103074758997,1,0,NA,NA,NA,NA,NA
0.665159875745969,1,1.82224998691802,0,1,1,2.47276448835926,1,0,NA,NA,NA,NA,NA,NA,NA,NA,NA
1.31782088371148,1,1.5111720779784,1,0,NA,NA,NA,NA,NA,NA,NA,NA,NA,NA,NA,NA,NA
-0.0954875904449924,1,-1.5169765998151,0,0,NA,NA,NA,NA,NA,NA,NA,NA,NA,NA,NA,NA,NA
0.196278045472469,1,-0.849604482524327,0,1,0,1.20302910008271,1,1,1,1.60954369837037,1,1,1,1.68027757166874,1,0,NA
2.48799787722146,1,2.86847768115072,1,1,1,1.2693790170638,1,1,1,5.03381672116003,1,1,1,5.74384406084954,1,0,NA
0.431098928114991,1,1.11049060925249,1,1,1,3.14589490197189,1,0,NA,NA,NA,NA,NA,NA,NA,NA,NA
0.188753109329833,0,0.358648810199294,1,0,NA,NA,NA,NA,NA,NA,NA,NA,NA,NA,NA,NA,NA
-1.34224312528345,0,-2.30976648359268,1,1,0,-1.51228736287786,0,1,0,-0.669152103800345,0,1,0,-0.872853592507294,0,1,0
0.00285604762222659,1,2.20451089237843,0,1,1,2.06520028199461,0,1,1,0.569868092905988,1,1,1,3.23496493948737,1,0,NA
-0.221326153166881,1,-0.209402533469756,1,1,0,-1.04243155673014,0,1,0,-1.99389309135994,0,1,0,-0.880600330276848,0,1,0
-0.0110458298093738,0,0.43000014782341,1,1,0,0.425390946673935,0,1,1,0.630267810709808,1,1,0,2.20741778232532,1,1,1
-0.575417641271167,0,0.940872492846473,0,1,0,-1.32337942451745,0,1,0,0.238236774442982,1,1,1,0.391044594568643,1,1,0
-0.686815652442701,0,-1.48117477613313,0,1,0,1.05265247430764,1,1,1,-0.273314670259342,1,1,0,1.68512296806542,0,0,NA
-0.720773631820122,1,-1.071601885713,0,1,0,0.394699267539173,0,1,0,0.545153130556833,1,0,NA,NA,NA,NA,NA
-0.214504515399774,0,-0.437995164698886,0,1,0,-0.346707985703616,0,1,0,0.121463676086613,1,1,0,-0.204362333017477,0,1,1
1.36813264802863,1,-0.0505239029017901,1,1,0,0.101952154976609,1,1,0,1.88951418764093,1,0,NA,NA,NA,NA,NA
1.04908662655933,0,-0.230164858167268,1,1,0,0.736714305242664,1,1,0,2.42067299424107,1,0,NA,NA,NA,NA,NA
-0.359975117943056,0,-0.705995510881309,0,0,NA,NA,NA,NA,NA,NA,NA,NA,NA,NA,NA,NA,NA
-1.68591645453874,1,-1.40172562916347,0,1,0,-0.120318605013641,0,1,0,-0.636837324431813,0,1,0,-4.27119477674573,0,1,0
-0.844583428535954,0,-0.83361987703294,0,1,0,-0.138189843364515,0,1,0,-1.08617840538616,0,0,NA,NA,NA,NA,NA
-0.457760533240508,1,-0.568155818003284,0,1,1,-0.24700211308993,1,1,0,-0.815842935467575,0,1,1,-0.101317685902724,0,1,0
0.103638004228304,0,0.53357192834485,1,1,0,-0.047114758369538,1,1,0,1.7008071968897,0,0,NA,NA,NA,NA,NA
-0.662607275700815,1,1.44530094549061,1,1,1,-0.038662642008924,0,1,0,2.3643024146466,0,1,0,2.6636133443404,1,0,NA
2.00668069083189,1,3.23233372274111,1,1,0,3.20650718251967,1,1,1,5.0127516979989,1,0,NA,NA,NA,NA,NA
-0.272267534418351,1,-0.982773441923347,0,1,1,0.90785948055684,0,1,0,-1.42771653424659,0,1,0,0.85813675210657,0,1,1
-1.21394447023951,0,-2.02926705999464,0,1,0,-2.13700392825573,0,1,1,-1.04594251169165,0,1,0,0.557912970791142,0,1,0
-0.141261757282513,1,0.232240419435339,0,1,1,0.998143345725437,0,1,0,1.49684011239315,1,1,1,2.72327377372342,0,0,NA
-1.00537758159341,0,0.889205772588017,1,1,0,-0.359332761967256,1,0,NA,NA,NA,NA,NA,NA,NA,NA,NA
0.156155707275326,1,1.14499727995663,1,1,1,3.75618484565293,1,1,1,3.74444505696499,1,1,1,5.87080182557095,1,0,NA
0.233633614089869,1,0.320923225763232,1,1,0,2.22122770998662,1,0,NA,NA,NA,NA,NA,NA,NA,NA,NA
0.355587611628384,1,-1.00556609800371,0,1,0,0.449855493136601,1,1,0,1.99251163825256,1,1,0,2.09374513060186,1,0,NA
-1.62185825912421,0,0.931236455358869,0,1,0,1.74182102218576,1,1,0,3.88159524686881,1,1,1,6.17804828084521,1,0,NA
0.220711290970649,1,0.202854370726151,0,1,1,1.21802887248342,1,0,NA,NA,NA,NA,NA,NA,NA,NA,NA
0.310450080541646,1,0.730874593451665,0,1,0,0.487730141496703,0,1,1,-0.738010668422353,0,1,0,0.335966932998452,1,1,1
-1.42110844750449,0,-2.45925580730541,0,1,0,-2.02374766229224,0,1,0,-2.20958399119834,0,1,0,-3.23853240884067,0,1,0
0.955365639730411,0,0.799147669305686,1,1,1,-0.615484721640824,1,1,1,1.70788729270361,1,0,NA,NA,NA,NA,NA
0.784170879094338,1,2.13790176958306,0,1,1,1.75086389823653,1,0,NA,NA,NA,NA,NA,NA,NA,NA,NA
2.29961936115445,0,2.49055787928034,0,1,0,2.14266961889956,1,1,1,3.57893960124378,1,1,1,4.61088812272457,1,0,NA
0.156702987375728,1,1.27548868122979,0,1,1,2.42080638887731,1,0,NA,NA,NA,NA,NA,NA,NA,NA,NA
0.0467335275180007,1,0.838667881840534,1,0,NA,NA,NA,NA,NA,NA,NA,NA,NA,NA,NA,NA,NA
0.0965858340824363,0,-1.45533820329794,0,1,0,-0.756741487690168,1,1,0,-0.555524696800655,1,1,0,-1.22272428245206,0,1,0
0.0697662309003006,0,0.124234631411477,1,1,1,0.3864329280946,0,1,1,0.185127584888481,0,1,0,0.813033349694615,1,1,0
-1.84847277533767,0,0.445202856819877,1,1,0,1.29259672749256,0,0,NA,NA,NA,NA,NA,NA,NA,NA,NA
-1.67112705864224,1,-0.570587771853127,0,1,0,-1.88021314265845,0,1,0,-1.29013330079815,0,1,0,-2.70980795987743,0,1,0
-0.0775389667912034,1,0.190566314462982,1,0,NA,NA,NA,NA,NA,NA,NA,NA,NA,NA,NA,NA,NA
-0.581067380566498,1,0.419955737000409,1,1,1,-1.20391601571085,0,1,0,0.870471244116597,0,1,0,0.165776512858778,1,1,1
0.0547365250574253,1,-0.236064190881684,1,0,NA,NA,NA,NA,NA,NA,NA,NA,NA,NA,NA,NA,NA
-2.11120837326053,0,-1.42907106337849,0,1,0,-0.247260646072045,0,1,0,-1.96104586122522,1,1,0,-1.68055139682306,0,1,0
-1.49869825452676,1,0.482140800623891,0,1,0,0.471110316582548,1,1,1,-1.23324348393574,0,1,0,1.81485986743735,1,1,1
-1.10148343893874,0,-1.8416147504244,0,1,0,-2.24809479402361,0,1,0,-2.2114006350254,0,1,0,-2.76811760130188,0,1,0
0.986058221060247,0,0.465201983899958,1,1,1,-0.692601732856714,0,1,0,0.115754213418668,1,1,1,1.23311148375765,1,1,0
-1.09849000709012,1,-2.35376423120249,0,1,0,-1.76086062031964,1,1,0,-1.04899560553086,0,1,0,-0.679306185383744,0,1,0
-0.799513953576531,0,2.51164398011101,0,0,NA,NA,NA,NA,NA,NA,NA,NA,NA,NA,NA,NA,NA
0.0798738186740527,1,0.648510970337267,1,1,0,1.51617885050546,0,1,1,0.719233984195701,1,0,NA,NA,NA,NA,NA
-0.322746361825109,0,-1.48678093590729,0,1,0,0.155444931538326,0,1,0,0.0708347136517211,1,1,0,0.894038402334638,0,1,0
0.146417178667962,1,-0.583158629098337,0,0,NA,NA,NA,NA,NA,NA,NA,NA,NA,NA,NA,NA,NA
2.30506198204569,1,2.46137529861675,1,1,1,1.842317371282,1,1,1,2.95177736680759,1,1,1,5.28299294435994,1,0,NA
-1.12460367125824,0,-2.18958633482742,0,1,0,-1.4695068989303,0,1,0,-3.15901732012824,0,1,0,-3.69868990300188,0,1,0
-0.305469639909805,0,-1.21091136529035,0,1,0,0.709120677786298,0,0,NA,NA,NA,NA,NA,NA,NA,NA,NA
-0.516759449743733,0,-1.09162533651291,0,1,0,-0.65818018082491,1,1,0,0.580487844555392,0,1,0,1.6609803274704,0,1,0
1.51239542683245,1,0.730502993780931,0,0,NA,NA,NA,NA,NA,NA,NA,NA,NA,NA,NA,NA,NA
-0.769484922890278,0,1.07912942048993,1,1,0,-0.467820142098,1,1,0,0.227907627003155,1,1,0,1.96748187411297,1,1,1
-0.0820869037757183,1,0.124094756399377,0,1,1,0.739168819904953,0,1,1,1.03912621600613,0,1,1,0.821475343293673,1,1,1
0.787133614322708,1,0.0298095462677892,1,1,0,-0.88860678102133,1,1,0,-1.0977836272084,0,1,0,-1.09455980777077,0,1,1
-1.0585905359484,0,0.0805280641427587,1,1,1,2.10130361762687,1,1,1,1.43836993238467,1,1,1,2.62729703087502,1,0,NA
1.65517581574201,1,2.36922555140921,1,0,NA,NA,NA,NA,NA,NA,NA,NA,NA,NA,NA,NA,NA
0.675762415474246,0,2.71526093477282,1,1,1,3.17836905558642,1,1,1,3.5965454768087,1,1,0,3.42379012659549,1,0,NA
-1.07420660953035,0,-0.0111123701419446,0,1,0,0.471617868483981,0,1,0,1.02657021708703,0,1,0,0.846297333469523,1,1,1
0.454577809057738,0,1.08729067184921,0,1,1,1.52152295624794,1,1,1,2.67720213154401,1,0,NA,NA,NA,NA,NA
-0.213307143233068,0,1.63015969489857,1,1,0,0.399987059957786,1,0,NA,NA,NA,NA,NA,NA,NA,NA,NA
0.313228771994335,1,0.180266917147991,1,1,1,2.16729554899225,1,1,0,3.08108683063854,1,1,1,4.20084953904217,1,0,NA
-0.0899751970156634,0,-0.892799174952485,0,1,0,-1.12208843295374,0,1,0,1.04312766820418,1,1,1,-0.764616689434157,0,1,0
1.07051603677834,1,0.80215071722752,1,1,0,1.08734291393983,1,1,1,2.89732745569014,1,0,NA,NA,NA,NA,NA
-1.35110038570333,0,-0.54827455840902,0,1,0,-0.251437572667074,0,1,0,-1.56696280737086,0,1,0,-1.89837728764003,0,1,0
-0.522616697195916,0,-0.293443373310885,0,0,NA,NA,NA,NA,NA,NA,NA,NA,NA,NA,NA,NA,NA
-0.249190677755399,0,0.820292674426857,1,1,1,0.702567324868955,1,1,1,2.48957537114692,1,1,1,2.6504835080894,0,1,0
-0.995798724851333,0,-1.55807021196133,1,1,0,-1.28847631533818,0,1,0,-1.21406246871451,0,1,0,-1.89260779175998,0,1,0
-1.03995504376619,0,-1.8970814921481,0,1,0,-2.86257443026605,0,1,0,-2.41526676963518,0,1,0,-6.12111893765772,0,1,0
-0.0179802405766626,0,1.0978882796512,0,1,1,1.27331863396746,1,1,1,1.75000757145715,1,1,1,3.79688160585363,1,0,NA
-0.132175132856735,1,0.895139400350822,1,1,1,2.44883867033604,1,1,1,2.83877580276484,1,0,NA,NA,NA,NA,NA
-2.54934277475043,0,-2.23490484516728,0,1,0,-1.83721575704611,0,1,1,-3.57842081253751,0,1,1,-2.23464519428301,0,1,0
1.04057345571938,1,1.36639549862249,1,1,0,1.99087566065958,1,1,1,3.86820597584694,1,1,1,5.54178949045079,1,0,NA
0.24972573598519,0,-0.147421792032253,0,1,1,-0.139244897171442,1,1,0,1.30345920495961,1,1,1,1.11026717653815,0,1,1
2.41620737314833,1,2.29140190210848,1,1,1,2.27502265565522,1,1,1,3.58150799667204,1,0,NA,NA,NA,NA,NA
0.685198238051097,1,0.365611317935897,1,1,0,2.92550207528719,1,1,1,0.820880241140004,1,1,0,1.70958168536059,1,0,NA
-0.446959308961992,0,-1.24765605595263,1,1,0,-0.86039682062809,0,1,0,-1.45824801258473,0,1,1,-0.705416160829746,0,1,0
2.7973911469581,1,3.68691405808611,1,1,1,1.76834282195878,1,1,1,1.76373226687239,1,0,NA,NA,NA,NA,NA
2.83222602391551,1,2.13521355715596,0,1,1,1.49123059431873,1,0,NA,NA,NA,NA,NA,NA,NA,NA,NA
-1.21871181629018,1,0.2979116764909,1,1,1,0.0674898115366706,0,1,0,-0.796179918796421,0,1,1,-0.84774577517807,1,0,NA
0.469031955955424,0,1.48403547884684,0,1,1,0.763153646010432,1,0,NA,NA,NA,NA,NA,NA,NA,NA,NA
-0.21124691863215,0,-0.711054761100113,1,1,0,0.462240576002506,1,0,NA,NA,NA,NA,NA,NA,NA,NA,NA
0.187051146554012,0,0.993865168690317,1,1,1,0.513750769240707,1,1,0,1.88145467671777,1,1,0,1.06179632124287,1,0,NA
0.227542728568814,1,-0.130914624061744,1,1,0,0.278439304511084,0,1,0,-0.331769332153959,0,1,0,0.569273028082799,1,1,0
-1.26190046286905,1,-1.35728033493782,0,1,0,-0.270754285513964,0,1,0,-1.58515891053737,0,1,0,-1.154117650154,0,1,0
0.285589580242562,0,1.57792554075204,1,1,1,1.61432528476991,1,0,NA,NA,NA,NA,NA,NA,NA,NA,NA
1.7492473631418,1,0.828484757831198,1,0,NA,NA,NA,NA,NA,NA,NA,NA,NA,NA,NA,NA,NA
-0.164090004134803,0,1.12843071060322,1,1,1,1.4593863131521,0,0,NA,NA,NA,NA,NA,NA,NA,NA,NA
-0.162926710698454,1,-0.0671404397769362,1,1,0,1.17353941264203,1,1,1,1.8445707917969,1,0,NA,NA,NA,NA,NA
1.39857200633747,1,2.57494915359535,1,1,1,1.62339029459442,1,1,0,4.85799833291562,1,0,NA,NA,NA,NA,NA
0.898396240682948,1,1.8254427872935,1,1,0,0.835445932230373,1,1,0,1.84279288889401,1,1,1,2.50753697385873,1,0,NA
-1.64849481838129,0,-2.50791665387932,0,1,0,-2.7466705344255,0,0,NA,NA,NA,NA,NA,NA,NA,NA,NA
0.228556973262187,1,-1.15013884155538,0,1,0,0.25445208188268,0,1,1,1.32303503991882,1,1,0,2.13224589399595,1,0,NA
1.65354723467773,1,2.33809893539887,1,1,0,-0.787540705572909,1,0,NA,NA,NA,NA,NA,NA,NA,NA,NA
1.41527634991914,1,0.0826938011286352,0,1,0,1.08435034462358,0,1,0,0.527547232018137,1,1,1,1.63737384693703,1,1,1
0.41995160381423,1,1.04766379986964,0,1,1,1.95873339977788,1,1,0,2.39799029794687,1,0,NA,NA,NA,NA,NA
0.721220807112894,0,-1.39035296402814,1,1,0,-0.785829597511938,1,1,0,-0.799045807314728,0,1,0,-0.237533407508264,0,1,0
-1.19693521218868,0,1.95440494605303,1,1,1,2.75126481985712,0,1,0,4.19822586581958,1,0,NA,NA,NA,NA,NA
0.300131566881373,1,0.663595744406615,1,1,1,1.13414192828725,1,1,1,2.15889342237104,1,1,1,3.90523744193935,1,0,NA
-0.954448935187822,0,-0.313136342648747,0,1,0,-0.306488065994183,0,1,0,-2.10781884437743,1,1,0,-2.32928121238261,0,1,0
-0.458018068096944,1,-2.19818192822034,0,1,0,-0.781368069888824,0,1,0,-0.635859654482906,0,1,0,-3.03552342634293,0,1,0
0.935603683779603,0,1.9037215383367,1,1,1,0.864278024659341,1,1,1,2.03639038235386,1,0,NA,NA,NA,NA,NA
-1.13689311169114,0,-0.348372893273689,0,1,0,-1.29754260723343,1,1,0,-1.71219930942875,0,1,1,-2.65272523090311,1,1,0
0.266918250873058,0,-0.382345154296021,0,1,0,-2.17284053727595,0,1,0,-2.09331670363686,0,1,0,-1.51407085578778,0,1,0
0.428332039471543,1,-2.33774816072521,0,1,1,-3.31280619870447,0,1,0,-3.61740445612948,0,1,0,-2.81541688257422,0,1,0
0.0549119698396297,0,-0.6929606310647,0,1,0,0.0358516265357204,1,1,0,-0.196515196860936,1,1,0,1.78319641490178,0,1,1
1.82218882183542,1,1.2034496813438,1,1,1,1.18800998079508,0,0,NA,NA,NA,NA,NA,NA,NA,NA,NA
-1.02234732857525,0,-1.51093646661428,0,1,0,-2.21988750613352,0,1,1,-1.20496800467443,0,1,0,-2.74753588971049,0,1,0
0.6061302614356,0,0.674503271246709,0,1,1,0.324554330742165,1,1,1,1.05015967312599,1,1,0,1.43219531908259,1,0,NA
-0.0889305674506674,1,-2.24091244278393,0,1,0,-2.38586552321042,0,1,0,-2.1666106805705,0,1,0,-1.71909776900566,1,1,0
-0.260832243833924,0,0.494077557404753,0,1,0,0.0444603950128238,1,1,0,-1.2821003750093,0,1,0,-0.505657501456486,0,1,0
0.464091233852381,1,-0.380243873670112,0,1,0,-1.76134197163331,0,1,0,-1.99238209631189,0,1,0,-2.30698933394432,0,1,0
-1.02040059068393,0,-0.301173413142518,1,1,0,-1.00625941546847,0,1,0,-2.94858799797648,0,1,1,-2.88325886218921,0,1,0
-1.31345091651841,0,-1.68647374186641,0,1,0,-1.58540430506503,0,1,0,-0.810637491500682,0,1,0,-2.03538870175212,0,1,0
-0.494480875483423,1,-0.113333513023982,1,1,1,0.649113041367527,1,1,1,2.6502636554632,1,1,1,2.69642659390644,1,1,1
1.75175714975545,1,2.93441714204745,1,1,1,2.06144017377765,1,1,1,4.62832788349761,1,0,NA,NA,NA,NA,NA
0.0557647746125201,0,1.31196376582218,0,1,0,1.78193440904351,1,0,NA,NA,NA,NA,NA,NA,NA,NA,NA
0.331434398227886,1,-0.318105828765205,1,1,1,1.70131175571169,0,1,1,1.82914585643384,1,1,1,1.2967909337791,1,0,NA
-0.18984663767754,0,0.17792992612071,0,1,1,1.37825595113875,1,1,1,-0.676531522899119,0,1,0,-0.808601329726451,0,1,0
0.470492731953825,1,0.984417301304392,1,1,1,0.945139938953874,0,1,0,0.0941405404972353,1,1,1,2.61356330976799,1,0,NA
-0.951679543017146,0,0.0482382310086995,1,0,NA,NA,NA,NA,NA,NA,NA,NA,NA,NA,NA,NA,NA
1.15791046656864,1,2.29229675136732,1,1,1,3.58573507472596,1,0,NA,NA,NA,NA,NA,NA,NA,NA,NA
0.584705260241351,0,-0.223448613919931,0,1,1,-0.693729321111905,0,1,0,-0.274130964142961,0,1,0,-0.536419605104967,0,1,0
-0.806452822691705,0,-0.92813925068674,0,1,0,0.692896608512963,0,1,0,0.171544411332413,1,1,0,0.231934098015395,0,1,0
0.0545532458119923,1,0.298898116360573,0,1,0,0.182804205254942,1,1,0,2.40533138138475,1,1,0,1.33300732412344,1,1,1
0.716331619499123,1,0.722116594346689,0,1,0,0.414118642410404,0,0,NA,NA,NA,NA,NA,NA,NA,NA,NA
0.557730982054603,1,0.228870635757814,1,0,NA,NA,NA,NA,NA,NA,NA,NA,NA,NA,NA,NA,NA
1.48193401587688,1,0.217952358846432,1,1,0,2.14819378053539,1,1,1,3.22277647699223,1,1,1,5.8210422307598,1,0,NA
-0.61298775489485,0,1.4437638827434,0,1,1,0.0760277884879318,0,1,0,1.58453580949469,1,1,0,1.49820809657693,1,1,1
1.11613661549039,1,2.75737497545285,1,1,1,3.64137146838645,1,0,NA,NA,NA,NA,NA,NA,NA,NA,NA
1.03654800994122,1,1.65888112053159,1,1,1,2.30553554469945,1,0,NA,NA,NA,NA,NA,NA,NA,NA,NA
-0.162483131902855,0,-0.64506957611647,0,1,0,0.925375033373206,0,1,1,0.66709870621395,1,0,NA,NA,NA,NA,NA
-0.975926692821885,0,-0.0742469488336901,0,1,0,-0.0249564722371822,1,1,1,1.08626701866661,1,1,1,3.41095410985007,0,1,0
-1.08914519088452,0,-1.28461224530098,0,1,0,-1.93223388155823,0,1,0,-0.371518466496091,0,1,0,1.22630965659967,0,1,1
0.457786957944971,0,-0.527563398281666,1,1,0,0.532384945879699,1,1,0,3.01074351147274,1,1,1,3.5723649908348,1,1,1
-0.0711267337208945,1,1.46024267301006,1,1,1,1.90576654815381,1,1,1,1.26820549404337,1,0,NA,NA,NA,NA,NA
1.77910266685145,1,1.95166007509299,1,1,0,1.75515001823252,1,1,0,2.34095913382413,1,0,NA,NA,NA,NA,NA
0.535137960496205,1,-0.844363196027937,0,1,1,0.824279834968687,1,1,1,0.927293552891647,1,1,0,3.41635451884069,1,1,1
-0.371944875163495,0,0.303825648272736,0,1,0,-0.999297580504925,0,1,0,-0.944949928019844,1,1,0,0.203332044707615,0,1,1
-1.02554224849711,1,1.20889467350864,1,1,0,-0.0140217354995704,0,1,0,1.89716455261968,1,1,0,2.06577645741409,1,1,1
-0.582401674605252,1,-0.184085468480485,1,1,0,0.458550656202259,1,1,0,-0.777728132592669,1,1,0,-0.0898914621369246,1,0,NA
0.342888392897331,1,0.580473826843204,0,1,0,0.412953215052615,1,1,1,0.283995538770116,0,1,1,3.39456884216809,1,0,NA
-0.450934647056651,0,0.15810884240573,0,1,1,0.925396153998387,0,0,NA,NA,NA,NA,NA,NA,NA,NA,NA
0.51423012023069,0,0.0885790028456685,1,1,0,0.871369568494933,1,1,1,1.34673134103717,0,1,1,0.909438247465469,0,0,NA
-0.334338052169782,1,-0.015359010359245,1,1,0,0.0398446103638173,0,1,0,0.800117611136563,0,0,NA,NA,NA,NA,NA
-0.105559908794475,1,0.180460153516818,1,1,1,1.84816578812685,1,1,0,3.03059377531585,1,0,NA,NA,NA,NA,NA
-0.730509672807828,0,0.266586575638792,0,0,NA,NA,NA,NA,NA,NA,NA,NA,NA,NA,NA,NA,NA
1.9050435849087,1,0.0775536725534423,1,1,0,1.04000216928321,1,1,1,2.87877144709145,0,0,NA,NA,NA,NA,NA
0.332621731470394,0,1.92170848546694,1,1,1,2.38913052393505,1,1,1,4.10201272803264,1,1,1,6.66352654815647,1,0,NA
0.230633640499451,0,0.894057734152606,1,1,0,0.369146505745115,0,1,0,1.6315224253695,1,1,1,1.75246331758827,1,1,0
-1.69186241488407,0,0.300785014634869,0,1,0,-0.53395614655792,0,0,NA,NA,NA,NA,NA,NA,NA,NA,NA
0.659791899549327,0,0.395097861880106,1,1,0,1.38237989390674,1,1,0,1.7227056014274,1,1,1,1.71358743210651,1,1,1
-1.02362358887971,0,0.445735463231597,1,1,1,-0.403735129057219,1,1,0,0.334045865420076,1,1,1,0.146972489857941,1,1,0
-0.891521574354298,0,2.68677360563254,1,1,0,1.09421885510727,1,1,1,1.89571281816132,1,1,1,4.82299672778898,1,1,1
0.918341171021649,1,0.509316957379507,0,1,0,0.0973999166424107,0,1,0,0.635160035767475,1,1,1,0.656804453392363,1,1,1
-0.45270064650823,1,-0.132497136492042,0,0,NA,NA,NA,NA,NA,NA,NA,NA,NA,NA,NA,NA,NA
-1.74837228000318,0,-1.13546914654311,0,1,0,-0.548257855239011,0,1,0,-1.09980078336368,0,1,0,-1.91469402730927,0,1,0
1.76990410988936,1,3.43819925537656,1,1,1,2.84544961683826,1,0,NA,NA,NA,NA,NA,NA,NA,NA,NA
-2.37740692539252,0,-1.34986536551486,0,1,0,-0.899275803739275,0,1,0,-1.67096492845977,0,1,0,-3.48686787013304,0,1,0
0.572811529859585,0,0.61928059714284,0,1,1,-0.737640437994493,0,1,1,1.45180899621983,0,1,0,2.24158862659562,1,0,NA
1.01724924908461,1,0.148986531807592,1,1,1,2.03805668517091,0,1,0,3.18940702982935,1,1,1,4.79158024906265,1,0,NA
-0.630967866660535,0,-1.61769874261554,0,1,0,-2.93114786919666,0,1,0,-3.73934279031185,0,1,0,-3.00317696623595,0,1,0
0.444287051411554,0,-0.642575695075988,0,1,0,-0.985129321455852,0,1,1,-0.424986262265943,0,0,NA,NA,NA,NA,NA
0.439130388388555,1,0.96421008428318,0,1,0,2.53461237511094,1,1,1,3.57509529219585,1,1,1,4.53948250708038,1,0,NA
1.04062315291451,1,-0.848324681530634,1,1,0,-0.0156296233069906,0,1,0,1.44900989752476,1,0,NA,NA,NA,NA,NA
0.484099387952522,0,-0.221126012459193,0,1,0,-0.157579445280003,0,1,0,-1.29698405654725,0,0,NA,NA,NA,NA,NA
-0.244883779092525,0,0.110544519367428,1,1,1,1.39743377203875,0,1,0,1.99161059340307,0,0,NA,NA,NA,NA,NA
0.915992057940211,0,-0.280559226197355,1,1,0,-0.0463514902829696,1,1,1,1.51614595615116,1,1,1,2.86991034833278,1,1,1
0.800622356509766,1,2.04384997088826,1,1,0,2.2677446375175,1,1,1,1.75940381177668,1,1,0,3.80254830071741,1,0,NA
-0.936569034135793,0,-0.515073888525353,0,1,1,1.17367745281342,1,1,1,0.62195364166563,1,0,NA,NA,NA,NA,NA
-1.40078743399573,0,-1.83052244767079,0,1,0,-3.38119728736869,0,0,NA,NA,NA,NA,NA,NA,NA,NA,NA
0.160277539993178,1,0.755558136677555,0,1,0,1.45346364893962,1,1,0,1.60800375060933,1,0,NA,NA,NA,NA,NA
-0.273962374775183,1,0.207922215805848,0,1,0,1.31030310481566,0,1,1,0.185823192198707,1,1,1,1.5056497563745,0,0,NA
-0.985539112562296,1,-0.379958210558471,1,1,0,-0.474768160240875,0,1,0,-0.497634933056352,0,1,0,-1.22311195060373,0,0,NA
0.0839306795150329,1,1.77058695443166,0,1,0,1.55692973883579,1,1,1,2.86021345813941,1,0,NA,NA,NA,NA,NA
-1.31999652648691,0,-1.68910447496022,0,1,0,-1.80682253736578,0,1,0,-1.51078716507124,0,1,0,-2.9968272038748,0,1,0
0.161226351326199,0,-3.05026425239885,0,1,0,-2.17274992495669,0,1,0,-5.2392100710439,0,1,0,-5.21361721229637,0,1,1
-0.62492838754192,1,1.70680265402693,0,1,0,0.346795294075371,0,1,1,1.25735593393261,0,1,0,2.94129370167987,0,1,1
0.957164274192481,1,1.06802443315584,1,1,0,1.10112652956129,1,1,1,1.89976522849031,1,0,NA,NA,NA,NA,NA
2.42448914116153,1,1.5870263330124,1,1,1,1.87529687062117,1,1,0,1.6405093226999,1,1,0,4.25034591827987,1,0,NA
-0.915979243686792,0,-0.648351353750265,1,1,0,-1.16584755291283,1,0,NA,NA,NA,NA,NA,NA,NA,NA,NA
1.05766417094298,1,2.26628540741221,1,1,1,2.43856657837052,1,0,NA,NA,NA,NA,NA,NA,NA,NA,NA
0.825149727768283,1,1.22051481953826,0,1,0,1.54800410523583,1,1,1,4.01677613630751,0,1,1,3.96831240747919,1,0,NA
-0.0701942243053587,1,-1.2800370037082,0,1,0,0.558451757845918,0,1,1,0.332444863195212,1,1,1,-1.15283447629322,0,1,0
-0.453646374057015,1,-0.295292115633638,0,1,1,0.180716608749029,0,1,1,-0.700097232696415,1,1,1,2.1653740107049,0,0,NA
1.57530770683748,1,2.74075957514762,1,1,1,3.08780349516773,1,0,NA,NA,NA,NA,NA,NA,NA,NA,NA
-2.00545781823625,0,-2.25140485402983,0,1,0,-2.25181975940671,0,1,0,-3.29174555644481,0,1,0,-4.94116129752329,0,1,0
-0.643194791593663,1,-0.39653133485746,0,1,0,-1.2167087479639,0,1,0,0.467322161536568,0,1,1,-0.20428526298858,0,1,1
-1.43684344365778,0,0.2982296228502,0,1,0,-1.37659687207412,0,1,0,-2.32135901674633,0,1,0,-1.23783831486292,0,1,0
1.39531343894608,1,0.510675745959096,1,1,1,1.76493123904836,0,0,NA,NA,NA,NA,NA,NA,NA,NA,NA
-0.190703432644857,0,0.845903435092673,0,1,1,-1.65415113841007,1,1,1,0.23181143646319,0,1,0,3.43131325201503,0,1,1
-0.524671199469671,1,-0.626410025917604,0,0,NA,NA,NA,NA,NA,NA,NA,NA,NA,NA,NA,NA,NA
3.18404447406633,1,1.5168429652471,1,1,1,4.16878026727934,1,0,NA,NA,NA,NA,NA,NA,NA,NA,NA
-0.0500372678876282,0,1.1906557090951,1,1,1,2.1010386092293,1,1,0,1.42308659540996,1,1,0,1.30184803742337,1,1,1
-0.443749311866524,0,-1.74683679166667,0,1,0,-2.9249219048745,0,1,0,-1.0102488572468,0,1,0,-1.7745720005803,0,1,0
0.299865250136145,0,0.359407733593817,1,1,0,1.1096182785485,1,1,0,2.84526326332149,1,0,NA,NA,NA,NA,NA
-1.56842462075497,0,-1.04952129705781,1,0,NA,NA,NA,NA,NA,NA,NA,NA,NA,NA,NA,NA,NA
0.490302642672068,0,1.08225897157564,0,0,NA,NA,NA,NA,NA,NA,NA,NA,NA,NA,NA,NA,NA
-0.0961632010799668,1,-0.513169490479864,0,1,0,-1.39735672150261,0,1,0,-0.251174255637024,0,1,0,0.846902827170089,0,1,1
0.468525122530146,1,0.346704148671264,0,1,0,1.36145355397182,0,1,1,1.26269764739046,1,1,1,3.55164593329794,1,1,1
-0.982370635937854,0,-0.56408916473811,0,1,0,0.36673371420164,0,1,1,0.405683431313739,0,1,1,0.0374953652138022,1,1,0
-1.02298384214794,0,-1.1461601647256,0,1,0,-0.544483659889834,1,1,0,-0.783481666152126,0,1,0,-1.70260477796011,0,1,0
-0.693414663276185,0,-0.734866545853743,0,1,0,-0.249191264408154,0,1,0,-0.652973901627339,0,0,NA,NA,NA,NA,NA
-0.767989573092782,0,-1.66922574900287,0,1,0,-0.728751900337174,0,1,1,1.44909401575254,1,1,0,0.506540820420808,1,1,0
1.29904996668359,0,-0.00656121650656671,1,1,0,1.42826443950541,0,1,0,0.844187356823712,1,1,1,2.3275663707553,0,1,1
1.57914556180809,1,2.26336173063415,1,0,NA,NA,NA,NA,NA,NA,NA,NA,NA,NA,NA,NA,NA
-0.156891953039067,1,1.81828391172567,0,1,1,0.825313528874278,1,1,0,0.52652326603952,0,1,0,0.240678009918774,0,1,0
-0.35893656058468,0,0.744971732889258,1,1,1,2.30729277042142,0,1,1,0.638562335557963,1,1,0,1.29456872443731,0,0,NA
-0.329038830421669,0,-1.57640755422728,1,1,0,-0.860603939674291,0,1,0,-0.56248546961606,0,1,0,2.77197660478385,1,1,1
0.0692364778530165,1,-0.679200952508914,1,1,1,0.259672774802372,0,1,1,0.403501733878805,0,1,0,-0.196605923121416,0,1,0
0.0969042337010548,1,0.38522215967615,0,1,0,0.255237979092336,1,1,1,2.18271299642139,1,1,1,2.0224311517231,1,0,NA
0.29003438776557,0,0.24994015470653,0,1,0,1.06511909680271,0,1,0,-1.99315900307059,0,1,0,-1.87584111460521,0,1,0
-0.746678941046256,1,-0.264019105501331,0,1,0,-0.270238401466088,0,1,1,0.215303772673853,0,1,0,0.27301490313575,1,1,0
-0.846896388820319,0,0.0535896189593383,1,1,1,-1.23064312865486,0,1,0,-1.48884035975314,0,0,NA,NA,NA,NA,NA
1.19707766374608,1,3.62949879353366,1,1,1,2.23507010901597,1,1,1,4.16427326774815,1,0,NA,NA,NA,NA,NA
-0.548627361103323,0,-1.1531258815317,0,1,1,-0.630496337754781,0,1,0,-1.3573530736414,0,1,0,-1.02028994580625,0,1,0
0.303045695225451,0,0.113582025544453,1,1,1,0.532365802290627,1,0,NA,NA,NA,NA,NA,NA,NA,NA,NA
-0.056970533803332,0,0.455502987702995,1,1,0,1.93188862056746,1,1,1,1.34525321409284,1,1,1,2.72849973485408,0,0,NA
-0.957849392150669,0,-0.298721006646587,0,1,0,-1.31356843537914,0,1,0,-1.58387674625268,0,1,0,-1.31803305059588,1,1,0
0.591061909411507,0,1.53084237185416,1,1,1,2.8256119737271,1,1,1,2.31600453036205,1,0,NA,NA,NA,NA,NA
0.173104873492955,0,2.28622737725588,1,1,1,1.41451065441642,0,1,0,3.96763890904065,1,0,NA,NA,NA,NA,NA
1.39978335621251,1,1.08442118078483,1,1,0,4.02669812645892,1,0,NA,NA,NA,NA,NA,NA,NA,NA,NA
0.117459584626988,1,0.135163747035349,0,1,0,-0.250642643518254,0,1,0,1.77711854248603,1,0,NA,NA,NA,NA,NA
-0.331545758200853,1,1.39776987897537,0,1,0,-0.71132213780798,1,1,0,-2.14553215909169,1,1,0,-1.0046732471748,0,1,1
0.278294913305364,0,-1.11472861392115,0,0,NA,NA,NA,NA,NA,NA,NA,NA,NA,NA,NA,NA,NA
-1.18559164903534,0,-1.21645576700362,0,1,1,-1.04070820932951,0,1,0,-1.31167776445158,0,1,0,-1.08233018097374,0,1,0
-0.835894053393597,1,0.850010257072762,1,1,0,1.43702897355043,1,0,NA,NA,NA,NA,NA,NA,NA,NA,NA
0.510273251139431,0,0.135485060954576,0,1,0,-0.595707286854578,1,1,1,0.181469283044712,0,1,0,0.166717539567307,0,1,0
-0.333120901223949,1,0.346951872704719,0,1,1,1.40784842404004,1,1,0,0.647046060193102,1,0,NA,NA,NA,NA,NA
-0.0659609463524635,1,1.35537162491194,0,1,1,1.97711616798268,1,1,1,3.00637975075599,1,1,1,3.54940054988798,1,0,NA
-0.11522170942195,1,0.605563862944582,0,1,0,1.64842236008849,1,1,0,0.770064242316947,1,1,1,2.05549150998641,1,1,1
-0.650512618774529,0,0.281242075015215,0,1,0,-1.35258617190189,0,1,0,-0.689044568056999,0,1,0,1.85459639389806,1,1,0
-2.01868865908242,0,-1.88171576387542,0,1,1,-1.7585054288792,0,1,0,-1.46880179111385,0,1,0,-3.9522988335979,0,1,0
0.348834970176592,0,0.258585261576842,1,1,1,-0.822461812741741,0,1,0,-0.654150270395664,0,1,0,1.00119642792349,0,1,1
0.761639507646859,1,1.02960048578286,0,1,1,1.94173452118985,0,1,1,2.42572890702297,1,1,1,4.41984495981076,1,0,NA
-1.28871623535013,0,0.213922897257491,0,1,1,-1.45537842793631,0,1,0,-0.77946645752815,1,1,0,0.04422092618822,0,1,0
1.48240271845861,1,4.38410586779113,1,1,1,2.41950790136985,1,1,1,5.03868587330784,1,0,NA,NA,NA,NA,NA
0.385154823687235,0,0.900838534123531,1,1,1,2.98448671044304,1,1,1,3.29244262714464,1,1,1,3.48674166906895,1,0,NA
1.34164029499387,1,0.365406741137095,1,1,1,0.25926610333853,1,1,1,1.26245384485358,0,0,NA,NA,NA,NA,NA
-0.957170471242288,0,-0.3650073813772,0,1,0,1.40697889963392,0,1,1,1.00434650836904,1,1,0,0.220061078533454,0,0,NA
0.166781288354251,0,-0.880327567775034,1,1,0,-1.48160119909394,0,1,0,-1.37570661941497,0,1,0,-0.213292119490704,1,1,0
-0.100013958938808,1,0.880382326243093,0,1,0,-0.729573757456521,1,1,0,-0.541085948006059,0,1,0,-1.78323500546248,0,1,0
0.768507431881776,1,0.848820519656645,1,1,1,2.59188884271244,1,1,0,2.94703006142335,1,1,1,4.27512903895258,1,0,NA
-0.575859567912693,1,0.349055522053908,0,1,1,0.788316062107552,1,0,NA,NA,NA,NA,NA,NA,NA,NA,NA
-0.0100976719524611,0,0.795129235944703,0,1,0,0.336165553303408,1,1,0,1.24217169812423,0,1,0,1.20855515189341,0,1,0
-1.77865914874394,0,-0.493022690774903,1,1,0,0.321436070219775,0,1,0,-1.53482201731233,0,1,0,-2.36033803803885,0,1,1
-0.7776214428705,0,-0.374508227512142,0,1,0,0.238988813898448,0,0,NA,NA,NA,NA,NA,NA,NA,NA,NA
0.12503388366511,0,1.07952066351369,1,1,1,0.177191512793367,1,1,1,1.17568517034692,1,1,1,2.50701706854785,1,0,NA
-0.706321492388223,0,-0.548617421549009,0,1,0,-0.0196064650827376,1,1,1,1.65564329083804,1,1,1,1.64124135976031,1,0,NA
-0.04356948581148,0,-1.43524730424062,0,1,0,-2.36869345434957,0,1,0,-1.32009068053005,0,1,0,-0.304938232125913,1,1,0
-0.46792597392522,0,-0.0784573171968389,0,1,0,1.21993932717612,1,1,1,3.69533187343661,1,1,1,3.97479363012446,1,1,1
0.60693013616149,1,0.00502119073944651,1,0,NA,NA,NA,NA,NA,NA,NA,NA,NA,NA,NA,NA,NA
1.16848830874956,1,2.12249428209914,1,1,1,3.3099848158142,1,0,NA,NA,NA,NA,NA,NA,NA,NA,NA
-0.822501412807523,1,1.72814403313816,0,1,0,1.96056447095903,1,0,NA,NA,NA,NA,NA,NA,NA,NA,NA
-0.307036558594728,1,-0.936273710734303,1,1,0,-1.14452176087172,1,1,0,0.0882091504522789,0,1,0,0.147082696734853,0,1,1
1.43976125836974,1,0.318791110129451,1,1,1,1.87704813264614,1,0,NA,NA,NA,NA,NA,NA,NA,NA,NA
-2.19892325418371,0,-2.29019010221957,0,1,0,-0.900342427496037,0,1,0,-3.09090307371972,0,1,0,-3.42263872719021,0,1,0
-0.319837791740735,1,-0.976823523193031,1,1,0,1.0716541355735,1,1,0,-1.54773982300099,0,1,1,-1.27216478089289,0,1,0
2.06470428414334,0,0.379599375660628,1,1,1,0.567336711065221,1,0,NA,NA,NA,NA,NA,NA,NA,NA,NA
2.19359006906425,1,-0.205614098508107,1,1,0,0.515482274376845,0,1,1,0.985760847287996,0,1,0,-0.034869331835556,1,1,1
0.156595323350149,1,0.839648305987258,1,1,1,0.808446118154172,1,0,NA,NA,NA,NA,NA,NA,NA,NA,NA
-0.863608950613638,0,-0.210230956217911,0,1,0,-0.707098413333273,0,1,0,-2.80277060421749,1,1,0,-1.75858597159841,0,1,0
0.165457419490438,0,0.188025167982316,0,1,0,0.264340157143696,0,1,0,0.820602165078427,0,1,0,0.915728605715297,1,0,NA
-0.65277439594702,1,0.0983112624959079,0,1,0,-0.111448814498181,0,1,1,-1.25504599471574,0,1,0,-1.71406241760065,0,1,0
1.45281728229148,1,1.31361925947007,1,0,NA,NA,NA,NA,NA,NA,NA,NA,NA,NA,NA,NA,NA
-0.806482655703046,1,-1.25632001406504,0,1,0,-1.47017352483637,0,1,0,-1.48001221206113,1,1,0,0.0516261443071129,0,1,1
0.372911595208748,0,0.765209800447087,0,1,1,1.6864942513589,1,1,1,1.28450889251677,1,1,1,2.69974113316853,1,1,1
0.619850074568692,1,1.01789064648471,1,1,0,1.10396756306512,1,1,1,0.825532765334497,1,1,1,2.39033824689365,1,0,NA
-0.757510160695849,0,-0.547888287761379,1,1,0,-0.411544212825751,0,1,0,1.44268426488292,1,1,1,0.598763128575967,0,1,0
0.851524681506183,1,1.42645495194816,1,0,NA,NA,NA,NA,NA,NA,NA,NA,NA,NA,NA,NA,NA
-0.747929970916306,1,0.372397302960553,0,1,0,1.20982477171149,1,1,1,1.2063778320931,1,1,1,3.27876328445963,1,1,1
0.63023982965398,1,0.10895813082508,1,1,0,1.49257734740723,0,1,1,2.01469145999508,1,0,NA,NA,NA,NA,NA
1.09666163310355,1,1.59887970165804,1,1,1,2.64684659083621,1,1,1,3.98107261932274,1,0,NA,NA,NA,NA,NA
-0.988442922383206,0,-3.09884747688559,0,1,0,-4.95569734204101,0,1,0,-5.18680466106896,0,1,0,-4.13839261771341,0,1,0
1.1079950409796,0,-0.0739768646572422,0,1,0,0.836564591829156,0,1,0,1.233432738235,0,1,0,0.276454263214445,1,1,0
-0.489532871212412,0,-1.20039851305269,0,1,0,-0.351360974243157,0,1,0,-1.58713352578868,1,1,0,-1.28336238959898,0,1,0
0.294353388436968,0,1.43570698181337,1,1,0,0.293979267433745,0,0,NA,NA,NA,NA,NA,NA,NA,NA,NA
0.20183747228877,1,1.94964760192593,1,1,0,2.08997197670417,1,0,NA,NA,NA,NA,NA,NA,NA,NA,NA
-0.427196386338202,0,0.547818412763932,1,1,0,-0.113266971568052,1,1,0,0.49850525412148,0,1,1,-0.314183266660145,0,1,1
0.268102869997785,1,-0.228715935271013,0,1,0,2.71006710015044,1,0,NA,NA,NA,NA,NA,NA,NA,NA,NA
-1.23043092542384,1,0.980895189211226,1,1,0,1.24919429040226,0,1,0,1.05244339670727,0,1,1,1.01857505291281,1,0,NA
-0.136136872184964,0,0.101977172094619,0,1,0,-0.52872538717721,0,1,0,0.00606610689491344,0,1,0,-0.00531579009266991,0,1,0
0.825790831665171,1,-0.943868566952101,0,1,0,1.1369742084962,1,1,0,1.41215006408571,1,1,1,2.25823492678102,1,1,0
-2.17412464922931,0,0.107905164158667,0,1,0,-0.541017771023015,0,1,0,-1.06095904745266,0,1,0,1.23552899048148,1,1,0
-1.48792618735825,0,0.020009422635461,0,1,0,-0.664148102337677,0,1,0,0.567216711857763,1,1,1,1.23306806776862,1,1,0
-1.16193755759697,1,0.0130540367907948,0,1,0,-0.439331557233884,1,1,1,-0.968345791074067,1,1,0,-0.726740725179073,0,1,0
-1.58908969414543,0,0.93102748436743,1,1,1,0.131113789641281,0,0,NA,NA,NA,NA,NA,NA,NA,NA,NA
0.419583039296359,1,2.47288082827805,1,1,0,1.73402955358843,1,1,1,1.78025320051398,1,1,0,5.30640055304865,1,0,NA
-0.992928349756011,0,1.0602495905808,1,1,1,0.526209738334355,1,1,0,1.64282999728811,1,1,1,0.348395604915369,0,0,NA
-2.16454708532897,0,0.315149351740274,0,1,0,1.72226228538781,0,1,1,-0.032258205285292,0,1,0,-1.43822315115386,1,1,0
-0.63756876508045,1,1.85999234649286,1,1,1,1.18673264298912,1,1,1,2.00017397728944,0,0,NA,NA,NA,NA,NA
-0.390635251474806,1,-0.104810722434534,0,0,NA,NA,NA,NA,NA,NA,NA,NA,NA,NA,NA,NA,NA
0.85678547377811,1,2.24630122899316,1,1,1,-0.289084244100474,1,1,1,2.67925773837015,1,0,NA,NA,NA,NA,NA
-1.10375213599883,0,-1.60766872487553,0,1,0,-1.47989245062519,0,1,0,-2.15874810154604,0,1,0,-2.99651768024271,0,1,0
1.1612892557387,1,2.50926689442551,1,1,1,3.48584485151026,1,1,1,3.57746860397624,1,0,NA,NA,NA,NA,NA
0.398362715628605,1,-0.581165787270047,0,1,0,2.34450073555764,1,0,NA,NA,NA,NA,NA,NA,NA,NA,NA
0.362352157635545,0,-1.2976060786103,0,1,0,-1.48786042148751,0,1,0,-0.985857863225808,0,0,NA,NA,NA,NA,NA
-0.852525670314502,0,-1.17603905451857,0,1,0,-0.628908691118248,0,1,0,-0.993255908720412,0,1,0,-0.90156590460867,0,1,1
1.95366787989804,1,1.0250645597605,0,1,0,1.62170547313552,1,1,1,3.47807827668935,1,1,1,5.15798924667663,1,1,1
-0.164270832097155,0,-2.5960314103426,0,1,0,-2.17425718188084,0,1,0,-1.45808927955567,0,1,0,-0.375334396856991,0,1,1
-1.82489758417833,0,-0.107258022588138,1,1,1,1.31478020329084,1,1,1,2.02164251598057,1,1,1,1.76441948746194,1,0,NA
-0.203856471392496,1,1.14551628610226,0,0,NA,NA,NA,NA,NA,NA,NA,NA,NA,NA,NA,NA,NA
-1.93444407073205,0,-2.68529087681065,1,1,0,-3.32124575580565,0,1,0,-3.09296228418292,0,1,0,-4.91820813037077,0,1,0
-0.310510115786673,0,0.9084268143268,1,1,1,0.644658356246586,1,1,1,2.91572956536619,1,1,1,3.83160549482847,1,0,NA
-0.422227003189619,0,1.75081222351579,1,1,1,-0.173253400812724,1,1,1,1.60727626572955,0,1,0,2.64997572190185,1,1,1
0.68182969040341,1,0.206448970364684,1,1,1,1.06034413327485,0,1,0,0.694042399178852,1,1,1,0.386476206939845,1,1,1
1.00949618573749,1,1.81402153207122,1,0,NA,NA,NA,NA,NA,NA,NA,NA,NA,NA,NA,NA,NA
-0.726104964901155,0,-1.28495047399318,0,1,0,-1.3718821882925,0,1,0,-0.825246977270566,0,1,0,-0.817778637385,0,1,0
0.806108868375026,1,0.451209886944917,1,1,0,2.52083448529048,1,1,1,4.80537849929524,1,1,1,4.04000883703744,1,0,NA
1.42432310966876,1,1.61856257294791,0,1,0,2.10578525157382,1,1,1,3.15568750080487,1,1,0,5.88923623732099,1,0,NA
-0.784144004842646,1,0.935013460266978,1,1,1,1.26777282107665,1,1,1,0.155667954599326,0,1,0,1.62324315466722,0,0,NA
-0.652404366499333,0,-0.652557036234495,0,1,0,1.30376517277837,1,1,1,-0.157687711583142,0,1,0,1.41267315518868,0,1,0
0.650778363153682,1,1.13862537716488,1,1,1,3.49627478254619,1,1,1,2.0288414470546,1,0,NA,NA,NA,NA,NA
0.183047969943935,0,0.984040888803131,0,0,NA,NA,NA,NA,NA,NA,NA,NA,NA,NA,NA,NA,NA
0.548774960444283,0,0.573611900994089,0,1,0,-1.34851749056897,0,1,0,0.465426095085952,0,0,NA,NA,NA,NA,NA
1.40468429454756,1,0.983470907508762,1,1,1,1.60512479043657,1,1,1,4.66467171953474,1,0,NA,NA,NA,NA,NA
0.387083119576395,0,-0.676038425336754,0,1,0,0.60422237038226,0,1,1,-0.443096084242665,1,1,1,0.384907973852285,0,1,0
1.05170127017537,0,-0.0636476744866699,0,1,0,0.219950064314884,0,1,0,-0.107709909722702,0,1,0,0.0858696518567775,0,1,1
0.622905462337194,1,-0.595281017271981,0,1,1,0.0700882972960805,1,1,1,0.151622772697635,1,1,1,2.49017152462166,1,0,NA
0.433620389808855,1,0.762244609141739,1,1,0,2.62618978870348,0,1,1,2.19504708346476,1,1,1,3.18277656785489,1,0,NA
0.386084438184412,1,1.21506685823569,1,1,1,2.16061975133346,1,1,1,3.68508438773797,1,0,NA,NA,NA,NA,NA
1.29132330445808,1,-0.250150447789863,1,1,0,0.492420314670021,1,1,0,2.3629729465651,1,0,NA,NA,NA,NA,NA
-1.00225987371065,1,1.91814795673298,1,1,1,2.08527163132998,1,0,NA,NA,NA,NA,NA,NA,NA,NA,NA
-1.10518272915749,0,-2.9163383214908,0,1,0,-1.45247934422518,0,1,0,-2.33429937158984,0,1,0,-1.79617154469326,0,1,1
0.591946003397209,1,0.8904296320377,1,1,0,0.227835565200929,0,1,0,1.92866436068728,1,1,1,3.19980454481079,1,1,1
-0.119689664133114,0,0.433470189326797,0,1,1,-1.55460150262373,0,1,0,-1.70473537593061,0,1,0,-0.868647607146293,0,1,0
0.0740052116849605,0,-2.26204507557866,0,1,0,-1.55676862020072,0,1,0,-1.69396723749991,0,1,0,-2.94509511185975,0,1,0
0.741277377171399,1,2.66777747964889,1,0,NA,NA,NA,NA,NA,NA,NA,NA,NA,NA,NA,NA,NA
0.753295047849076,0,-0.121897358687811,0,1,1,1.56123079149015,0,1,1,1.49663774523282,1,1,0,2.20921181237957,0,1,1
-0.262670503361778,1,1.11651719961989,1,1,1,1.09530808785935,1,1,1,1.75363401686305,1,0,NA,NA,NA,NA,NA
-0.312543868997102,0,-0.834258914439,0,1,1,-0.895118840285218,0,1,0,-2.69317292097716,0,1,0,-0.69010062851761,0,1,0
0.0735986090078693,1,-1.42524844923389,0,1,0,-2.27390702068301,0,1,0,-1.33252395770156,0,1,1,-1.0268556538715,1,1,0
1.06301778929474,1,1.84613923102631,1,1,1,1.51762087603455,1,1,1,2.34645966628392,1,1,1,3.77649771174631,1,0,NA
0.426020486679004,0,0.0503165839844259,0,1,0,0.896906424245289,0,1,1,0.755841158760943,1,1,1,1.79262904193471,1,1,1
1.43300751082319,1,0.976296938703267,0,0,NA,NA,NA,NA,NA,NA,NA,NA,NA,NA,NA,NA,NA
-0.00763687041997194,0,-0.846064394246262,0,1,0,-0.962708589638712,0,1,0,-0.868125424273645,0,1,0,-0.0763103181927709,0,1,0
1.12566760522075,1,0.601138400227943,1,1,1,1.48188104587588,1,1,0,4.60457701100016,1,0,NA,NA,NA,NA,NA
0.883002311017247,1,-0.382873532334863,0,1,0,-1.95479667331704,1,1,0,-0.811977514709515,0,1,0,-0.291124251554273,0,1,1
0.61208346090007,1,-0.244799956802476,1,1,1,-0.110279959263789,0,1,0,0.0579106515589924,1,0,NA,NA,NA,NA,NA
0.414700706778464,0,0.393936514575265,1,1,0,1.25483772304666,1,1,1,-0.030037561279644,1,1,0,2.49984612408751,1,1,1
-0.279882397142518,0,1.51623942835599,1,1,1,1.41003515810119,1,1,1,0.91672955562043,1,0,NA,NA,NA,NA,NA
-0.109037509169232,1,-1.17921060715834,0,1,0,-1.01780102796378,0,1,0,0.584117168272653,0,1,0,1.38262385313182,1,1,0
0.229395495708467,0,1.41256890376591,1,1,1,1.45568820168343,1,1,0,1.20679014006717,1,0,NA,NA,NA,NA,NA
0.0488888906792862,0,-0.094013273708758,1,1,0,2.36325050627372,1,1,1,1.97726535017357,0,0,NA,NA,NA,NA,NA
0.94322446838622,1,1.6858058381003,0,1,1,2.13758135667235,1,0,NA,NA,NA,NA,NA,NA,NA,NA,NA
-0.109317123186431,1,0.703229665834119,1,1,0,2.78859734527476,0,1,1,-0.211311433856897,1,1,1,2.73911869996654,0,0,NA
-0.0703769215878276,0,-1.8468072307959,0,1,0,-1.82717654664647,0,1,0,-2.2600433382117,1,1,0,-1.59227139261246,0,1,0
-0.484319087565665,1,-1.26934799596543,1,1,0,-0.00530578133947823,0,1,0,1.09880131686229,0,1,1,1.78903188421465,1,1,1
-0.138336328543328,0,-0.971038924978194,0,1,0,-1.55390565285449,0,1,1,-1.71761690523275,0,1,1,0.237953690028857,0,1,0
-0.0687656423038444,1,-0.101106447999914,0,1,1,1.69042553368539,1,1,1,1.21021911552656,1,0,NA,NA,NA,NA,NA
-2.31373577389942,0,-1.09435454331826,1,1,0,-1.35023888173166,0,1,0,-3.33931422409023,0,1,0,-3.12895612134444,0,1,0
-1.36483169721432,0,-1.12788625536435,0,1,0,-1.29641262572939,1,1,1,-1.0380017447683,0,1,0,-0.61919518528991,0,1,1
-0.072486909951959,0,-0.378228142376852,1,1,0,-0.519897317869902,0,1,0,1.70441269259979,1,1,1,3.13538994152943,1,1,1
-0.265283774864499,1,0.452630953828268,1,1,0,1.09324972814628,1,1,1,-0.0754793010902557,1,1,1,1.15671960216478,1,1,1
-1.20086932820744,1,-1.49817251292568,0,1,0,-0.808061990933718,0,1,1,-2.94520978746241,1,1,0,0.341897859426139,0,1,0
-1.99153817604302,0,-1.46376584371167,0,1,0,-1.71748212572068,0,1,0,-4.23447387365476,0,1,0,-4.99012431122713,0,1,0
-0.354369219913427,0,-1.37303106280565,0,1,0,-0.0138221842021894,1,1,0,0.0992244157431391,0,1,0,1.65207198024955,1,1,0
0.653495765694276,0,2.00750359901109,1,1,1,1.81162609971464,1,0,NA,NA,NA,NA,NA,NA,NA,NA,NA
1.77323863192756,1,-1.01928267788636,0,1,1,-0.856831243272977,1,1,0,3.23195655612738,1,1,1,3.11334757913331,1,1,1
-0.0384567937093384,1,-1.82764116672853,0,1,1,-1.32897145153634,0,1,0,-0.558716011751576,1,1,0,0.281190172085723,0,1,0
1.49318484062772,0,-0.874123166584338,1,1,0,0.380119142308987,0,1,0,1.09729354080703,1,1,1,1.76113278061551,1,1,1
0.0830221576359683,0,0.0527647229425514,0,1,0,-0.517481943222952,1,1,0,-0.239752089964733,0,1,0,-0.471574057169606,0,1,0
0.11553210425956,1,0.164038404864819,1,1,0,0.94385583143107,0,1,0,1.77889172639978,0,0,NA,NA,NA,NA,NA
0.324825313348747,1,-0.0644158013280634,0,1,0,0.152946122425432,1,1,0,2.45061913442826,1,1,1,1.82691522828102,1,1,1
-0.870577245260919,0,-0.848578567510125,0,1,0,-1.73521647733679,0,1,0,0.897508756823854,0,1,0,0.895464461496129,0,1,1
-0.0517182128948834,0,0.919801382959026,0,1,0,-0.425168152757819,1,1,1,0.711789171201578,0,1,0,1.28562654285699,0,1,0
0.908447698792251,1,0.0752651090761689,1,1,1,0.0160702700723598,1,0,NA,NA,NA,NA,NA,NA,NA,NA,NA
-0.749725786852189,0,-0.551222482338733,1,1,0,0.386437418703216,0,1,1,-0.570807753069803,1,1,0,-0.264619915283818,0,1,0
-0.321606069887961,1,-0.14746660097287,0,1,0,-0.924667078024678,0,1,0,-0.23404923503132,0,1,0,0.0786691234056721,1,0,NA
-1.14777075045925,1,-0.251095503577573,0,1,0,0.567169116759742,0,1,0,1.69261167582895,1,1,0,2.14638853842909,1,0,NA
0.354352196449355,0,0.283042381420151,0,1,0,1.61053852562925,1,0,NA,NA,NA,NA,NA,NA,NA,NA,NA
0.424799782389022,1,1.31430492731904,1,1,1,2.33626016384428,1,1,1,3.84238212566918,1,0,NA,NA,NA,NA,NA
0.648347351224082,1,0.248601631053424,1,1,1,2.07679112651421,1,1,0,3.03993002397856,1,1,1,4.75034433223841,1,1,1
-1.2198100315169,1,-1.17822449413266,0,1,0,0.817481014075504,0,1,0,0.868607927488029,1,1,1,2.43277014016772,1,1,1
0.107235034754764,0,2.34194023542001,1,1,0,1.19116698643052,1,0,NA,NA,NA,NA,NA,NA,NA,NA,NA
-0.944057691649846,0,-0.247895889034418,1,1,0,-0.454815658823523,0,1,0,-0.525241244529733,0,1,0,0.910853796697318,0,1,0
-0.000384648716023502,0,-1.94748610273179,1,1,0,-1.25850698340235,0,1,0,-2.04613107897892,0,1,0,-2.8139489299927,0,1,0
1.34262392000608,1,1.91501611276271,1,1,1,2.31545555412534,0,1,1,3.1372815979741,1,0,NA,NA,NA,NA,NA
-0.503525286934276,1,1.28846126721788,0,1,1,1.97838135779314,1,0,NA,NA,NA,NA,NA,NA,NA,NA,NA
0.716683320938825,0,0.327223859118771,1,1,1,0.981132328000244,1,0,NA,NA,NA,NA,NA,NA,NA,NA,NA
-0.749668584083695,1,1.08800015386917,1,1,1,1.65159940468043,0,1,1,3.21509040131082,1,0,NA,NA,NA,NA,NA
-0.478528210450305,0,-0.79808481778769,1,1,1,-0.110239590551349,0,1,0,1.65968945740861,1,1,1,-0.296311751305883,0,1,1
0.438721750586617,1,0.288578041983596,0,1,0,-0.844704036928448,1,1,1,-0.0196500651586525,1,0,NA,NA,NA,NA,NA
-0.679112270457868,1,-0.673057102417507,1,1,0,-0.694837955907505,1,1,0,1.67515699567686,0,1,0,1.03224257108685,0,1,1
-1.70296483514544,1,-0.785610616426503,0,1,0,-2.32935579113798,0,1,0,-2.92216111040576,0,1,0,-5.97033641765347,0,1,0
1.26516843521333,1,0.624521035592446,1,1,1,2.54326678066899,1,0,NA,NA,NA,NA,NA,NA,NA,NA,NA
0.360357237879846,1,-1.51873872626762,0,1,0,-1.72003370638002,0,1,0,-0.758998662827058,0,1,0,-2.27795581806969,0,1,0
-0.58363944056009,0,-0.246091172070041,0,1,0,-1.11206023164386,1,1,0,-2.75824547097189,0,1,0,-2.85533818029482,0,1,1
-1.9940787873306,0,-2.83301657283078,0,1,0,-1.1398084956643,0,1,0,-2.90284099213664,0,1,0,-3.93112999389472,0,1,0
1.9022097713993,1,1.31592549017979,1,1,1,1.708291402969,0,1,1,1.48152358799381,1,0,NA,NA,NA,NA,NA
3.39037082127154,1,3.52455905106983,1,1,1,3.68097826973655,1,0,NA,NA,NA,NA,NA,NA,NA,NA,NA
0.207480407355457,0,-0.101716550979258,1,1,0,-0.0493208969792688,1,1,1,0.827370226369367,1,1,0,0.82830175180062,1,1,1
0.849806647511189,1,-1.183559015091,1,1,0,-1.02751658143366,0,1,0,-3.22309429648051,1,1,0,-2.59226354112242,0,0,NA
1.22456031207416,0,0.448737418617916,0,1,1,0.222610399576957,1,1,0,0.962229291725347,1,1,1,3.52400870691876,1,0,NA
-0.701804433538609,0,-0.718438672664131,0,1,0,-0.0726240793331888,0,1,0,-0.0683163958058008,1,1,0,-2.6457923108835,0,1,0
-0.35119622955654,1,-0.836789038870929,0,1,0,0.250980322649128,1,1,0,0.660276947381009,1,1,0,-0.338648133783772,1,1,1
-1.7271210366452,0,1.02038300309497,0,1,0,0.103496814976646,0,1,0,1.32248666603113,1,1,1,3.01643091192895,1,1,1
-0.736578232271872,0,-0.704925476567166,0,1,0,0.373537136099819,1,1,1,1.04421502519674,0,1,0,-0.598701619462982,0,1,0
0.622409782886114,1,2.0247729850473,1,1,1,1.43911287281743,1,1,0,3.06264227907862,1,1,0,2.59666259935384,1,0,NA
-0.29071598924087,1,0.0421147361436822,0,1,0,-0.453995206079909,0,1,0,-0.506069953123692,0,1,0,-0.619427226111761,1,0,NA
-0.214211534183077,0,0.240417137294412,0,0,NA,NA,NA,NA,NA,NA,NA,NA,NA,NA,NA,NA,NA
-0.112559551502516,1,0.214247718540027,1,0,NA,NA,NA,NA,NA,NA,NA,NA,NA,NA,NA,NA,NA
-1.8636669824956,1,-1.06722557675284,0,1,0,-1.91907579264513,0,1,0,-0.917891130279096,0,1,0,-3.07005896067144,0,1,0
0.83762993423167,1,-0.43756872626253,0,1,1,1.06941173479737,0,1,1,0.91346876878188,0,1,0,2.71636480385962,1,1,1
-1.44349288893542,0,-1.66390299816405,0,1,0,-2.83317279557432,0,0,NA,NA,NA,NA,NA,NA,NA,NA,NA
-0.208570162415648,1,-0.0723557386180536,1,1,0,0.117727372978897,0,1,0,0.585378888306855,0,1,1,-0.126496839863627,0,1,0
-0.43856346205883,0,0.262977080339131,1,1,1,-0.680031098768815,0,1,0,0.044511845998,0,1,0,1.20132928829738,1,1,0
-0.218593816856198,1,-0.120196102069497,1,1,0,-0.587270004518825,0,0,NA,NA,NA,NA,NA,NA,NA,NA,NA
1.45996594473579,1,1.01184105120456,1,1,1,-0.465968119157909,1,1,1,0.371387886418763,1,1,1,1.4703477994364,1,0,NA
-0.58205991791537,0,0.209831467502774,0,1,0,0.346112474317773,1,1,0,1.49554589165726,1,1,0,0.50305195452817,1,1,1
-0.783097595711896,1,0.0213964977962029,1,0,NA,NA,NA,NA,NA,NA,NA,NA,NA,NA,NA,NA,NA
-1.51965399494385,1,-1.67648785441931,0,1,0,-0.780359142590763,0,1,0,-2.16527089649902,0,1,0,-3.59380968053799,0,1,0
-0.805698081611249,1,-0.499668541908183,1,1,0,-0.0701268810610361,0,0,NA,NA,NA,NA,NA,NA,NA,NA,NA
-1.16618470736774,1,-1.44284056012231,0,1,0,0.0240214774351633,1,1,0,0.793816459459422,1,0,NA,NA,NA,NA,NA
0.407946196248296,0,0.17488619749588,1,1,0,1.42777662859579,1,1,0,1.72391638479895,0,1,0,0.624581849130326,0,1,0
-0.863004246007877,0,-0.933196457591951,0,1,0,-1.5853082816615,1,1,0,-2.35731211681457,0,1,0,-1.92125748319642,0,1,0
0.304042035028136,1,0.12030693568013,0,1,0,2.44198218141239,1,1,1,2.19270708554094,1,1,1,2.31643759553795,1,0,NA
-0.146427487847921,1,0.0857537271416293,0,1,0,1.07644085242783,1,1,1,2.82208783217351,1,1,1,4.06594911177816,1,1,1
-1.4335621799108,0,1.63777161766574,0,1,1,1.14803614852041,1,1,0,3.72008616225185,1,0,NA,NA,NA,NA,NA
-0.790607785722698,0,-2.08809630796711,0,1,0,-1.54530013959348,0,1,0,-0.325486956540542,1,1,0,-1.09493140164239,1,1,1
0.885112455057677,1,0.630236935786132,1,1,1,1.41995525956836,1,1,1,3.20834662971044,1,1,1,4.90026029701813,1,0,NA
0.903076085954568,1,0.807554433541676,1,1,0,2.69357457113092,1,1,1,4.32494767906076,1,1,0,4.07789698854878,1,0,NA
2.00557327430063,0,0.49958520236162,1,1,1,1.89134067056855,0,1,0,2.77896565263548,1,1,1,5.90455102367495,1,0,NA
-0.00358030839978085,0,-0.34010056089288,1,1,1,-0.0978825371645032,0,1,0,-1.32898305411129,0,1,0,-0.61053088079112,1,1,0
-1.49582681398214,1,-1.18769322020589,0,1,0,1.09958398442225,0,1,0,0.875956951955673,0,1,0,-0.320824256117513,0,1,0
-0.768417027015159,0,0.642600789309968,1,1,1,0.373781450499164,0,1,0,0.126247867295383,1,1,1,2.53123830705655,0,0,NA
0.408488504840148,0,-0.0177575241302858,0,1,1,0.6800149127392,1,1,1,2.06165888673691,1,1,1,4.1770752803406,1,0,NA
1.90013633489472,1,0.442385639991596,1,1,0,0.716687124731276,1,1,1,2.32496772608893,1,1,1,6.0059056253194,1,0,NA
0.110009123439723,0,0.959545020731311,1,1,1,1.80395067485153,0,1,0,0.411057483124184,1,1,1,1.78450605213073,1,0,NA
1.14038682512847,0,0.952122285213592,1,1,1,1.73717818485497,1,1,1,2.27520491052536,1,0,NA,NA,NA,NA,NA
0.768081304692261,1,0.138874243679348,1,1,0,0.915665085819125,1,1,0,2.84928177139742,1,1,1,2.28337048164123,1,0,NA
-1.16809162211733,0,-0.702232361320673,0,1,0,-0.560267703400615,0,1,0,0.147080773593556,0,1,0,-0.0750434004993283,0,0,NA
-0.171112652264859,0,0.989918657078334,1,1,0,0.174993356603891,0,1,0,-0.170280789497529,0,1,0,-0.112801582055385,0,1,0
1.30526153634768,1,0.885625153069322,0,1,0,1.12480614570627,1,1,1,1.40830933874209,0,1,1,2.67762247920323,1,0,NA
0.876096109595914,0,1.21929586351091,1,0,NA,NA,NA,NA,NA,NA,NA,NA,NA,NA,NA,NA,NA
0.463796141567798,0,-0.309986614350628,1,1,1,-0.0770259129540905,1,1,1,1.02925140978434,0,0,NA,NA,NA,NA,NA
0.477114245376879,1,-0.983572458465589,0,1,1,-1.412359713501,0,1,0,0.0285514158713275,0,1,0,-0.278430912828181,1,1,1
-0.491405300209402,0,0.0656813812117275,1,1,1,0.215302982536729,1,0,NA,NA,NA,NA,NA,NA,NA,NA,NA
-1.3193853133442,0,1.78398641796807,0,1,1,0.188053093828172,1,1,0,0.971028667888295,1,1,1,0.577778513653969,0,1,0
1.29542579083131,1,1.66904281223822,1,1,1,2.47804839784389,0,1,1,1.55482156900529,1,0,NA,NA,NA,NA,NA
-1.42021949166693,0,-1.35069400250357,0,1,0,-1.40410902501988,0,1,0,-0.757286050046397,0,1,0,-2.36010527384202,0,1,0
-0.93889591970583,0,-0.351798058785768,0,0,NA,NA,NA,NA,NA,NA,NA,NA,NA,NA,NA,NA,NA
0.62896499251984,1,-0.11236753004361,1,1,0,0.794937166213777,1,1,1,2.21039454252444,1,1,1,3.25083766490412,1,0,NA
-1.2621945493896,0,-1.43459410955351,0,1,0,0.19057934154954,0,1,0,-0.0161357693115184,0,1,1,-3.31452805461854,0,1,0
-0.551870413272792,1,-1.43025603422793,0,1,0,0.424891395279242,0,1,0,-0.526589074033561,1,1,0,-0.915014448289094,0,1,0
-1.18279950678248,0,0.913693200703148,0,1,1,0.859764006333503,0,1,1,-0.584524247878301,1,1,0,-1.09959992701314,1,0,NA
0.62066355772895,0,1.26001319207324,0,1,0,2.24419038678742,1,1,1,2.93553656707345,1,1,1,3.62674034269255,1,0,NA
0.446313016638096,1,-0.428837859539561,0,1,0,-0.449456685498222,0,1,0,0.186105336823084,0,1,0,-0.733748987485357,0,1,0
0.421884693273688,0,1.49343610412796,1,1,1,0.614328906866569,0,1,0,2.15239721097666,1,1,1,2.53321126876398,1,0,NA
0.442464772145637,0,-0.330027464744665,1,0,NA,NA,NA,NA,NA,NA,NA,NA,NA,NA,NA,NA,NA
0.557245746378939,0,0.75434109861813,0,1,0,-0.451548112607815,1,1,1,0.0409820631658235,0,1,0,1.28622489450546,1,1,1
0.639356491970517,0,-2.82532265402685,0,0,NA,NA,NA,NA,NA,NA,NA,NA,NA,NA,NA,NA,NA
-1.96866155667422,0,-1.04269033397029,0,1,0,-1.82379385681013,0,1,0,-1.94740774882161,0,1,0,-1.91457891039177,0,1,0
-0.148816361359868,0,2.42201263739277,1,1,1,0.965008070728432,1,1,1,2.42342299796563,1,1,1,3.41913885089611,1,0,NA
0.112463812551901,1,-1.79167137605777,1,1,0,1.31112626162938,0,1,1,1.5833932477005,1,1,1,4.4406906498012,1,0,NA
0.72467620264776,1,0.467539707266223,1,1,0,-0.353321669297707,0,1,0,-0.397439108705735,0,1,0,0.533884482102239,1,0,NA
-1.18748607600528,0,1.1334660909559,1,0,NA,NA,NA,NA,NA,NA,NA,NA,NA,NA,NA,NA,NA
-0.499600189815913,0,0.179693692372913,1,1,1,-1.15719948455905,1,1,0,-0.83457819087362,0,1,0,-2.14800103321241,1,1,0
-1.07364299075116,1,1.04533763984531,0,1,1,1.17927450055521,1,1,0,2.44785804622256,0,1,1,2.29150505610531,1,0,NA
1.05724021270968,1,1.70063519246884,1,1,1,3.85686270250881,1,1,1,4.77857581906131,1,0,NA,NA,NA,NA,NA
1.27907258320933,1,2.37502031268111,1,1,1,0.0581811468225797,1,1,1,0.758397573389052,1,1,1,1.99738660985519,1,1,1
0.787676725359233,0,0.439048874944944,1,1,1,2.24798455460607,1,1,1,1.50450061301348,1,1,0,2.6607948957172,1,0,NA
-1.22240338257699,1,-0.195012909706251,0,1,0,0.567992571967543,1,1,1,0.401575679599322,1,1,1,1.37765725134389,0,1,0
0.451952116736654,0,-1.89170577881952,0,1,0,-0.178185984929913,0,1,0,-0.714989300673467,1,1,0,-0.556231898386032,1,1,0
1.15044918638092,1,0.247600552344817,1,1,1,1.41129955428165,1,1,0,2.45212839809261,1,0,NA,NA,NA,NA,NA
0.167940980736459,1,-0.313852390924694,0,0,NA,NA,NA,NA,NA,NA,NA,NA,NA,NA,NA,NA,NA
-0.56610933289597,0,0.469774818957304,0,1,0,0.16332746639706,0,1,0,-0.397123531910715,0,1,0,-1.41325399402629,0,1,0
-1.08611824061135,0,-1.11806119480088,0,1,0,-0.479644050436572,1,1,1,0.793292585695803,0,1,0,-1.91600269192678,0,1,1
-0.665302795560156,0,1.03326388177765,1,1,0,1.90751069668932,1,1,1,1.93415602520406,1,1,0,2.23507015480294,1,0,NA
0.714848355949339,0,2.03396479191595,1,1,1,0.857653841921929,1,1,1,2.83158032415607,1,0,NA,NA,NA,NA,NA
-0.431661100381928,0,0.000149619471190521,0,1,0,-0.0502601045434112,0,1,1,1.14358673601989,0,1,1,1.67355676526355,0,1,1
0.227614939940088,1,0.737653160292543,0,1,1,0.412134862072749,1,1,1,4.05853042985808,1,0,NA,NA,NA,NA,NA
1.2949457956703,1,-0.849757246904302,1,1,0,0.496160450883238,0,1,0,0.619977887149567,1,1,1,3.71119767840678,1,1,1
0.578334940469455,1,1.51653763823297,1,1,1,2.49136696460395,1,0,NA,NA,NA,NA,NA,NA,NA,NA,NA
1.36467278147354,0,3.35842165010029,1,1,1,4.08030677252712,1,1,1,3.0097816658293,1,0,NA,NA,NA,NA,NA
-1.70157980266041,1,-0.981814138795805,0,1,0,0.653214720723043,1,0,NA,NA,NA,NA,NA,NA,NA,NA,NA
-0.280676279713792,1,0.296696610689619,1,1,1,1.46588571258246,0,0,NA,NA,NA,NA,NA,NA,NA,NA,NA
0.0650680194921931,0,0.477896747638144,1,1,1,-0.327245957866369,0,1,0,-0.046990981406658,0,1,0,0.943849899797843,1,1,1
0.578589291608515,0,-0.263532406745943,0,1,0,0.939330898682721,1,1,1,0.452491316938171,0,0,NA,NA,NA,NA,NA
-1.16920662152897,0,-1.94961717704734,0,1,0,-0.0262422574825276,0,1,1,-1.20695760828905,0,1,0,-0.569848001591751,0,1,0
0.806184855447289,1,-0.391695302308353,1,1,0,2.23242619029036,0,0,NA,NA,NA,NA,NA,NA,NA,NA,NA
0.307390076162333,1,2.29264144990137,1,0,NA,NA,NA,NA,NA,NA,NA,NA,NA,NA,NA,NA,NA
0.263806013604717,0,1.99341311833888,1,1,1,1.08051639321079,1,1,1,2.94003026015899,1,1,1,1.0209476326682,1,0,NA
0.508484791605046,0,-0.479792129447729,0,1,1,-0.991681756107367,1,1,0,-1.53751038899689,0,1,0,-0.855659684987243,1,1,1
-0.116358439876994,0,1.08593867506239,1,1,1,2.4134081361353,1,1,0,2.37868775317556,1,0,NA,NA,NA,NA,NA
0.925546098499114,1,-1.10891895777599,0,1,0,0.29639660203644,0,1,0,-0.446912785140044,1,1,0,1.44028338331676,0,1,0
0.64822977373149,0,0.237187292477633,0,1,1,-1.08867668671037,0,1,0,-1.33830443727221,0,1,0,-1.10482209466066,0,1,0
-0.150209374167699,1,0.0654344890173761,1,1,1,0.524826336014885,1,1,0,1.91842836037965,0,1,1,1.2507973240823,0,0,NA
1.0403770193407,0,0.801771385985937,1,1,1,0.0206746245586156,0,0,NA,NA,NA,NA,NA,NA,NA,NA,NA
0.292558684946182,0,-0.623108709890018,0,1,0,0.706858326495585,1,1,1,2.08128902371986,1,1,1,3.63367461857859,1,1,1
0.668751399439465,1,0.461449273208172,1,1,0,1.84233733006296,1,0,NA,NA,NA,NA,NA,NA,NA,NA,NA
-0.594177641624221,0,-0.151610488888828,1,1,0,1.14312831899912,1,1,0,-0.483310909255711,0,1,0,0.757261048859568,0,1,0
1.58043183698592,1,-0.134452473679003,0,1,0,3.01530741395034,1,1,1,2.0536043614219,1,1,1,4.67956389982822,1,0,NA
-0.0039889443499837,1,-0.0440070946955962,1,1,1,2.07098691649869,1,1,0,2.03103685757508,1,1,1,4.17163743586378,1,0,NA
0.847842768893476,0,1.91073580420772,1,0,NA,NA,NA,NA,NA,NA,NA,NA,NA,NA,NA,NA,NA
-0.100116525892691,0,-1.144037895734,0,1,0,-1.15154092756112,0,1,1,-1.03466503488264,0,1,0,-3.02274352948197,1,1,0
-0.279629906980599,1,0.670161837109216,0,1,0,0.947957961351165,0,1,0,0.982390987094689,0,1,1,1.14813761529873,0,1,1
0.784438245280006,1,-0.292778171575828,1,1,0,-0.760103088363047,0,1,0,-0.192885174314516,1,1,0,1.01535200951216,1,1,1
-1.58461664459117,0,-0.304219832431876,1,1,0,-0.299678019384887,0,1,0,-0.5950122609088,0,1,0,-1.16297983154983,0,1,1
0.47836614779403,0,-2.23316812020496,0,1,0,-1.24624117913734,0,1,0,-1.79671291029025,0,1,0,-1.33008996401422,0,1,0
0.393566372994815,1,0.879283513125017,0,1,1,1.05574078442658,1,0,NA,NA,NA,NA,NA,NA,NA,NA,NA
-2.69532936912452,0,-1.68527360953923,0,1,0,-0.869077174561692,0,1,0,-2.62016228968244,0,1,0,-3.25392932307402,0,1,0
0.368377328533257,0,0.692614160117659,1,1,1,2.00503996909334,1,0,NA,NA,NA,NA,NA,NA,NA,NA,NA
-2.16841774734701,0,-1.79261645579038,1,1,0,-0.295573460597416,0,1,0,-0.680475139141977,0,1,0,-0.507450803217926,0,1,0
0.65980437689272,0,-2.5328051480018,0,1,0,-0.88856349809109,0,1,0,-0.11258475506532,1,1,1,-0.384188139927203,1,1,1
-0.45391373338119,0,-0.92408689689396,0,1,0,-0.552421533217869,0,1,0,1.77744737408708,0,1,0,-0.663948542788113,0,1,0
-0.694936825234894,1,-1.69243417500396,0,1,0,-2.57443654007274,0,1,0,-0.00644051639348531,0,1,0,-2.90205486708534,1,1,0
-0.00684630317266509,1,-0.00251016709389479,1,1,0,-0.180059279922205,0,1,0,0.588739128519333,0,0,NA,NA,NA,NA,NA
1.37305204498399,1,2.15260765771933,1,1,0,1.54966086416477,1,1,1,2.42666743486973,1,1,1,4.37824255082169,1,0,NA
-0.635323077217894,0,0.263582684699535,0,1,0,0.424954931810667,1,1,0,0.289722674115479,1,1,1,0.961963882751564,0,0,NA
0.558103293948777,1,1.02543804821808,0,0,NA,NA,NA,NA,NA,NA,NA,NA,NA,NA,NA,NA,NA
0.341157868421877,1,0.466679778542607,1,1,0,1.59934119730428,1,0,NA,NA,NA,NA,NA,NA,NA,NA,NA
-1.17951862914156,0,-0.320641884200544,0,1,0,-0.00880403267720098,0,1,0,-0.926977539724758,1,1,0,0.38280990799087,1,1,1
-1.74102201733397,0,1.03513115435043,0,1,0,-1.00760937802924,0,1,0,0.809055858310185,1,1,0,0.593588705916567,0,1,0
-1.99258577123914,0,-0.366378763477806,0,1,0,-1.10609980688309,0,0,NA,NA,NA,NA,NA,NA,NA,NA,NA
0.551274211467889,1,1.47955358936056,1,1,1,2.60675621135339,1,1,1,4.40637513261958,1,0,NA,NA,NA,NA,NA
-0.0347420615312984,0,1.03236251216593,1,1,1,0.441045882548109,1,0,NA,NA,NA,NA,NA,NA,NA,NA,NA
1.85057170361062,1,1.07351068451147,1,0,NA,NA,NA,NA,NA,NA,NA,NA,NA,NA,NA,NA,NA
0.573675108263045,0,-0.345741262042947,1,1,1,1.27308458995109,0,0,NA,NA,NA,NA,NA,NA,NA,NA,NA
0.849695891082609,0,-1.56240086574814,0,1,0,-1.27669739278222,0,1,0,-1.4362081157123,0,1,0,-0.360403277991981,1,1,1
1.33438358533495,1,1.10708133354903,1,1,1,2.2467174316903,1,1,0,1.38021393991881,1,0,NA,NA,NA,NA,NA
-0.500719097964974,1,0.724227649348339,1,1,1,-0.180326953434018,0,1,0,-0.915691220819016,0,1,0,-1.21958989657969,1,1,0
0.510097928228489,1,-0.210926982115632,0,1,0,1.44507097520765,1,0,NA,NA,NA,NA,NA,NA,NA,NA,NA
0.868793270244154,0,0.214757633274079,0,1,1,0.267778096923754,0,1,0,0.525218572152913,1,1,1,2.27369744366408,1,1,0
1.36935168800303,1,0.851713364510668,1,1,1,1.31235248999811,1,1,1,3.30221658894651,1,0,NA,NA,NA,NA,NA
0.762651146326369,0,1.47017045441076,1,0,NA,NA,NA,NA,NA,NA,NA,NA,NA,NA,NA,NA,NA
0.421147173037333,0,-0.762406730963806,0,1,0,-0.263702682452268,0,1,1,1.18182939144579,0,1,1,0.145997121609185,1,1,0
-0.868224047271223,1,-0.586321275363726,1,1,1,-0.0559566795427686,0,1,0,-0.492241095339164,0,1,0,-1.12267566379046,0,1,0
0.729560360957693,0,0.0547984227648151,1,1,1,-0.353820159281087,1,1,0,1.15483286070424,0,1,0,2.20282193781825,1,1,1
0.500265872418287,0,0.762940844972628,1,1,0,1.8134112213705,1,1,1,3.29226428636051,1,1,1,4.15520519748083,1,0,NA
0.634250253706911,0,0.840267928990404,0,0,NA,NA,NA,NA,NA,NA,NA,NA,NA,NA,NA,NA,NA
0.423645045572256,1,0.964273608704163,1,1,0,1.69729624494961,0,0,NA,NA,NA,NA,NA,NA,NA,NA,NA
-0.201838044710004,1,-1.09055646806143,1,1,0,-0.286880573956512,0,1,0,0.579926877120667,1,1,0,1.1289609559981,1,0,NA
-0.0768658984340142,1,-0.651743961919835,0,1,1,0.0549019031966836,0,1,0,-0.124468210642513,0,1,0,1.33767091006814,1,1,1
0.687364113281517,1,-0.561949355464532,1,1,1,0.0687806858395156,0,1,0,1.07787179242083,0,0,NA,NA,NA,NA,NA
0.17163150692454,1,-0.0619319675497934,0,1,1,-2.21541206929217,0,1,0,-1.82407515395606,0,1,0,-2.54250050936073,0,1,1
-0.830108574326988,0,-0.180708294815669,1,1,0,-0.649485972792074,0,1,0,-1.14985108341597,0,1,0,-1.33189754049605,0,1,0
-0.290159119805667,1,0.25048710585459,1,1,0,0.256444163693258,0,1,0,0.800619033445909,1,1,0,1.36062448171387,1,1,0
-1.31912572417651,1,1.26774504843135,0,0,NA,NA,NA,NA,NA,NA,NA,NA,NA,NA,NA,NA,NA
-0.967031902668912,1,-1.10744974711892,0,1,0,0.2965954167331,0,1,0,0.604528531859979,0,1,0,-1.3559501764738,0,1,0
-0.144611070135517,0,-1.10011519462548,0,1,0,-1.8035158425757,0,1,0,-1.54763087070179,0,1,1,-1.97827124876067,0,1,0
-1.79813255637493,1,-0.954457059967567,0,1,0,-0.137867494154326,0,1,0,0.102971924631679,1,1,0,-0.343786597024747,0,1,0
-1.68854247459158,0,-1.61383403912063,0,1,0,-1.16684744936245,0,1,0,-1.36744890439446,0,1,0,-2.81046261476933,1,1,0
1.10256519943608,1,1.99715812534007,1,1,1,2.59629565901397,1,1,1,4.4627998776286,1,1,1,5.30770804341106,1,0,NA
-0.57661892421144,0,-0.547433974309934,0,0,NA,NA,NA,NA,NA,NA,NA,NA,NA,NA,NA,NA,NA
-1.85169172955149,0,-0.8571284177329,0,1,0,-2.23756480474986,0,1,0,-2.44203501411382,0,1,0,-3.30550690174589,0,1,0
-0.112863239428975,0,0.883112001433252,1,1,1,1.36829127375111,1,1,0,-0.138825007443249,1,1,0,1.84388403991565,1,0,NA
1.32106926722151,1,2.56299181253375,1,1,1,1.65965765976548,1,0,NA,NA,NA,NA,NA,NA,NA,NA,NA
0.662254296934641,1,0.695320802779113,1,1,0,-0.730754417173851,0,1,0,1.0870441392243,0,1,0,-0.0897775289097071,0,1,1
0.441383198353637,1,2.27676742263395,1,1,1,1.22647497987684,1,1,0,3.0972869648801,0,1,1,4.6514555909567,1,0,NA
1.18374591227984,1,1.04381347683749,1,1,1,-1.77506239754887,1,1,0,0.41634302086254,1,0,NA,NA,NA,NA,NA
-0.771501441100894,0,1.19410152716403,1,1,1,2.29959784516619,1,1,1,3.29838662253325,1,0,NA,NA,NA,NA,NA
0.729689191352037,1,1.95071039705738,0,1,0,3.98478246757264,1,1,1,2.56572992167085,1,0,NA,NA,NA,NA,NA
-0.58708561577886,0,1.57603877071767,1,1,0,1.71568924431356,1,1,1,2.76907742814364,1,1,1,3.8170637440003,1,0,NA
0.000764186362514016,1,1.9099905078913,0,0,NA,NA,NA,NA,NA,NA,NA,NA,NA,NA,NA,NA,NA
2.21446531934013,1,1.80190257611076,1,1,1,2.86947186505565,1,0,NA,NA,NA,NA,NA,NA,NA,NA,NA
0.969434395709261,0,-0.416481632881705,1,1,1,0.0993194524326365,1,1,1,1.99556642871743,0,1,1,4.74730701173269,1,0,NA
0.768007713717215,1,0.340438130296768,1,1,1,0.142291448523522,0,1,0,0.297333095291673,1,1,1,1.42768308619885,1,1,1
-1.10832791181816,1,-1.76755082355084,0,1,0,-0.461366941609785,0,1,0,-2.07333089381975,0,1,0,-1.89107812960836,0,1,0
-0.786235919994713,0,-0.584581773685846,0,1,1,0.149101127851822,0,1,0,0.239262701760509,0,0,NA,NA,NA,NA,NA
2.2841164802616,1,1.5459891088957,1,1,1,3.74320955705489,1,1,1,4.20854911625725,1,0,NA,NA,NA,NA,NA
-1.09330076397331,1,-0.0400850097859874,0,0,NA,NA,NA,NA,NA,NA,NA,NA,NA,NA,NA,NA,NA
0.214479375285073,0,-1.13828294882071,0,1,0,0.00633450747953113,0,1,1,0.933159904659787,1,1,0,0.536654457207862,0,1,1
0.892571059637072,0,0.491461023113627,1,1,0,2.81267845545396,1,0,NA,NA,NA,NA,NA,NA,NA,NA,NA
1.01875797234226,1,1.69976731191026,1,1,1,1.97128387897498,1,1,0,1.47256817255205,1,0,NA,NA,NA,NA,NA
1.08911201091924,1,0.884201488571018,1,1,1,1.93364527859896,1,1,1,2.86318975180824,1,1,1,3.38584596878823,1,0,NA
-0.163128989885215,0,0.116526412071143,0,1,1,-0.485372837214664,0,1,0,-1.12669568327865,0,1,0,-1.02263169824457,0,1,0
-0.820986697119997,1,-0.140450532357486,1,0,NA,NA,NA,NA,NA,NA,NA,NA,NA,NA,NA,NA,NA
-0.307257232988639,0,-0.522165545125449,0,1,0,-1.56222918613089,1,1,0,-1.648910443813,0,1,0,-0.758873704847451,0,1,0
-0.902098008539463,0,-1.49090338238803,0,1,0,-1.56268696256811,0,1,0,-1.90769676242014,0,1,0,0.011663017034099,0,1,0
0.627068743114984,1,-0.518194467312228,0,1,0,1.42061165461317,1,1,0,1.49022918647404,1,1,1,1.20268486241178,0,1,1
1.12035502842611,0,1.76392469895391,1,1,1,2.71218788618218,1,1,1,4.3970129893673,1,0,NA,NA,NA,NA,NA
2.12721355249353,0,0.0278276914105529,1,1,0,1.1881082912977,1,1,1,2.80567642421332,1,0,NA,NA,NA,NA,NA
0.366114382931719,1,-0.448586740567408,0,1,0,-0.130471226008766,0,1,0,-1.04705168242749,0,1,0,-1.1746305263702,1,1,0
-0.874781377193686,1,-0.340256034091893,0,1,0,0.380698974656854,1,1,1,0.744444626207738,1,1,1,0.610934971879109,0,1,1
1.02447486299323,1,1.99919915175507,1,1,1,3.19548939176045,1,1,1,5.07089630471947,1,0,NA,NA,NA,NA,NA
0.90475889369531,0,1.39526960131255,1,0,NA,NA,NA,NA,NA,NA,NA,NA,NA,NA,NA,NA,NA
-0.238248695902827,1,-1.27396468499752,1,1,0,1.22102591885325,1,1,1,-0.616258892536144,0,1,1,-0.0818110647011178,1,1,0
-1.55785490387231,0,0.882787657073522,0,1,1,0.595102413095876,0,1,1,2.04149649403669,1,0,NA,NA,NA,NA,NA
0.761309895393914,1,0.811025746034852,1,1,1,0.241697615558264,0,1,0,0.399197770463261,1,1,1,4.28281537468338,1,1,1
1.12914439564163,0,1.93822148592694,1,1,1,1.30974061038069,1,1,1,2.53400003566331,1,0,NA,NA,NA,NA,NA
-0.295107830705934,1,-1.17870535903225,0,1,1,0.797207674966158,0,1,0,1.13242978298633,1,1,0,0.517231731563006,1,0,NA
0.536242818358026,0,0.859543613169365,0,1,1,0.882807225168026,1,1,0,1.26027108582648,1,1,1,2.56346696658766,1,1,1
-0.275890474750511,0,-0.255268395886592,1,1,1,-0.954033334589699,0,1,0,0.349924416374449,0,1,0,-0.897251411353452,0,1,0
0.682315245137513,0,0.544477930263542,0,1,1,2.19412984184732,1,1,1,1.41697133270732,1,1,0,2.4572712578872,1,1,1
-0.117290714714849,0,1.3964680498006,0,1,1,2.87615763742284,1,1,1,2.05826905626146,1,0,NA,NA,NA,NA,NA
-0.344675863920062,0,0.51313237216442,0,1,0,2.90959782166704,1,1,1,4.39669101497688,1,0,NA,NA,NA,NA,NA
0.11162049819721,1,0.905302634173998,0,1,1,0.341115878434305,1,1,1,1.20249558877232,1,1,1,2.75817997579939,1,0,NA
-0.283405314982296,0,0.275399222824624,1,1,0,-0.840309343712752,1,1,0,0.354148169999995,1,1,0,1.9411781157528,1,0,NA
-0.591017164454285,1,0.277290858762853,1,0,NA,NA,NA,NA,NA,NA,NA,NA,NA,NA,NA,NA,NA
-0.315936931242398,0,0.665997817131554,1,1,0,0.322256701222456,1,1,1,0.989555808184508,0,1,0,2.94211800908855,1,0,NA
-0.00815215232553516,0,1.28342379921214,1,1,0,1.59402739798914,1,1,1,3.71647869620087,1,0,NA,NA,NA,NA,NA
0.207495140718474,1,-0.454563806946549,0,1,0,-0.00905902391519343,1,1,1,0.768482313487687,1,1,1,1.84294336852429,1,1,1
1.53242362162584,1,1.52858175405167,1,1,1,2.85220901803366,1,1,0,4.79441996686353,1,0,NA,NA,NA,NA,NA
-1.35799783095348,1,-1.1857522644703,0,1,0,-0.562394280494046,0,1,0,-2.58373822878985,0,1,0,-2.10860993335066,0,1,0
-0.199619050552942,0,-0.846416367283074,1,1,0,1.57322822398166,1,1,0,0.968128730482324,1,1,0,2.19381288637704,1,1,1
0.631523127780826,1,0.39470613383277,0,1,1,-0.0583443736675022,1,0,NA,NA,NA,NA,NA,NA,NA,NA,NA
1.76202090344287,1,-0.271515714200599,1,1,0,0.115077518602045,1,1,1,1.80256358951139,1,0,NA,NA,NA,NA,NA
0.426014362615495,1,0.0940586213058239,1,1,0,1.02991618992665,1,1,1,2.4185156976334,1,0,NA,NA,NA,NA,NA
-0.0137534164753999,1,0.590198013733054,1,0,NA,NA,NA,NA,NA,NA,NA,NA,NA,NA,NA,NA,NA
-0.307556909596359,1,-0.917103844932515,1,1,0,-0.927538646964067,1,1,0,1.10463793305384,1,1,0,1.6808458756684,0,1,1
0.41430816410829,1,-0.912948032243152,0,1,0,-1.47129431624592,0,1,0,-1.99460281736262,0,1,0,-2.62743920228749,0,1,0
0.98905792019639,1,2.5664524984649,1,1,1,2.80961309201245,1,0,NA,NA,NA,NA,NA,NA,NA,NA,NA
-0.183858310546053,1,0.123077102130958,1,1,0,-0.34642256819706,0,1,0,-0.639330870756223,0,1,0,-1.07359117701701,0,1,0
0.163761406846557,1,0.44820602306577,1,1,1,0.824582058379554,1,1,1,2.03306504427209,1,1,1,2.18621466108759,1,0,NA
0.216936344144384,0,1.17584842355292,1,1,0,0.0832350002730031,1,1,1,-0.239099560960637,0,1,1,1.81236407309319,0,0,NA
0.729277634209656,0,-0.649754327456701,0,1,0,-0.224716361363561,0,1,1,0.248938867008253,0,1,0,0.0829999913839039,1,1,0
1.11138040702469,0,1.68075333698161,1,1,1,-0.943492958292248,0,0,NA,NA,NA,NA,NA,NA,NA,NA,NA
0.279160816939631,1,0.268949727389192,0,1,0,-1.35321029219751,0,1,1,-1.37373817487184,0,1,0,-1.05575694982882,0,1,0
-0.0761706715471799,1,0.838437875773795,1,1,1,0.526205840614624,0,1,0,-0.0323298206848233,0,1,0,0.474757187495231,1,1,1
1.39466313220858,1,1.93778270710458,1,1,1,1.07990221879981,1,0,NA,NA,NA,NA,NA,NA,NA,NA,NA
0.164534117605585,1,1.54073811436186,1,1,1,1.26047951692055,1,0,NA,NA,NA,NA,NA,NA,NA,NA,NA
1.57785197879348,0,1.10769368030375,1,1,0,0.347232345519246,1,1,1,1.61774173520779,1,0,NA,NA,NA,NA,NA
-0.0619226576195498,0,0.324926801479395,1,1,0,-1.88966744053463,0,1,0,-2.13183891759243,0,1,0,-2.12252044441929,0,1,1
0.613922964193686,1,-0.11879661170102,0,1,1,0.114356801859536,0,1,0,1.49171811195372,1,1,0,2.13293593098106,1,1,1
-1.54608859424524,0,0.327232663326105,0,1,0,0.324788372469027,0,1,0,-1.26051206695267,0,1,0,-2.02751622033279,0,1,0
-0.112391961337408,1,-1.40437045857971,1,1,0,0.142835107360939,0,1,0,-0.0646827353439731,0,1,0,1.88388487302754,0,1,1
-0.0217945399608857,0,-2.27639131341845,0,1,0,-2.66722871327823,0,1,0,-3.30149603044305,0,1,0,-3.32548627923572,1,1,0
-0.758345417416546,0,-1.40188526810125,0,1,0,-3.17360904264438,0,1,0,-2.50971342452816,0,1,0,-1.95148002025012,0,1,0
-1.0358928844223,0,0.348258231250188,1,1,0,0.267721718281002,1,1,0,0.192442807095857,0,1,0,-1.56782352589968,0,1,0
0.948159302551811,1,1.55414912228223,1,1,0,2.39506065420335,1,0,NA,NA,NA,NA,NA,NA,NA,NA,NA
0.91415873392772,1,1.48454386075922,1,1,1,1.70994062456668,1,1,1,2.48628108505338,1,1,0,4.50674164567399,1,0,NA
-1.29873199484646,0,0.188993841833711,0,1,0,0.54574040368878,1,1,0,0.826175821301313,0,1,1,2.41325913682102,0,1,1
0.424378794934342,1,-0.114626106395443,1,1,1,-0.545463344582984,1,1,0,1.35311424563527,1,1,1,2.86077572532989,1,1,1
-1.11254531995509,0,-0.000934883803360598,0,1,1,0.201089124072819,0,1,0,-0.562647167014695,1,1,0,0.332986178280259,0,0,NA
-1.05107322618156,0,0.180620707435048,0,1,0,-1.05672167633258,1,1,0,-1.47001825614203,0,1,0,-1.19975104265288,0,1,0
0.525412448266355,1,2.01364787254254,0,1,1,3.02109937997221,1,0,NA,NA,NA,NA,NA,NA,NA,NA,NA
-0.686024000093054,1,0.366752430592117,1,1,0,2.11666416038876,1,1,0,1.96013830727791,1,0,NA,NA,NA,NA,NA
0.993479982122214,0,1.1859786131663,1,1,1,0.384075041477338,1,1,1,2.13320277223391,1,1,1,3.0658634263741,1,1,1
0.0385235990753455,0,0.0337522963955162,0,1,0,0.125109377830273,1,1,1,1.08950842283516,1,1,1,2.41272703644738,0,1,0
0.536148975785724,1,0.780299729751015,1,1,1,1.79987780963156,1,1,1,3.37784300360129,0,0,NA,NA,NA,NA,NA
-0.523626697886161,1,-0.997459255893594,0,1,1,0.327221734420666,1,1,0,0.910161894366085,1,1,1,2.78537405265851,1,0,NA
-1.15122133494359,0,-2.85409504680024,0,1,0,-1.95450890933263,0,1,0,-2.70063378750518,0,1,0,-1.90550799743278,0,1,0
0.914752241002756,1,1.90846466788419,1,0,NA,NA,NA,NA,NA,NA,NA,NA,NA,NA,NA,NA,NA
0.238071491562714,0,0.261494175365803,1,1,0,0.520272114367942,0,1,1,0.306331533811355,1,1,1,1.77641801719692,1,1,1
-0.239067759454706,0,-0.710976540585652,0,1,0,0.590711033553187,0,0,NA,NA,NA,NA,NA,NA,NA,NA,NA
0.0692353265457363,1,-0.390868807804162,0,1,0,-1.15987542817639,0,1,0,-0.127208673093685,0,1,0,-1.57371812650278,0,1,0
1.32590834259925,1,-0.0820047891323794,1,1,1,1.74706904350422,1,1,1,1.3611222346391,1,1,0,1.84239493064701,1,0,NA
-0.698166634620072,0,-0.953020812628538,0,1,0,-0.664908183508252,0,1,0,-1.0371290406309,0,1,0,-1.09520190083966,0,1,0
-0.749408444463181,0,0.285017878742029,1,1,1,0.757138825049893,0,1,1,2.09921521790684,1,1,1,1.06993366348105,1,1,0
-0.619615052707355,0,0.179557223983907,0,1,0,-0.88788336932295,0,1,0,-1.78360774201499,0,1,0,-1.26377740375338,0,1,0
-1.58499126820987,0,-0.952430711491806,0,1,0,-0.512119117704675,0,1,1,-0.168484586374242,0,1,0,-1.79535924740008,0,1,0
0.819628137503742,0,0.408933247061056,1,1,1,2.48993786291311,0,1,1,1.66038135197734,1,0,NA,NA,NA,NA,NA
0.192369646744246,0,2.17260049158322,1,1,1,3.12941546236673,1,1,1,2.21811878004137,1,0,NA,NA,NA,NA,NA
0.207171974217929,1,-0.181603821596287,0,1,1,-1.6716438040488,1,1,0,-1.26834451993525,0,1,1,-1.77100462159336,0,1,0
-0.0433473543476873,1,0.205637867335478,0,1,0,0.850032354695501,1,1,1,-0.629789720482042,0,1,0,0.321115611081688,0,1,0
-0.51016044142411,0,-0.734759899907812,0,1,0,0.613923027356105,0,1,0,-1.59140471097191,0,1,0,-2.05206897530455,0,1,0
-0.823418613776223,0,0.159307552074831,1,1,0,1.21821063193124,0,1,1,0.199352959885094,0,1,0,0.919859371155011,1,0,NA
0.851856403292672,1,1.21376998241359,1,1,1,1.27618494697833,1,0,NA,NA,NA,NA,NA,NA,NA,NA,NA
-1.42618467292015,1,0.267630483454412,0,1,1,0.126980442902489,1,1,1,1.42991276591774,1,1,1,2.14104708501589,1,1,1
0.440298941965411,0,1.03392966229303,1,1,0,0.943195394736131,0,0,NA,NA,NA,NA,NA,NA,NA,NA,NA
-0.792611650757683,0,1.56769699228732,1,0,NA,NA,NA,NA,NA,NA,NA,NA,NA,NA,NA,NA,NA
0.282310214545467,0,0.366911154389369,0,1,1,-1.12986152522682,0,1,0,0.078435581678452,0,1,0,1.22589029454246,0,1,0
-0.740690522190153,0,-1.02199473525917,0,1,0,-0.85321001554835,0,1,1,-3.89356265625318,1,1,0,-2.54359334977917,0,1,0
-0.52334168268403,0,-1.1321381454221,0,1,0,-1.39880790765247,0,1,0,-1.90170456997572,0,1,0,-1.93493292568942,0,1,0
1.76936591702701,1,0.0770707637719019,0,1,0,0.642292653513236,1,1,0,-0.252893212117366,1,1,0,0.975295808365298,1,1,1
0.668282618933513,1,0.920089960462237,1,1,1,2.33218437141137,1,0,NA,NA,NA,NA,NA,NA,NA,NA,NA
-2.14489702427566,0,0.334828096601676,0,1,0,-1.0042241625017,1,1,0,-2.09058325356088,0,1,0,-2.32343751803281,0,1,0
0.126412416100317,0,-0.721630615242575,0,1,0,0.606136130952041,0,1,0,0.966390017698884,0,1,0,0.897538191636317,1,0,NA
-0.451812936257225,0,-0.125248596459526,0,1,0,-0.562565805157461,0,1,0,-1.02022136375305,0,1,0,0.257079752172994,0,1,1
-1.13662618777767,0,0.237165536854137,0,1,0,0.273581936018633,0,1,0,-2.07299873155526,1,1,0,0.314676220212484,0,1,0
0.209785890431194,1,0.287241582357835,0,0,NA,NA,NA,NA,NA,NA,NA,NA,NA,NA,NA,NA,NA
0.129965516019362,1,1.17193304786444,1,1,0,2.58153594385748,1,0,NA,NA,NA,NA,NA,NA,NA,NA,NA
-0.328506572568084,0,-1.71184642950473,0,1,0,-1.95100825224092,0,1,0,0.19522627604244,0,1,0,-1.53899121406968,0,1,0
1.97270356733745,1,2.930230844695,1,1,1,1.75148734345337,1,1,1,3.03572329311748,1,1,1,5.54746287146562,1,0,NA
-2.24869006681656,0,-0.488296217173338,0,1,0,-0.399842523644826,0,1,0,-0.735496239656161,1,1,0,-3.12112631038407,0,1,0
0.838219387278491,0,3.01262127929468,1,1,0,2.30467865044173,1,0,NA,NA,NA,NA,NA,NA,NA,NA,NA
-0.289023270462573,1,-0.00791655890308894,0,1,0,0.509869060006054,1,1,0,-1.19509281197151,0,1,0,0.593689298985034,0,1,0
0.656513410579383,1,1.36840932637547,1,1,1,1.69330060321729,1,0,NA,NA,NA,NA,NA,NA,NA,NA,NA
-0.453997700638682,1,1.8831696994439,0,1,0,1.99867289773049,0,1,0,2.58294554338362,1,1,1,4.10809154875149,1,0,NA
-0.593864562445098,1,-1.42934680895467,0,1,0,-1.26705611776288,1,1,0,-0.786304929353879,1,1,0,-1.35804331780347,0,1,0
-1.71037966639463,1,-0.501221094050116,0,1,0,-2.44917535154939,0,1,0,-1.90435584040158,0,1,0,-3.75338463735876,0,1,0
-0.209448428272738,0,0.162294193364521,0,1,0,-0.556140716087366,1,1,0,-1.38743838587052,0,0,NA,NA,NA,NA,NA
2.47874580135709,1,1.19520530776132,1,1,1,2.94064151102239,1,1,1,3.28304859129431,1,1,1,3.89244428364053,1,0,NA
0.989702208129369,1,1.75770015232877,0,0,NA,NA,NA,NA,NA,NA,NA,NA,NA,NA,NA,NA,NA
1.67557215582683,1,0.840886119476922,1,1,1,4.04744974966805,1,0,NA,NA,NA,NA,NA,NA,NA,NA,NA
0.914965318314041,1,-0.0650061308949517,1,0,NA,NA,NA,NA,NA,NA,NA,NA,NA,NA,NA,NA,NA
1.14426270796186,0,1.40435392527808,1,1,1,1.79936721033787,1,0,NA,NA,NA,NA,NA,NA,NA,NA,NA
0.902876414499107,1,1.07698789343929,1,0,NA,NA,NA,NA,NA,NA,NA,NA,NA,NA,NA,NA,NA
0.475392431765103,1,1.15463691600177,1,1,0,2.04250691181095,1,1,1,3.60479662676793,1,1,1,6.42262353693909,1,1,1
-0.582528773997008,0,-1.86622297743375,0,1,0,-2.95538202719225,0,1,0,-1.12193642419383,1,1,0,-4.99633221937419,0,1,0
-0.532934737323476,1,0.0835178028199524,1,1,1,3.12539461566114,1,1,1,2.59276959141019,1,1,1,3.85333965391985,1,0,NA
-1.60083999637529,1,0.363467974796266,0,1,0,-0.462712660136099,0,1,0,-1.36898261340237,0,1,0,-0.424316871675592,0,1,0
-0.00581771387999253,1,-0.23304498674251,0,1,0,1.80541595597544,1,1,1,3.01036530263624,1,0,NA,NA,NA,NA,NA
0.899355675856713,1,-1.7454980573343,0,1,0,0.086173847792,0,1,0,-0.437828830770609,1,1,1,1.31633030730026,0,1,1
1.03192255652607,1,1.04804269004554,0,1,1,0.550571525652686,1,1,1,3.39836990989091,1,0,NA,NA,NA,NA,NA
0.0951327044554184,0,-1.44405312952012,0,1,0,-0.772296774634186,0,1,0,-2.22100222323366,0,1,0,-2.2379776892104,0,1,0
-0.547627617221911,1,-0.560122627660951,1,1,1,0.10533531432302,1,1,0,0.389492504932037,1,1,0,1.09054186033595,1,1,1
3.29051744331853,1,3.91063852504771,1,0,NA,NA,NA,NA,NA,NA,NA,NA,NA,NA,NA,NA,NA
0.736685531250424,1,0.00225103706174068,1,1,1,0.74808759791835,1,0,NA,NA,NA,NA,NA,NA,NA,NA,NA
1.42057530487914,1,0.0149423869195873,1,1,0,0.443507137852847,1,1,0,-0.091278108120004,0,1,0,-0.923486358887887,1,1,1
-0.337680640667324,0,-0.0546525522796162,0,1,0,0.668622805384309,1,1,0,2.13824853222279,0,1,0,2.83192410724177,1,1,1
-0.0379576270545946,1,0.438015789508038,0,0,NA,NA,NA,NA,NA,NA,NA,NA,NA,NA,NA,NA,NA
0.448607097706726,0,0.568892870953381,1,1,1,1.30679905385324,0,1,0,2.18119900765232,1,1,1,3.97685030794706,1,1,1
1.67652231194829,0,1.37127216176629,1,1,1,0.970454545964171,0,0,NA,NA,NA,NA,NA,NA,NA,NA,NA
-0.311474545456128,1,1.29477689169917,0,1,0,2.55299434599906,1,1,1,3.35444486850409,1,0,NA,NA,NA,NA,NA
0.853615666783069,0,2.17507050343259,1,1,1,2.08002075299719,1,0,NA,NA,NA,NA,NA,NA,NA,NA,NA
-2.09481463432023,0,-0.122431228658654,0,1,0,-0.545583971430955,0,1,0,0.452459758845418,0,1,0,-0.651912440184197,1,1,0
-0.507254434081633,0,0.834875578843644,1,1,1,0.132631378978958,0,0,NA,NA,NA,NA,NA,NA,NA,NA,NA
-1.29200907676331,1,-0.670087783909657,0,1,1,-0.258849025919305,0,1,0,1.159768238714,0,1,1,-0.136770866655109,1,1,0
1.1133627173571,1,-1.20511711500628,0,1,0,2.16526200595999,1,1,0,0.60594918527293,1,1,1,1.38326229431347,1,0,NA
-0.164453088280257,0,-0.271138732435838,1,1,0,0.182220850993813,0,1,1,-0.146145833769154,1,1,1,1.09996101380054,1,1,0
-0.390374082006742,0,-1.34001633987737,0,1,1,-2.5372148648396,1,1,1,-0.553286103892764,0,1,1,-0.941991600924638,0,1,0
1.36909984619857,1,1.88860533851298,1,0,NA,NA,NA,NA,NA,NA,NA,NA,NA,NA,NA,NA,NA
1.11627285824002,1,-0.0288301772116633,1,0,NA,NA,NA,NA,NA,NA,NA,NA,NA,NA,NA,NA,NA
-0.898021203467497,0,-0.870162654360579,0,1,0,1.57753024408658,0,1,0,0.74688089772804,0,1,1,-0.378941319883852,1,1,1
0.427866487609647,0,2.57822950909207,1,1,0,0.78162572432559,1,0,NA,NA,NA,NA,NA,NA,NA,NA,NA
-1.22844456851225,0,-0.737378908212518,0,1,1,-0.310161037286741,0,1,0,0.155061669599625,1,1,0,-0.671154165608011,0,0,NA
-0.475615024211179,0,-1.64258095113665,0,1,0,-0.00683606510930379,0,1,0,0.447413942341961,1,1,1,1.0221629593408,1,1,0
1.61657763714695,1,1.89852559918992,1,1,1,2.31778434443307,1,0,NA,NA,NA,NA,NA,NA,NA,NA,NA
1.45012795133044,1,-1.37088394521046,1,1,1,0.168309117426176,0,1,0,0.609310804366062,0,1,1,1.20509110574816,1,1,1
1.10901875546684,0,2.24322730627401,1,1,1,2.07848337532005,1,1,1,3.6117598335329,1,0,NA,NA,NA,NA,NA
-0.570903886330324,0,1.84707185243032,1,1,1,1.21725329923141,0,1,1,0.344060450955972,0,0,NA,NA,NA,NA,NA
-1.88143147027555,0,-3.99430603090261,0,1,0,-3.16158132759658,0,1,0,-4.86613781594499,0,1,0,-5.8423906363665,0,1,0
-1.17569818402416,0,-1.4368686236728,0,1,0,-2.34622945679125,0,1,0,-1.79639261759569,0,1,0,-1.89860287431906,0,1,0
0.95255652462752,0,0.682167583938646,1,1,1,-0.307475714821692,1,1,0,1.5966012354761,1,1,0,2.48839202416028,1,1,1
-0.290567886165088,1,0.919636856435472,0,0,NA,NA,NA,NA,NA,NA,NA,NA,NA,NA,NA,NA,NA
-2.16260814556798,0,-0.155306129610663,0,1,0,-1.397593791747,0,1,0,-1.50328669367347,0,1,0,-1.11054937866678,0,1,0
-0.180187487716462,0,-0.131105217875727,0,1,1,0.900736953753748,0,1,0,0.509652867475445,0,1,0,1.57522406140118,1,1,1
1.41023922112458,0,0.223708190259885,1,1,0,1.82169899656857,1,1,1,3.47518444935182,1,1,1,2.87524410498977,1,0,NA
0.643468640519534,1,1.10855343304251,1,1,0,-0.251209531249845,0,1,0,-0.12901745841793,0,0,NA,NA,NA,NA,NA
-0.821258543529422,0,0.771372507360946,1,0,NA,NA,NA,NA,NA,NA,NA,NA,NA,NA,NA,NA,NA
-1.54591665206502,0,-1.86054554715683,0,1,0,-2.31351873397741,0,1,0,-3.20379010081295,0,1,0,-2.62395954821645,0,1,0
-0.826547225636788,1,-1.3460981707276,0,0,NA,NA,NA,NA,NA,NA,NA,NA,NA,NA,NA,NA,NA
0.0345276713215226,1,1.40097417614982,1,1,0,1.46170767958717,1,0,NA,NA,NA,NA,NA,NA,NA,NA,NA
0.888073700912057,1,1.35059571179358,1,0,NA,NA,NA,NA,NA,NA,NA,NA,NA,NA,NA,NA,NA
-1.93994015479026,0,-2.78323195068913,0,1,0,-3.62423310560729,0,1,0,-3.74860305855838,0,1,0,-3.54114278730929,0,1,0
1.02320175527412,1,2.16450723000079,1,0,NA,NA,NA,NA,NA,NA,NA,NA,NA,NA,NA,NA,NA
0.00545772658802192,0,-0.189276722592246,1,1,1,0.444835631941463,0,0,NA,NA,NA,NA,NA,NA,NA,NA,NA
0.569778969605829,1,0.277851460887504,0,1,0,2.82759036909046,1,1,1,3.31448977817668,1,1,1,5.25349811780515,1,0,NA
-1.65325556323487,0,-0.149662418435939,1,1,0,1.47259922837511,1,1,1,0.272521850806024,0,1,1,1.32018282008857,0,1,1
-0.666654380122182,0,-0.452509115989546,0,1,0,-1.98838219924414,0,1,0,0.390488268668993,1,1,0,0.637904449816218,0,1,1
-0.448234189265524,0,-1.32966159149104,0,1,0,0.348307058550306,0,1,0,2.23424617094699,0,1,1,0.845176108195356,1,1,0
1.04389134830903,1,0.774715415836476,0,1,1,1.86866717200679,1,0,NA,NA,NA,NA,NA,NA,NA,NA,NA
1.02817404739542,0,2.15715429882587,1,1,1,1.20245156467286,1,1,1,1.68371489903822,1,1,1,1.61041328239488,1,1,1
0.435090459248337,1,-0.496461748140581,0,1,1,-0.942176564297546,1,1,1,2.9967792609234,1,0,NA,NA,NA,NA,NA
1.60421218162388,1,0.989222822630032,0,1,0,0.381818463136501,1,0,NA,NA,NA,NA,NA,NA,NA,NA,NA
-0.515411199745366,1,-0.137960404770232,0,1,0,-1.16618860003643,0,1,0,1.18120591797876,1,1,0,0.610918860909109,1,1,0
1.01253719377392,1,0.508924291560646,1,1,1,2.12553884237376,1,1,1,2.9136479520489,1,0,NA,NA,NA,NA,NA
-0.035940029790719,0,-0.724511683273037,0,1,0,-0.461271843445059,0,1,1,0.915824325789032,1,1,1,0.362579918297285,1,1,1
-0.667342096176409,0,-1.44042817057044,0,1,0,-1.9195709134194,0,1,0,-2.45193676691944,0,1,0,-1.99886940867902,0,1,0
0.923380038330837,0,-0.0188828867035455,1,1,1,-0.655523955097914,0,1,0,0.687837986000968,1,1,1,0.942534789515001,1,1,1
1.3811003308495,1,0.487317616057929,1,1,1,2.6575640346385,1,1,0,2.84771790247577,1,1,1,4.69776790629928,1,0,NA
0.878250416184849,1,1.87910473183039,1,1,0,1.76332208540896,1,0,NA,NA,NA,NA,NA,NA,NA,NA,NA
-0.509403455422264,0,1.98635928696324,1,1,0,1.31894511479626,1,0,NA,NA,NA,NA,NA,NA,NA,NA,NA
-0.469787634155099,1,0.918117682928792,0,1,0,1.5000977803856,0,0,NA,NA,NA,NA,NA,NA,NA,NA,NA
1.377675846806,1,0.274690254534036,0,0,NA,NA,NA,NA,NA,NA,NA,NA,NA,NA,NA,NA,NA
0.352826406417748,0,1.38437437416242,0,1,1,-0.288111664286864,0,1,1,0.913757042564372,0,1,1,0.91187468249848,1,0,NA
0.829573979321121,1,0.972186296799142,1,0,NA,NA,NA,NA,NA,NA,NA,NA,NA,NA,NA,NA,NA
-0.338701983664306,1,0.121411738743306,0,1,0,0.231163217903042,0,1,0,-0.164305723399245,0,1,1,-0.863882178814414,0,1,0
1.26103493646465,1,-0.362727400447765,1,1,1,0.95390446599613,1,1,0,-0.132805462707277,1,1,0,2.38906219302322,1,1,1
-0.808755144962193,0,-0.754746329248812,0,1,1,-1.0114757973511,0,1,0,-1.77047333916828,1,1,0,-1.96561293253444,0,1,0
0.625351520866631,1,0.69497437709951,1,1,1,-0.149778930367119,0,1,0,1.16984703539458,1,1,1,2.2271347651667,1,1,0
-0.817174965568112,0,-0.190632491259572,0,1,0,-2.72381349217584,1,1,0,-0.564242620210318,0,1,0,-2.91827060433155,0,1,0
-2.46257501658577,0,-0.299287092205965,0,1,0,-0.535546478785996,0,1,0,-1.63664888428818,0,1,0,-1.4449632957288,0,1,0
-1.34295751067967,0,0.513279352854457,1,1,1,-0.0269190449762949,1,1,0,-0.0205528117426087,0,1,0,-0.214865120597918,0,1,0
0.136295199210162,0,-1.03037281587497,0,1,0,-0.0135996719306116,0,1,0,-0.460530227268453,1,1,0,-0.118456350606534,0,1,1
0.882922749625827,1,-1.11841078591583,1,1,0,-1.91865413874007,1,1,1,-0.0143245822962489,0,1,0,0.0472544435239123,0,1,1
-1.75130208309482,1,-1.89180105389859,0,1,1,-2.02247165005297,0,1,0,-2.54081269988666,0,1,0,-3.61671064612039,0,1,0
-1.25142446891953,0,-0.710264599340948,1,0,NA,NA,NA,NA,NA,NA,NA,NA,NA,NA,NA,NA,NA
1.76454599657549,1,0.931571291806733,1,0,NA,NA,NA,NA,NA,NA,NA,NA,NA,NA,NA,NA,NA
-0.433899349823264,0,-0.155049845631741,0,1,0,-0.0621340191019469,0,1,0,-0.665106887473723,0,1,1,0.72686829267668,1,0,NA
0.505700131930602,1,2.79140508189943,1,1,1,4.06310952462061,1,0,NA,NA,NA,NA,NA,NA,NA,NA,NA
-0.526935321377321,0,-2.23791477260483,0,1,0,-2.08163719196422,0,1,0,-2.47241635205309,0,1,0,-3.48452533867381,0,1,0
-0.298582885151505,0,0.0836340541136627,0,1,0,-1.30840180011425,0,1,0,-1.58972752373843,0,1,0,-2.25655709255712,0,1,0
0.0872442066052375,0,0.421051625729502,1,1,0,1.28282208747016,1,0,NA,NA,NA,NA,NA,NA,NA,NA,NA
0.0109618427990058,1,0.145097358680889,0,1,0,-1.06351500122964,1,1,1,0.353672491669141,0,1,0,0.124996274386844,0,1,1
-0.192560211042065,1,-0.428778417454546,1,1,1,0.518768330682095,0,1,0,1.6314153672439,1,0,NA,NA,NA,NA,NA
-0.469796485143739,0,-1.46012842630998,0,1,0,-2.11990165351547,0,1,0,-1.47123011832112,0,1,0,-2.47683699617018,0,1,0
-3.04786088979872,0,-0.637505191909163,0,1,0,-2.5472884354815,0,0,NA,NA,NA,NA,NA,NA,NA,NA,NA
1.8686555003337,1,2.3724604731293,1,1,1,1.08448241321799,1,0,NA,NA,NA,NA,NA,NA,NA,NA,NA
1.79042420824304,0,1.80025295454784,1,1,1,2.03156407416612,1,1,1,2.40521423282149,1,1,1,4.8836890802034,1,0,NA
-1.10108174171923,0,-1.6047953676488,0,1,0,-0.123578817256493,0,1,0,-0.600090176171884,0,1,0,-0.17765681838313,0,1,1
-0.168107522109968,1,0.353298052120746,0,0,NA,NA,NA,NA,NA,NA,NA,NA,NA,NA,NA,NA,NA
1.37527530471249,1,-0.039209516237211,1,1,0,1.08736469935038,1,1,0,1.4445523558974,1,0,NA,NA,NA,NA,NA
0.998290023052202,1,1.31980166712774,1,1,0,2.43862364909475,1,1,0,2.90504548578054,1,0,NA,NA,NA,NA,NA
1.27660161874577,1,0.653089644106382,0,1,0,1.04054925607626,1,1,1,1.69964360558193,1,1,1,1.61625818259326,1,0,NA
-1.0717469181598,0,0.628404009110907,0,1,0,-0.624512185865185,1,1,1,0.747199644351944,0,1,1,-0.172912166606783,0,0,NA
2.57726809619797,1,2.01137448933382,1,1,1,1.49381938311608,1,0,NA,NA,NA,NA,NA,NA,NA,NA,NA
-1.13345995977033,0,0.432005020724173,0,1,0,-0.811708379455454,0,1,0,0.560744666849033,0,1,0,-0.0908611051778608,1,0,NA
0.753916341883288,0,2.09744795067967,1,1,0,2.29839478017957,1,0,NA,NA,NA,NA,NA,NA,NA,NA,NA
0.141275980445689,0,0.867495584620016,1,1,1,1.4655759165761,0,1,0,1.83271711391268,1,1,1,3.59362652703137,1,1,0
-0.403710317962031,1,0.922905655116287,0,1,1,1.22988227059909,1,1,1,2.1918544475623,1,0,NA,NA,NA,NA,NA
-0.379415798181019,0,-0.557533923191472,0,1,0,0.159832309169931,1,1,1,2.79785482809321,1,1,1,3.12591582609006,1,1,1
-0.991396812531003,0,-2.52286540231549,0,1,0,-3.32740245459275,0,1,0,-3.32985954044208,0,1,0,-4.79626034968296,0,1,0
1.62265979575681,1,0.596722749982705,0,1,0,0.787283543330192,1,1,1,1.69904726556651,1,0,NA,NA,NA,NA,NA
0.0895132277627515,1,-0.125127460671478,0,0,NA,NA,NA,NA,NA,NA,NA,NA,NA,NA,NA,NA,NA
0.259217949214378,0,0.547159488133454,1,1,0,2.08380679604472,1,1,0,1.93345030370906,0,1,0,3.23385966858251,1,1,1
0.209632833061035,1,-1.43527900846665,1,1,0,0.43390960304767,1,1,0,1.461799987923,1,1,0,0.952043097783696,0,0,NA
-0.375170753060867,1,-0.136063218915407,0,1,0,-0.765216146670521,0,1,0,0.606241535241301,0,1,1,-0.128573689186803,1,1,0
-1.13402124475505,0,-0.167755872794902,0,0,NA,NA,NA,NA,NA,NA,NA,NA,NA,NA,NA,NA,NA
0.253726309683961,0,-0.270762333996959,0,1,0,-0.601397857214729,0,1,0,0.258527134170313,0,1,0,-0.222120872476534,0,1,0
-2.09363944995893,0,-0.367187183720868,0,1,0,1.15101922920265,0,1,0,-0.275630343711583,1,1,1,-0.54588324504886,0,1,0
-1.41856694283561,0,1.83965568740516,1,1,1,1.94536366440458,1,0,NA,NA,NA,NA,NA,NA,NA,NA,NA
-1.07639669493838,1,-2.51081324568345,0,1,0,-1.51645151551621,0,1,0,-3.66925512906253,0,1,0,-3.42788010353286,0,1,0
-1.07867886267235,0,-1.75756706839138,0,1,0,-1.02008891333681,0,1,0,0.0337951234472105,1,1,0,-1.46566694233124,1,1,0
0.107188816567081,1,1.59544644756289,1,1,0,1.89028899605905,1,1,1,2.31272328663153,1,0,NA,NA,NA,NA,NA
1.59848754832474,1,1.6946116514276,1,1,1,2.88796970887663,1,1,1,3.42251211124571,1,0,NA,NA,NA,NA,NA
-1.51532414406497,0,-0.885575185863415,0,1,0,-1.07194579258466,0,1,0,-1.94980043933845,0,1,0,-1.97279319326286,0,1,0
0.433676020596611,0,-0.562022694422883,1,1,0,-1.04677418404719,1,1,1,0.684503695417174,0,1,1,-0.562030500103301,0,1,1
0.899544753321039,0,0.74311371950154,1,0,NA,NA,NA,NA,NA,NA,NA,NA,NA,NA,NA,NA,NA
-0.989532202288876,0,-0.61091020026707,0,1,0,-1.15313518146931,0,1,0,-0.0920434336910338,0,1,0,0.201260511906831,1,1,0
-0.0527994015224791,0,-1.77360933180302,0,1,0,-0.516544443760771,0,1,0,0.0528254304414743,1,1,1,1.15189821109565,1,1,1
0.823610902622057,0,-0.697268414479542,0,1,0,-1.90474936668434,0,1,1,-2.16822153745139,0,1,0,-0.318203598361197,0,1,0
-0.255509102547389,0,-0.183648794419925,0,1,0,2.73909206712714,1,1,1,3.15843851882136,1,1,1,3.55424922629378,1,1,1
-0.220684347251213,0,-1.39129750517801,0,1,0,-1.57992925444916,0,1,0,-0.710294337410382,0,1,0,-0.981012102042174,0,1,1
0.307726791210618,1,0.987790348174895,0,1,0,0.157533625356618,1,1,1,0.800706627601396,1,1,1,1.28089806375507,1,0,NA
-0.0600132533332709,0,0.793139661545125,1,1,0,0.811307934224539,1,1,1,1.57387142638866,0,0,NA,NA,NA,NA,NA
-0.555652889939218,0,-0.15127610246105,1,1,1,0.706066519606542,0,1,1,1.21528790823375,1,0,NA,NA,NA,NA,NA
-0.138615019460891,0,0.210356410739114,0,1,0,-0.56456640828807,0,1,0,-1.75538117564262,0,1,0,-1.623534040152,0,1,0
1.88283979238647,1,1.63794277620208,1,1,1,2.54939914514363,1,1,1,3.57535037891719,1,0,NA,NA,NA,NA,NA
0.873668679606028,1,0.717143228403969,1,0,NA,NA,NA,NA,NA,NA,NA,NA,NA,NA,NA,NA,NA
-0.914597072827623,1,-1.80658718080421,0,1,0,-0.305363016997719,0,1,0,1.12278024672155,1,1,1,0.137851327737593,1,1,1
-1.24491762233132,0,-2.00722262368706,0,1,0,-0.308407213385273,0,1,0,-0.520370009739093,0,1,1,-2.20729551937916,0,1,1
-0.359982240682608,0,-1.29093811208982,0,1,0,-1.21828024370405,0,1,0,0.37484847113118,1,1,1,-1.59103650329104,0,1,0
1.32877470094798,1,1.60106112734832,1,1,0,1.82134498011496,1,1,0,3.00784279310502,1,0,NA,NA,NA,NA,NA
0.292679118416953,1,3.21785387934356,1,0,NA,NA,NA,NA,NA,NA,NA,NA,NA,NA,NA,NA,NA
-0.701505236840661,0,0.260504155582931,0,1,0,3.23090435159199,0,1,1,1.09473767341255,1,1,1,3.20857941242314,1,1,1
0.88223456781802,1,2.06950683232626,1,0,NA,NA,NA,NA,NA,NA,NA,NA,NA,NA,NA,NA,NA
-0.133370388722892,0,-1.49638130065284,0,1,0,-1.31531784128732,0,1,0,0.216820152752622,1,1,0,1.41191636006999,1,1,1
-1.12067849929142,1,-1.17293439415046,0,1,0,-0.887430051838175,0,1,0,-1.4101770905129,0,1,1,-1.22698885751098,0,1,0
0.461192454211788,1,0.135721186167084,0,0,NA,NA,NA,NA,NA,NA,NA,NA,NA,NA,NA,NA,NA
1.52414281017881,1,1.84319798778243,1,1,1,2.49354302680461,1,0,NA,NA,NA,NA,NA,NA,NA,NA,NA
0.434468298132828,0,-0.0775277555036027,1,1,1,0.618443322887774,1,1,1,2.00464945675168,0,1,1,0.532711393303818,0,1,1
0.192000371138929,1,1.502142266232,1,1,0,-0.18442520729107,0,1,1,0.5337150194446,1,1,1,1.54460258738829,1,1,1
-0.656243128417058,1,0.615103484908785,1,1,0,2.05240156524761,1,1,1,2.55254020506032,1,0,NA,NA,NA,NA,NA
0.568398530869528,0,-1.94741319463647,1,1,0,-0.90797577077367,0,1,0,-0.721037562253599,1,1,0,-0.116103102632866,0,1,0
-1.07057053489039,1,-0.461392540704485,0,1,0,-0.37941821581686,1,1,0,-0.364068185314546,0,1,1,-1.50122229697043,0,0,NA
-1.65314902448089,0,-1.98100070329423,0,1,0,-0.822772346235504,0,1,0,-2.86898727840161,0,1,0,-2.01326989016526,0,1,0
-0.0433527684937541,0,0.123402600887224,0,1,0,1.14015496500834,0,1,0,2.20965575005322,1,1,1,2.66068437502257,1,1,0
-0.0345935057990383,1,1.29806552039075,1,1,1,1.72026408010932,1,1,0,1.09774958105051,1,1,0,5.00026724686657,1,1,1
2.36505553200281,1,0.739894208339957,1,1,0,2.79887213893099,1,1,1,4.0723887993829,1,1,1,6.91175806874386,1,0,NA
-1.2163473078919,0,0.715057771053932,0,1,0,1.98512473230179,1,1,0,2.5315797230937,1,1,1,1.80434756055473,1,1,1
0.170906323349044,1,-0.284913006374357,1,1,1,-0.64535574507982,0,1,0,0.359304718547882,0,1,0,0.879092630468796,0,1,1
0.805053093622193,0,-0.232718127924379,1,0,NA,NA,NA,NA,NA,NA,NA,NA,NA,NA,NA,NA,NA
1.05059284411588,1,0.802217775203835,1,1,1,1.73639275387562,0,1,1,0.54844546831609,1,0,NA,NA,NA,NA,NA
-0.0107244846593236,0,-0.114145755222764,1,0,NA,NA,NA,NA,NA,NA,NA,NA,NA,NA,NA,NA,NA
-0.743256141429252,1,2.62518098932516,1,1,0,1.84451133387468,0,0,NA,NA,NA,NA,NA,NA,NA,NA,NA
-0.0657840518699871,0,-1.30202995383135,1,1,1,0.604461316629404,0,1,0,0.0907256026080764,1,1,1,1.3878260750082,0,1,0
1.93975599193716,1,1.24725430004554,1,1,1,1.69121372975855,0,1,1,1.98221304784674,1,1,1,4.86058913754385,1,0,NA
0.482739008175833,0,2.13399844641381,1,1,1,1.81535397210201,1,0,NA,NA,NA,NA,NA,NA,NA,NA,NA
-2.04447707255807,0,-1.09931886819045,0,1,0,-2.07990483102078,0,1,0,-1.9168418612313,0,1,0,-3.05857493764722,0,1,0
1.42345912865025,1,1.29464448330688,1,0,NA,NA,NA,NA,NA,NA,NA,NA,NA,NA,NA,NA,NA
0.540502660915081,1,1.48193369512024,1,1,0,2.4172721558623,1,1,1,2.33918306112338,1,0,NA,NA,NA,NA,NA
-0.033571771837525,1,-0.129420979593279,0,1,0,1.59000530084857,1,1,1,2.11319828765537,1,1,1,1.0794921310309,1,0,NA
-0.0178636211100986,1,0.0195120101528704,0,1,0,0.562340186299947,1,1,1,0.379895882709222,0,0,NA,NA,NA,NA,NA
-0.149789719793403,1,1.91252330752148,1,0,NA,NA,NA,NA,NA,NA,NA,NA,NA,NA,NA,NA,NA
0.25655948095525,1,0.469888033849233,1,1,1,0.140035810274552,1,0,NA,NA,NA,NA,NA,NA,NA,NA,NA
-0.503866933037016,0,0.050110910200822,0,1,0,-0.284418264266835,0,1,1,-0.502621695127148,0,1,1,-0.45237333169925,0,1,0
0.277011251660008,1,-1.10573501808367,0,0,NA,NA,NA,NA,NA,NA,NA,NA,NA,NA,NA,NA,NA
-0.931356024820741,1,-0.486247110374462,1,1,0,-1.18694114881202,0,1,0,-0.290991938476795,0,1,1,0.627218077422623,0,1,1
0.200146875274757,0,0.0237069118927411,1,1,0,-0.459535159046413,0,1,1,-1.66375345912896,0,1,0,-0.0987213880252176,0,1,0
1.10683742066645,1,0.669757051414147,1,1,1,0.890846668423173,1,1,1,2.19541928494217,1,0,NA,NA,NA,NA,NA
0.509206113653801,1,1.44077896634329,1,0,NA,NA,NA,NA,NA,NA,NA,NA,NA,NA,NA,NA,NA
1.03374967645111,1,1.91048533400271,0,1,1,1.99162568344356,1,0,NA,NA,NA,NA,NA,NA,NA,NA,NA
-1.09086876180262,0,-1.99963915233974,0,1,0,-0.406972431968571,0,1,0,0.0299034837867775,0,1,1,-1.6814987291694,0,1,1
0.0547927844725968,1,-0.753493800976714,0,1,0,-0.73043045490709,1,1,0,-1.38970097152581,0,1,0,-0.0655235142268454,0,1,0
0.617250302722063,0,-1.19163842903322,0,1,0,-0.917789751826888,0,1,0,-1.40614786672071,0,1,1,-1.67743234160313,0,1,0
-1.06800486773328,1,-0.0383078317023495,1,1,1,1.94238535512996,1,1,1,1.50646687799714,0,1,1,3.45821908545954,1,1,1
1.56581433705846,1,2.53608563269627,1,1,1,3.29757865526778,1,1,1,4.60345672941916,1,0,NA,NA,NA,NA,NA
-1.03480801098526,1,-0.504306308013424,1,1,1,2.41049637330126,1,1,0,-0.154920565747756,0,1,0,2.57429616451064,1,1,1
0.16451870850584,1,0.525624081524177,0,1,0,0.188391787915809,0,1,1,0.634948021203602,0,1,0,-0.076466081982687,1,1,0
0.151832330355081,0,-1.10821740828392,0,1,0,1.62857585046333,0,0,NA,NA,NA,NA,NA,NA,NA,NA,NA
0.121670301966854,1,-0.9116198618011,1,1,0,-1.22304164362221,0,1,0,-1.23363657678509,0,1,0,-1.83269110366079,0,1,0
-0.210424583643468,1,-0.0071534473350601,1,1,0,0.989189916315907,1,0,NA,NA,NA,NA,NA,NA,NA,NA,NA
0.449936787146205,1,-1.10951081995164,1,1,0,1.14435049728897,0,1,1,1.44411789297088,1,1,0,1.81312446503292,1,1,1
-1.03116449189746,0,-1.99229464804906,0,1,0,-2.0794880225469,1,1,0,-3.77540201188762,0,1,0,-5.24750204879403,0,1,0
-1.28936418822322,0,-0.422893247224246,0,1,0,-1.40895027690585,0,1,0,-0.787804360872109,0,1,0,-0.988668211024006,1,0,NA
-0.654568638113246,1,0.474759551081157,1,1,1,1.91646088067604,1,1,1,0.302613552163922,1,0,NA,NA,NA,NA,NA
-0.0573241038477797,1,0.548611224159786,1,1,1,1.16636552027834,1,1,1,4.76235268738965,1,0,NA,NA,NA,NA,NA
1.25674782035705,0,0.94118021165456,1,1,0,0.18950779210659,1,1,0,0.350006725491294,1,1,0,1.80505602193518,0,1,0
1.58745413986454,1,1.57884528804792,1,1,1,0.517820139321424,1,1,0,1.68211283001976,1,1,1,3.40816421849478,1,0,NA
0.319481462544746,1,0.401865474841165,1,1,1,1.67100821061322,1,1,1,2.67555001334386,1,0,NA,NA,NA,NA,NA
0.381591622693148,0,-0.556956747175479,1,1,0,-0.0282763532776387,1,1,0,-1.35083323490031,0,1,0,-0.777095032075833,0,1,0
-0.243644883639445,0,-1.04169803056092,0,1,0,0.12348035845614,0,1,0,-0.0568488782723647,0,1,0,-1.21017658402195,0,1,0
0.0480530840530341,0,-0.0884295939171275,0,1,1,1.72390608474729,1,1,1,2.24693491264402,1,1,0,3.21514818446044,1,0,NA
-1.40454586110179,1,-1.86239205200699,0,1,0,-2.0550794601483,0,1,0,-0.971148810088409,0,1,0,-1.76408018939546,0,1,0
0.289933728895764,1,1.18700908995217,1,1,1,1.33128912446399,1,0,NA,NA,NA,NA,NA,NA,NA,NA,NA
-0.535553582293745,1,-2.04566184871635,0,1,0,-2.23842062860748,0,1,1,0.23298526038043,0,1,0,-1.0845444045305,0,1,0
0.334678773100549,0,1.19003392446935,1,1,1,2.21028460286487,1,1,1,1.7512350312366,1,1,0,3.27645280891744,1,0,NA
-0.345981339154502,0,-1.03499957425212,0,1,1,1.45793276642544,1,1,1,1.07985642272768,1,1,1,1.82155581633574,1,1,1
-0.661615734836447,0,0.967837679649437,1,1,1,0.592417935411603,0,1,0,0.209008062356445,1,1,0,2.55184738381575,1,0,NA
-0.219111376802046,0,-0.509097412453066,1,0,NA,NA,NA,NA,NA,NA,NA,NA,NA,NA,NA,NA,NA
-0.366904910633707,0,0.0804237576326872,1,1,1,1.02736507023554,0,0,NA,NA,NA,NA,NA,NA,NA,NA,NA
1.09457820784237,1,-0.131719019571799,0,1,1,0.945514979178959,0,0,NA,NA,NA,NA,NA,NA,NA,NA,NA
0.209208082437128,1,0.243454399613,0,1,0,0.260060946039733,0,1,1,-0.378815172986068,1,0,NA,NA,NA,NA,NA
0.432491426153216,0,2.33096164571523,1,1,0,0.77351231664468,1,1,1,1.99189896665577,1,1,1,4.08601153830529,1,0,NA
-1.24085358580078,0,1.28265099508966,0,1,0,0.482671087876587,0,1,1,0.245563140498872,0,0,NA,NA,NA,NA,NA
1.49682170962802,1,0.0346543670357062,0,1,0,1.01884110897368,1,1,0,0.533018353706911,1,1,0,2.15009107630833,1,0,NA
0.159370441160762,0,-0.111532233227567,0,1,0,2.03673383193946,1,1,1,2.04557992794812,1,0,NA,NA,NA,NA,NA
-0.856281403403253,0,0.247963226683974,0,1,1,2.39504212323836,0,1,0,1.14068430098617,1,1,0,1.25791807821139,0,1,0
0.309046645446821,1,2.11395518390214,1,0,NA,NA,NA,NA,NA,NA,NA,NA,NA,NA,NA,NA,NA
0.870434029844877,0,0.77799082751692,1,1,1,2.8501346541262,1,1,1,1.64681204264002,1,1,1,3.67863966420599,1,1,1
-1.38367713830156,0,0.74919686372439,0,1,0,-0.187859640467838,1,1,1,-0.522267405327231,0,1,0,0.0733889022881592,0,1,0
1.69010697003056,1,1.58622290910154,1,1,0,2.35258788435274,1,1,1,3.63168984348913,1,0,NA,NA,NA,NA,NA
-0.158030705178362,0,-0.1069550589079,1,1,1,-1.04586852687583,1,1,0,-0.653697934401086,1,1,0,0.815429541887499,1,1,1
1.12117078064864,0,0.927923434480695,1,1,1,2.42007080968662,0,0,NA,NA,NA,NA,NA,NA,NA,NA,NA
0.0722613190889151,1,-0.703987345412172,1,1,0,0.880844722906734,1,1,0,1.84309513147067,0,1,0,2.43631963421033,1,1,1
-0.332422844566724,1,0.41284124811057,1,1,1,1.54933723970905,1,1,1,1.05025457816392,1,0,NA,NA,NA,NA,NA
-1.83492004662686,0,-1.05481559063311,0,1,0,-0.924365683925274,0,1,0,-1.4304249636598,0,1,0,-2.22296169560663,0,1,0
-1.10017221858719,0,0.223380649298324,0,1,0,0.320764268380698,0,0,NA,NA,NA,NA,NA,NA,NA,NA,NA
-0.041340299917431,0,1.66376085538611,0,1,0,0.827160116090957,0,1,0,2.22802427495409,0,1,1,1.03727596187358,1,1,1
0.827852545117142,1,-0.1770825185267,1,1,1,1.7975236994409,1,1,1,1.0338830787608,1,1,1,3.13944550327841,1,0,NA
-1.88167865415457,0,1.53366273534807,1,1,1,0.49638063291047,1,1,1,2.58601017854471,1,0,NA,NA,NA,NA,NA
1.37544111232424,1,1.79953905284474,1,1,0,0.573406598182927,1,0,NA,NA,NA,NA,NA,NA,NA,NA,NA
1.39899046430298,0,0.901468127367246,1,1,0,1.01834783428581,1,1,0,1.03259158983392,1,1,1,2.01800736217859,1,1,1
-1.14331625591094,1,-1.78639770356172,0,1,0,-0.887681024761919,0,1,0,-1.48945557407057,0,1,0,-1.35507490703771,0,1,0
0.47230056219311,0,-1.63401593970847,0,1,0,-1.32178489454089,0,1,0,-1.42439847591131,0,1,0,-1.40411040399902,1,1,0
-1.03363921335421,0,-1.6076546596946,0,0,NA,NA,NA,NA,NA,NA,NA,NA,NA,NA,NA,NA,NA
-0.125199978688284,1,0.62937922779517,1,0,NA,NA,NA,NA,NA,NA,NA,NA,NA,NA,NA,NA,NA
0.928662738846683,0,-0.310992195972849,0,1,0,0.0389092518298052,0,1,0,1.46016620728564,0,1,1,2.67097770542873,1,1,1
0.868339647698771,1,-0.129916471281799,1,1,0,0.824650133578875,1,1,1,0.891300090721166,1,0,NA,NA,NA,NA,NA
-0.849174603633478,0,0.810006275606471,1,1,0,0.999668977851712,1,1,0,0.0749724460370547,1,1,0,0.843381787781827,0,1,0
-0.386636454475566,1,-0.923990003371382,1,1,0,-0.675162856969079,0,1,0,-0.450027960553951,1,1,0,-1.13579972912588,0,1,0
-0.976163570997166,0,-1.06201546624716,1,1,1,-0.800371504301407,0,1,0,-1.08445803286578,0,1,0,-1.65797983797089,0,1,0
0.339543659904915,1,0.0380188395111096,1,1,1,1.13965732642466,0,0,NA,NA,NA,NA,NA,NA,NA,NA,NA
-1.55907516443377,1,0.445115973935573,0,1,0,-0.124637472083556,1,1,0,0.739374336447927,1,1,1,0.46515326202553,1,0,NA
-2.62932544155136,0,-2.06313454585083,0,0,NA,NA,NA,NA,NA,NA,NA,NA,NA,NA,NA,NA,NA
1.46981228187286,0,2.29906376672364,1,1,1,1.20784623071185,1,1,1,1.58407240428376,1,1,1,2.93153714910732,1,1,0
2.27347291299472,1,1.58136255875049,1,1,1,2.96024729647064,1,1,1,5.24368491675418,1,0,NA,NA,NA,NA,NA
-0.455033540238828,0,1.13395237345631,1,1,1,0.521153932759635,1,1,1,0.794266493972807,1,1,0,2.47891700860774,1,0,NA
0.761102487094892,1,0.0260554428061144,1,1,1,0.433964024965012,1,1,1,2.20742239326616,1,1,1,3.1612625943706,1,0,NA
-0.00750278370972113,0,-1.2647222778292,0,1,0,-0.165564564255799,0,1,1,-0.618994104915337,0,1,0,0.0430944129425221,0,1,0
1.47431379971599,1,-1.0573948398212,1,1,1,-0.1519715500291,1,1,0,-0.432613135395649,1,1,0,1.51009423278552,0,1,1
0.554143932569381,1,0.37933969021942,1,1,1,0.390504323199267,0,1,1,2.12469143480346,1,0,NA,NA,NA,NA,NA
0.203663965116151,1,-0.930283778537136,0,1,0,0.240541860247535,1,1,0,0.145169353013601,1,1,1,0.937210861136836,1,0,NA
-1.79913645176587,0,-1.3065356175774,0,1,0,-1.28440101014561,0,1,0,-3.19663568491115,0,1,0,-3.05514757717837,0,1,0
1.08295568079775,1,-0.0483307297459164,0,1,0,0.34420066603004,1,1,1,1.05343611976059,1,1,1,1.05259896082582,1,1,1
-0.350853615046856,1,-0.204604353386318,0,1,1,1.20447698575782,0,1,0,-0.30895253992665,1,1,0,1.6653004089187,0,0,NA
-1.40349008471503,1,-1.9101343698574,0,1,0,-0.321239087591338,0,1,0,-0.607226193768154,1,1,0,-1.28467319648451,0,1,0
-0.20179666491333,0,-0.410101843669755,0,1,0,-1.28706900701739,0,1,0,-0.329209738879509,0,1,0,-0.784680230861977,0,1,0
-0.126778159792303,1,-1.74095151586892,0,1,0,-1.47267040667967,1,1,0,-1.28562799884131,1,1,0,-1.43761065549883,0,1,0
1.05920687266615,1,2.06046154216984,1,1,0,1.52359432094067,1,1,1,2.25550278845554,1,0,NA,NA,NA,NA,NA
-1.167396032264,1,-1.14887508377039,1,1,0,0.0115942066939098,1,1,1,1.19311696699556,0,1,0,1.87507952867906,1,1,1
-0.557643627318445,0,-0.900082911514371,0,1,0,-0.740922639742876,0,1,0,0.0199857060969191,1,1,0,-2.37449084756007,1,1,0
1.48811992838316,1,1.10106375780273,1,0,NA,NA,NA,NA,NA,NA,NA,NA,NA,NA,NA,NA,NA
1.35866576877003,1,0.998954789362593,1,1,1,2.14639832094018,1,1,1,2.94700533544581,1,1,1,3.83823843948994,1,0,NA
1.16321454390236,0,-0.128320222976585,0,1,0,-0.545951527507235,1,1,0,-0.503817173595137,1,0,NA,NA,NA,NA,NA
1.66152394534788,1,2.31686506398904,1,1,1,3.34355012256566,1,1,1,5.09191441229412,1,0,NA,NA,NA,NA,NA
0.204030979829896,1,-1.1946547566197,1,1,0,-1.30418138668348,0,1,0,-0.21936390515372,1,1,0,-0.47123277587632,1,1,0
-0.581883686869775,0,-0.498813816707702,0,1,1,0.401900091203156,0,1,0,0.127487026318989,1,1,0,1.56330513692008,0,1,1
0.555204061863422,1,0.424712853790434,0,0,NA,NA,NA,NA,NA,NA,NA,NA,NA,NA,NA,NA,NA
1.05872312582593,1,1.14262762352194,0,1,0,0.889752930342773,1,1,1,3.32816950106194,1,1,0,2.83936196236407,1,0,NA
2.41363327147105,1,2.30977725151994,1,1,1,4.73205986127166,1,1,1,4.0840206019957,1,0,NA,NA,NA,NA,NA
-1.96498233271119,0,-2.88959365299174,0,1,0,-3.11137100944629,0,1,0,-3.30921111169126,0,1,0,-5.5028385448796,0,1,0
0.273235703066817,0,-1.04869856479703,0,1,1,-1.63793928860378,0,1,0,-1.03223493246375,0,1,0,-2.42817006002415,0,0,NA
0.654794582869646,0,0.0894501612161862,0,1,0,-0.688332471495777,0,0,NA,NA,NA,NA,NA,NA,NA,NA,NA
-0.0545986553603831,1,2.47160082016368,1,1,1,2.60491690753296,1,1,1,2.20354455033622,1,1,1,4.70195291345073,1,0,NA
-1.55782224848511,0,-1.80587775379542,1,1,0,-0.55130656278633,0,1,0,-0.464977944095689,0,1,0,-2.49438436108241,0,1,0
0.741500892086244,1,0.866143838304843,1,1,1,2.82592893085203,1,1,0,4.0038779507828,1,1,1,6.89452293272618,1,0,NA
-0.77908574126392,0,0.086998652943572,0,1,0,-0.54732721136331,1,1,1,1.31387039054704,1,0,NA,NA,NA,NA,NA
0.505861498830513,0,2.81256872593057,1,1,1,3.69069261671211,1,0,NA,NA,NA,NA,NA,NA,NA,NA,NA
0.90755170601785,0,2.88585065668832,1,1,1,2.25780932808314,1,0,NA,NA,NA,NA,NA,NA,NA,NA,NA
1.28395701047459,0,2.05347900845406,0,1,0,1.20315545886919,1,1,1,1.48976829495879,1,1,1,4.26605516051165,1,1,1
-1.55786379738557,1,-0.539548632187945,0,1,0,-0.572076031651157,1,1,1,1.48663899539749,0,0,NA,NA,NA,NA,NA
1.08174184817912,0,0.115428277734079,0,1,1,-0.999491160715474,0,1,0,-1.92653338766008,0,1,1,-2.47310537633071,0,1,0
-0.756981356946019,0,-0.36936598733777,0,1,0,-0.33653573118483,1,1,1,0.343915244779633,0,0,NA,NA,NA,NA,NA
-1.28901947384896,1,0.943708608488884,0,1,0,0.0605478440547452,1,0,NA,NA,NA,NA,NA,NA,NA,NA,NA
1.31432066591943,1,2.71482401908095,1,0,NA,NA,NA,NA,NA,NA,NA,NA,NA,NA,NA,NA,NA
1.14625997326498,1,0.819328375539032,1,1,1,1.59486292807303,1,1,1,2.91988041178244,1,0,NA,NA,NA,NA,NA
-0.242583267705004,0,-1.05023263468775,1,1,1,2.25056803990638,0,1,0,1.56627004955392,1,1,1,1.36756555379959,1,0,NA
0.759540706238345,1,0.661445618871208,1,1,1,1.56712665897424,1,1,1,2.03668936058308,1,1,1,5.1668244463633,1,0,NA
-0.860325741423062,0,-1.99607881989279,0,1,0,0.459079891988273,1,1,0,0.66103660920398,1,1,1,0.60390288031229,1,1,0
-0.151031579052044,1,3.206827549065,1,0,NA,NA,NA,NA,NA,NA,NA,NA,NA,NA,NA,NA,NA
-0.0937232337608719,1,1.31808254424292,1,1,1,1.99871020049463,1,1,1,3.6821433722683,1,1,1,4.3576806138489,1,0,NA
-0.280740054504004,0,-0.496830504438815,1,1,0,-0.574874773264341,1,1,0,0.605442591878361,0,1,0,0.675774077633878,0,0,NA
0.734098736497243,1,-0.286299379981662,1,1,1,1.47430381279497,1,1,1,2.09996783252811,0,0,NA,NA,NA,NA,NA
1.53732753549595,0,2.0391378962,1,1,0,0.583910723630047,1,1,0,1.48179876554556,0,1,1,0.0715984872770044,1,1,1
-0.455771062778902,0,-1.03051009884925,0,1,0,-3.67024934744089,0,1,0,-2.91658509455148,0,1,0,-4.22741187157327,0,1,0
-0.0326584523557289,1,0.517665712715231,1,1,1,0.474397539013354,0,1,0,2.68881363183685,1,1,1,5.17981134868522,1,1,1
1.6367573491655,0,-1.10078447559349,0,1,0,-1.23738709378926,0,1,0,-0.525439949262373,0,1,0,-2.17085678477816,0,1,0
-0.329041970526538,1,0.118625059437738,0,1,0,-1.13033383946988,0,1,0,-2.12408763905578,0,1,0,-1.05293709188712,0,1,0
-2.6040381706071,0,-0.548608569779409,1,1,0,0.824937037467547,0,1,0,0.22432997696669,0,1,1,2.45631375533231,1,1,1
0.513983786447932,1,1.95516369052814,1,0,NA,NA,NA,NA,NA,NA,NA,NA,NA,NA,NA,NA,NA
-0.886468011111257,0,-0.202428313230237,1,1,0,0.550131138163786,0,1,1,0.755619205221884,0,1,0,0.555420083818333,0,1,0
-0.998538406003926,0,-1.95101075332841,0,1,0,-2.3686848279701,0,1,0,-2.20177056509881,0,1,0,-1.4318633572949,0,1,0
1.42081681358485,1,0.957591476134932,1,1,1,2.42400578505355,1,1,1,3.19452975188533,1,0,NA,NA,NA,NA,NA
2.44799800701523,1,2.20895232054621,1,1,1,1.84710200449159,1,1,1,2.20709368895022,1,1,1,2.83660431506974,1,0,NA
-1.03978254140354,0,-1.23315717592138,0,1,0,-0.37061431465983,1,1,0,-0.714176232488165,0,1,0,-0.292962543571139,1,1,0
1.03102518166676,0,-0.497493470215214,0,1,0,0.357442417401356,0,1,0,1.44337948684968,1,1,1,1.01276616354183,0,1,1
-0.0941478383696331,1,-0.806080352141153,0,1,1,0.342871981682933,0,1,0,0.8407448446738,0,1,0,1.05894809441658,0,1,0
0.141807459220448,1,2.84393394058297,1,1,1,3.13846080922986,1,1,1,3.78431019770593,1,0,NA,NA,NA,NA,NA
1.2222367014564,1,3.11947745123285,1,1,1,3.03163672255855,1,0,NA,NA,NA,NA,NA,NA,NA,NA,NA
0.213674518441066,0,0.161657393337185,1,1,1,0.73884033578553,1,1,0,0.70875070591979,1,1,1,0.668493683668159,1,1,0
-0.851365353860758,0,-2.63845422647889,0,1,1,-2.70416615233598,0,1,0,0.932429953497134,1,1,0,-1.82459167609167,0,1,0
-0.470408874742861,0,-1.2103268431883,0,1,0,-0.778508734239468,0,1,1,-0.877057585346931,0,1,0,-1.48758400303999,0,1,0
0.686135255298873,0,0.524102101412352,1,1,0,3.52702927608579,1,1,1,4.39638339948711,1,1,1,4.82319217610999,1,0,NA
-2.3359473318599,0,-2.1021167211779,0,1,0,-3.08234184704062,0,1,0,-3.95704990807781,0,1,0,-3.61268298620005,0,1,0
1.09524438184847,1,2.02042448457124,1,1,1,0.936927369799902,0,1,1,4.03423954200583,1,0,NA,NA,NA,NA,NA
-1.56715009883224,0,-0.675519745643984,0,1,0,-0.867697028020441,0,1,0,-2.94363295315907,0,1,0,-5.55183194782397,0,1,0
0.0219310628183824,0,0.321103996967023,1,1,1,-0.157522499847524,1,1,1,-0.0273492784450828,1,1,0,1.32582516837904,1,1,0
-0.19035897759196,0,-0.108465975377798,0,1,0,-1.2862972693639,0,1,0,0.961063529651813,1,1,0,1.18004451530821,1,1,1
1.29306948602434,1,-0.62664801345536,0,1,0,1.70058088002954,1,1,1,1.26436292860073,1,1,1,2.2540851161145,1,0,NA
0.188849315056629,1,0.557269419438959,0,1,0,0.495948479405858,1,1,0,2.42238719730213,1,0,NA,NA,NA,NA,NA
0.101939134905212,1,0.00781544340657994,0,1,0,-1.21098243437424,0,1,0,-1.03465273573457,0,1,0,1.25409409706225,0,1,1
0.698135808858598,0,-0.361924161848394,0,1,1,-1.92272819330091,1,1,0,-0.268154224978312,1,0,NA,NA,NA,NA,NA
-0.827014556190432,0,-1.38483226686941,0,1,1,-0.24277655107462,0,1,0,-0.361927043983817,1,1,0,-0.673013012108206,0,1,0
-0.195898856066376,1,0.153965242983221,0,1,0,0.321716721587601,0,1,1,1.32929695733226,0,1,0,1.64453768747499,1,1,1
1.17758441380777,1,-0.545372132914349,0,1,0,0.510594637367107,1,1,1,1.5074296104672,1,0,NA,NA,NA,NA,NA
0.683473620979851,1,-0.480775704734647,1,1,0,0.407415739339377,1,1,1,0.331121956308686,1,1,0,0.340981338249775,0,1,0
-1.27549670675253,0,-1.53229467454088,0,1,0,-1.13789356540642,0,1,0,-1.47669552387582,0,1,0,-2.50133653533933,0,1,0
0.637956367410881,0,-0.289153721539105,0,1,1,-0.377170294224436,1,1,1,0.395219679608204,0,0,NA,NA,NA,NA,NA
-1.37758962460372,0,-2.19131805433294,0,1,0,-2.42630944507092,0,1,0,-2.67287059396302,0,1,0,-3.17602187010126,0,1,0
-0.59831080371967,0,0.563020401221733,0,1,0,-0.0899669221706474,1,1,0,0.772910981145489,0,1,0,0.427005854458602,0,1,0
1.21092038385701,1,1.16064309294256,1,1,1,0.751853900154129,1,1,1,2.7964245884322,0,1,1,3.28617980874176,1,0,NA
-2.25104517544585,0,-0.906192642294343,0,1,0,-0.463352231842541,1,1,1,-0.427238823467824,0,1,0,-0.964537825792133,0,1,0
-1.77901419088083,0,-2.63427779960859,0,1,0,-1.67220637236712,0,1,0,-1.04906347678264,0,1,0,-4.08533074699785,0,1,0
1.30137267282642,1,1.93820867456671,1,1,1,2.52072752679396,1,1,1,3.98096841668143,1,1,1,6.27311147436949,1,0,NA
-0.814792784052655,1,-0.38159510893241,0,0,NA,NA,NA,NA,NA,NA,NA,NA,NA,NA,NA,NA,NA
1.24370701857891,0,0.788330243601015,1,1,1,0.691393902914861,0,1,1,-0.408638033788701,1,1,1,0.892387940435183,1,1,1
-0.168250200756106,0,-0.025119733085787,1,1,0,1.34650144138271,0,1,1,1.8978052268469,1,1,0,1.61863904757095,1,1,1
0.427775678362924,1,1.55649159862821,1,1,1,1.44828853614294,1,0,NA,NA,NA,NA,NA,NA,NA,NA,NA
0.813278889629239,1,-0.651997185144729,0,1,1,0.930687988766509,0,0,NA,NA,NA,NA,NA,NA,NA,NA,NA
-0.651211869360044,0,-1.98647801633105,1,1,0,-1.84390456694826,0,0,NA,NA,NA,NA,NA,NA,NA,NA,NA
-0.304590923146605,0,-1.77067374143359,0,1,0,-0.920959535550386,0,1,0,-1.29207277055542,0,1,0,-1.54727429904309,0,1,0
-0.415097169645636,1,1.45245401978404,1,1,0,1.70863775592079,1,0,NA,NA,NA,NA,NA,NA,NA,NA,NA
2.81608427602238,1,1.77446895978203,1,1,1,3.39074196134826,1,0,NA,NA,NA,NA,NA,NA,NA,NA,NA
0.126147069097579,0,1.02389416125606,1,1,1,1.43526625506201,1,1,1,2.37052598429882,1,1,1,3.96207720072891,1,0,NA
0.472800423111086,0,0.553172171794927,1,1,0,1.17262725043696,0,1,0,0.116200314306341,1,1,1,0.490736073420702,1,1,1
-0.34075354094095,0,2.08492172081315,0,1,1,1.7011416617644,1,0,NA,NA,NA,NA,NA,NA,NA,NA,NA
-0.24179064265461,0,0.64177398689193,1,1,1,1.73138904313009,0,1,0,0.0318547166126979,1,0,NA,NA,NA,NA,NA
1.37875466885731,1,1.17765965956066,1,1,1,0.665295380246479,1,0,NA,NA,NA,NA,NA,NA,NA,NA,NA
-0.338883669537391,1,0.121934887836426,0,1,1,0.296671261958877,0,0,NA,NA,NA,NA,NA,NA,NA,NA,NA
0.0201363027607609,0,-0.627468021893025,0,1,0,-0.797974386847628,0,1,0,0.0214887375438826,0,1,0,-2.07726161486503,0,1,0
0.376962164141067,1,2.39763918520066,1,1,1,3.65101714790377,1,1,1,4.67040622597944,1,1,1,6.48029175615025,1,0,NA
-0.431723745037877,0,1.74349671307463,1,1,0,1.8186609387679,1,1,0,1.75373361531868,1,1,1,2.12547194409888,1,0,NA
1.95906415617703,1,2.3352941522254,1,1,1,4.03126509324858,1,1,1,2.73710963887872,1,0,NA,NA,NA,NA,NA
-1.42845961222117,0,-0.759234975826171,1,1,1,-0.508136659301108,0,1,0,-2.31883747943798,0,1,0,-1.22131401606335,0,1,0
2.01129297984563,1,0.171307112659668,1,1,1,-0.536653158698054,0,1,0,0.53929018206649,1,1,0,-0.0336737250345409,0,1,0
-0.351591888879179,0,-1.20714654129635,0,1,0,-1.29614993455508,0,0,NA,NA,NA,NA,NA,NA,NA,NA,NA
1.35711964684949,0,0.678329357285326,1,1,1,1.84798780349347,1,0,NA,NA,NA,NA,NA,NA,NA,NA,NA
-1.99917741100747,0,-1.53250559996761,0,1,0,-0.513903900136706,0,1,0,-1.00439127340115,1,1,0,-0.623341622220006,0,1,0
0.956080621428453,1,0.235293625125152,1,1,1,0.76955775749151,1,1,0,1.70296491413094,0,0,NA,NA,NA,NA,NA
0.876431264976865,0,-0.155288601539194,1,1,1,-0.513992962210267,1,1,0,1.19940714793822,0,1,1,1.42563096186059,1,1,1
-1.27121697156009,0,-0.931308399701701,0,1,0,-0.842778738418927,0,1,0,-1.03982236152645,1,1,0,-1.76595824091815,0,1,0
-0.768323878489628,0,-1.04237149206732,0,1,0,-1.71390865836607,1,1,0,-0.215279211848461,0,1,0,-0.803523095504299,0,1,0
0.193524845470222,1,0.23930287042787,1,1,1,0.275346722412695,1,1,0,3.16983606341491,1,0,NA,NA,NA,NA,NA
1.14383542879701,1,3.67672744580392,1,1,1,4.36601562423995,1,0,NA,NA,NA,NA,NA,NA,NA,NA,NA
-0.765999304028674,0,-1.58211991814435,0,1,0,-3.04176079940266,0,1,0,-3.05998754084457,1,1,0,-2.71838272466674,0,1,0
-0.224125999053298,1,-0.868674054556692,0,1,0,-0.0096641654726205,1,1,0,-0.464673443892452,0,1,0,-0.955044303251861,0,1,0
1.57134693497734,1,3.37231965732041,1,1,1,2.23409337636523,1,0,NA,NA,NA,NA,NA,NA,NA,NA,NA
-1.12734724085149,0,-1.44546364683768,0,1,0,-1.78597596275578,0,1,0,-4.52767860245511,0,1,0,-4.83469943918402,0,1,0
0.947793980716858,0,0.322053395709403,1,1,0,1.38842647987447,1,1,0,3.90423140300118,1,1,1,3.7391334280464,1,0,NA
0.448768189234897,1,0.264800303551838,1,0,NA,NA,NA,NA,NA,NA,NA,NA,NA,NA,NA,NA,NA
-1.10581452855633,0,-2.36144316861574,0,1,0,-1.47912594894359,0,1,0,-2.59341662461877,0,1,0,-3.11949915050076,0,1,0
-0.667867842173781,1,2.10765927797362,1,0,NA,NA,NA,NA,NA,NA,NA,NA,NA,NA,NA,NA,NA
0.783277510302197,1,0.35868061086451,1,0,NA,NA,NA,NA,NA,NA,NA,NA,NA,NA,NA,NA,NA
0.248959432712127,0,0.14317829300724,1,1,0,0.322825322668938,0,1,0,0.216953362678419,1,1,0,1.44951155636801,1,1,1
1.42509827746748,1,0.716226512496777,1,0,NA,NA,NA,NA,NA,NA,NA,NA,NA,NA,NA,NA,NA
-0.601783962091586,0,0.561918228583588,0,1,0,0.20560845411609,0,1,0,-0.569787259065335,1,1,0,1.13286594059545,0,1,0
-1.71448769637948,0,-0.785860539818995,0,1,1,0.467585102462396,0,1,0,-1.0844465790833,1,1,0,-0.43980800509814,0,1,0
1.04782692647826,1,2.7283662360579,1,0,NA,NA,NA,NA,NA,NA,NA,NA,NA,NA,NA,NA,NA
-0.608621618434128,1,3.00174096560251,1,1,1,4.62031080588055,1,0,NA,NA,NA,NA,NA,NA,NA,NA,NA
0.120340526822556,0,-1.41295116281071,0,1,0,-1.46449861850759,0,1,0,-1.76577753751529,0,1,0,-1.70707793418481,0,1,0
1.7190418138518,0,0.839557433601438,1,0,NA,NA,NA,NA,NA,NA,NA,NA,NA,NA,NA,NA,NA
-0.250414052311195,1,-0.371502671459757,0,1,0,0.24103102217427,1,1,0,1.85850758137451,1,0,NA,NA,NA,NA,NA
1.54955532739698,1,1.49877534607231,1,1,0,1.77782602871821,1,1,0,1.66447902502711,1,1,1,2.99661312977788,1,0,NA
-1.09713964993245,1,-0.134377134328034,1,1,0,-0.595378351192185,0,1,0,-0.0791762322300266,0,0,NA,NA,NA,NA,NA
0.925511236116236,0,2.07984412514747,1,1,1,1.94055664252747,1,0,NA,NA,NA,NA,NA,NA,NA,NA,NA
0.246799211870998,1,2.28901847708541,0,0,NA,NA,NA,NA,NA,NA,NA,NA,NA,NA,NA,NA,NA
-0.73677153935145,0,0.34816111224116,1,1,1,1.92220143482109,1,1,1,1.7623624789294,1,1,1,2.01349143482695,1,1,1
-1.28000893888965,0,-0.37450289961752,0,1,1,-0.881548659859644,0,1,0,-1.56607156340413,0,1,0,-1.66922468619273,0,1,0
0.0766436635945079,1,-0.661215872207103,1,1,1,-0.869500978241967,1,1,1,-0.57683636282997,0,1,0,-0.179240241381196,0,0,NA
0.255164762454082,0,1.0960121413488,0,1,1,1.09515909153732,1,1,1,1.25897325183763,1,1,1,4.06193518687462,1,0,NA
0.277446817034678,1,-0.406767105606662,0,1,0,-0.499946343738125,0,1,0,-1.85324150490188,1,1,0,0.086536803212267,0,1,0
0.536856022231548,0,-0.139226230044238,1,1,1,-0.412037573755471,0,1,0,1.77384234562725,1,1,1,2.99055937227106,1,1,1
-0.460485565976711,0,-1.75776569556114,0,1,0,-1.30412389982255,0,1,0,-1.4964801514395,0,1,0,-2.43331006593823,0,1,0
-0.511603722189581,0,0.333931472307172,0,1,0,-0.517045958922409,0,1,0,-1.20698221438074,0,1,0,-1.22404175074397,0,1,0
0.236937879127631,1,0.252674718427676,0,1,0,1.21583542910608,0,1,1,0.707487035753697,0,1,0,1.20945156597504,1,1,1
-0.541589171621698,1,-1.38542837056038,0,1,0,-1.6308206413901,0,1,0,-0.296026566064013,0,1,1,-1.53358984023732,0,1,0
1.21922764704307,0,0.0671702628262465,1,1,1,1.29181202677544,1,0,NA,NA,NA,NA,NA,NA,NA,NA,NA
0.174135875106149,1,2.03819292443004,0,1,1,0.535492945719788,1,1,1,2.05932123372334,1,0,NA,NA,NA,NA,NA
-0.615268316096478,0,-1.71584304271734,0,1,0,-2.58786840676723,0,0,NA,NA,NA,NA,NA,NA,NA,NA,NA
-1.80689296408533,0,-0.292651073542742,0,1,0,-1.60140676097199,0,1,0,-0.645986273781709,0,1,1,-1.90259760295562,0,1,0
-0.643681105896039,1,0.894912388703816,1,1,1,-0.136773711594124,0,1,0,1.11662472964998,1,1,1,0.575092512665118,0,0,NA
2.04601885213282,1,2.53583690567097,1,1,1,2.73342091069398,1,0,NA,NA,NA,NA,NA,NA,NA,NA,NA
-0.560762421131065,0,0.542007115430859,1,1,0,-0.34492341907436,1,1,0,0.361799851663231,1,1,1,0.313306079601302,1,1,1
-0.835999305852858,0,-2.19506884580714,0,1,0,-1.68141161827902,0,1,0,-2.98430140634988,0,1,0,-1.89994896100631,1,1,0
0.652947502777847,1,0.181788154793833,0,1,0,1.8854782553306,1,1,1,3.92307347819423,1,0,NA,NA,NA,NA,NA
0.441293124842934,1,-0.737350256843847,1,1,1,-0.508893104125593,0,1,1,-0.0827628860561468,0,1,0,-0.697048289632203,1,1,1
0.751629056591275,1,0.505216711588053,1,1,0,1.40965268536507,1,1,0,2.69861082221302,1,1,0,4.34084391797453,1,1,1
-0.277975085155337,1,0.593913670158277,1,1,0,0.940735475937358,0,1,0,2.31198524859306,0,1,1,3.21542312397589,1,1,1
1.12265421625967,0,1.48732853200612,0,1,1,0.0924589188244005,1,1,1,1.30094705197182,0,0,NA,NA,NA,NA,NA
-1.17260886019801,0,1.47623380204841,1,1,0,0.441671945088649,1,1,1,0.196757434162384,1,0,NA,NA,NA,NA,NA
-0.048876767973659,1,0.505627288640098,0,0,NA,NA,NA,NA,NA,NA,NA,NA,NA,NA,NA,NA,NA
-0.704140337217957,0,-0.496323778351317,0,1,0,-1.04799169626171,0,0,NA,NA,NA,NA,NA,NA,NA,NA,NA
0.680758638017183,0,0.60071044767131,0,1,0,0.786577391777705,0,0,NA,NA,NA,NA,NA,NA,NA,NA,NA
0.130006761402136,0,0.250821582084258,1,1,0,1.12154823302965,1,1,0,-0.747848018139025,0,1,0,-0.0618568651646315,0,1,1
1.10970808177014,1,0.665428284754455,1,1,1,1.10978002718955,1,0,NA,NA,NA,NA,NA,NA,NA,NA,NA
2.05850086898135,1,-0.520933276047782,1,1,1,0.839859494856705,1,0,NA,NA,NA,NA,NA,NA,NA,NA,NA
0.140655531724984,1,-1.26955433917185,0,0,NA,NA,NA,NA,NA,NA,NA,NA,NA,NA,NA,NA,NA
-0.534616652198382,0,0.828651112370439,1,1,1,2.12087344244584,0,0,NA,NA,NA,NA,NA,NA,NA,NA,NA
-0.823516726518704,0,1.69889021125078,0,1,0,0.221817800325529,1,1,1,1.55909656342029,0,1,0,3.20889768888339,1,0,NA
-0.263033982230645,1,-0.206797806974929,0,1,0,1.34094376379839,1,1,0,0.364213623089267,0,1,0,0.39780084315576,0,1,0
-0.0696018363603779,0,0.111879477479082,1,1,1,1.88574198981763,0,1,0,1.05991467930945,1,0,NA,NA,NA,NA,NA
1.99180191472057,1,0.93172050424968,1,1,1,2.24187188214953,1,1,1,4.05949967064823,1,0,NA,NA,NA,NA,NA
-1.12910954273777,1,0.164318430444946,1,1,0,0.779035952985732,0,1,1,2.46622979017068,1,1,1,0.756714016088017,1,1,1
-1.09321743652488,1,-1.53541137098085,0,1,1,-0.286243555811852,1,1,0,0.421948210285985,0,1,0,-0.37474999810331,0,1,0
-0.407966690317779,0,-1.30172498731117,0,1,0,-0.014411949350104,0,1,1,-0.0978114271936194,0,1,0,1.04138857019539,1,1,1
0.587559463498313,1,0.454968135310553,1,1,0,0.3291852713497,1,1,0,2.89737154246061,1,1,1,1.83975259305648,1,1,1
0.821111859737407,0,1.00361048176365,0,1,1,2.18398472353455,0,1,0,0.396309327019634,1,1,0,3.76493830173661,1,0,NA
-0.907934699241847,0,1.02310525966553,0,1,1,1.13426944591644,1,1,0,2.59182577222157,0,1,1,3.12788530083251,1,0,NA
0.127038606349588,0,0.643937248662726,1,1,0,1.65964582611957,1,1,0,2.92263620041159,1,1,0,2.78891239236415,1,0,NA
-0.0428929778975765,0,0.260041837757858,1,1,1,0.0621427966782823,1,1,1,1.16065635017147,0,1,1,2.70106681677724,1,1,0
1.19520647042577,1,-0.00638743103555162,1,1,1,1.38069741040151,1,1,1,1.71727353130646,1,0,NA,NA,NA,NA,NA
1.08919223650205,1,0.178272160609458,0,1,0,0.471401061188065,1,1,0,-0.0523292480127184,0,1,0,-0.602769578461833,0,1,0
-0.312280694434521,1,-1.64839039933665,0,1,0,-0.604807004746194,0,0,NA,NA,NA,NA,NA,NA,NA,NA,NA
0.0459937666619196,0,-0.850691670475266,1,1,0,1.04799820600166,0,1,0,1.2964778193008,1,1,1,1.05350384026934,0,1,1
0.652722613401543,1,-1.09283862163393,0,0,NA,NA,NA,NA,NA,NA,NA,NA,NA,NA,NA,NA,NA
-1.65349263659697,0,-0.225854758023576,0,1,0,0.323252321277278,0,1,0,-0.0275975901041016,1,1,0,0.49807157398407,1,1,0
-0.310270965480046,1,-0.738516693119587,0,1,1,0.764836093217957,1,1,1,2.13744201759731,0,1,1,1.25523946232963,1,0,NA
0.574872884002481,1,1.64786177868327,1,1,1,0.0861072570204144,1,1,0,-0.86011877733123,1,1,0,1.06234935506429,1,1,1
-0.523232154380118,1,0.35536805856766,0,1,1,1.03380440930929,0,1,0,1.10015180693658,1,0,NA,NA,NA,NA,NA
-0.0599182013481885,1,-0.975002839030615,0,1,0,1.01832833893802,0,1,0,0.604269431838579,1,1,0,1.19328451960393,1,0,NA
-0.0210075354337069,1,1.1307899272973,1,1,0,1.7383448272753,1,1,0,3.71417424715956,1,0,NA,NA,NA,NA,NA
-0.723653214316312,0,1.4172172263681,1,1,0,1.25389317165571,1,1,1,2.45516954859953,1,0,NA,NA,NA,NA,NA
-0.994479836178391,1,-0.520370297147177,0,1,0,-0.305697724140162,0,1,1,-1.54845690158576,1,1,0,-2.37578880059405,0,1,0
-0.199867234998128,1,-0.106392025191039,1,1,1,0.355244538956186,1,1,1,0.317889191093395,1,1,1,3.37731732776737,1,1,1
-0.347027822807086,0,-0.253965521179836,0,1,0,1.12910467343537,1,1,0,-0.186189473479297,1,1,0,1.86457725185653,1,0,NA
0.834095065661453,1,0.0924696027468191,1,1,0,0.106902520611992,1,1,0,0.559710975490511,0,0,NA,NA,NA,NA,NA
1.52988221249492,1,0.883441909850608,1,1,0,3.87647095171853,1,1,1,4.85585836379891,1,0,NA,NA,NA,NA,NA
-0.0119223793666472,0,0.312756630834739,0,1,1,0.548579803708475,0,1,0,0.595644162177149,0,1,1,0.658957306505319,0,0,NA
0.398671992491547,0,0.492777230102646,0,1,1,0.664254321270036,1,1,1,1.51607380233489,0,1,0,3.87065884277689,1,0,NA
-0.0704153139057291,1,0.0256830012415166,1,1,0,0.165442546157995,1,1,1,1.96118079636023,0,1,1,3.1475343191729,1,1,1
0.601359843881131,1,0.407618258598454,0,0,NA,NA,NA,NA,NA,NA,NA,NA,NA,NA,NA,NA,NA
0.218495462278797,1,3.48455517011904,1,1,1,1.70719842890436,1,1,1,3.36825077309102,1,1,1,4.62293194277326,1,0,NA
0.236595501860209,0,-1.23163508108093,1,1,0,0.850889382046836,0,1,0,-0.639880506481547,0,1,0,-0.0247002473282982,0,1,0
1.112915127616,1,2.46845609164849,1,1,1,1.83767477923056,0,1,0,2.75359030421104,1,0,NA,NA,NA,NA,NA
-0.987421149395455,0,0.472562106765761,0,1,1,1.26723501052778,0,0,NA,NA,NA,NA,NA,NA,NA,NA,NA
1.44786401312549,1,-0.383451057375307,1,1,0,-0.41027546300228,0,1,0,1.07782570776969,0,1,0,1.23503939942447,0,1,1
0.349112412179829,1,-0.241631693964583,0,1,0,-0.560214938264008,0,1,0,-0.439988928928703,0,1,0,-0.574233066801532,0,1,0
0.180822010712195,0,-1.17678417985142,1,1,0,-1.96758028205114,0,1,0,-0.625608291327037,0,1,0,-1.97542602099766,0,1,0
-0.560241851130579,0,-1.75321230597356,0,1,0,-1.05148725468996,0,1,0,-1.7092922372723,0,1,0,-0.0835006209641629,0,1,0
-0.16387759158253,0,0.399058146619588,1,1,1,2.09790996761817,1,1,1,2.3042871592468,1,1,1,3.57704503405989,1,0,NA
0.373684804430444,1,1.20465041132438,0,1,0,1.25410609606758,1,1,1,2.69562866426949,1,1,0,2.15667938852633,0,0,NA
-2.06371425739842,0,-1.32503199011767,0,1,0,-0.27393212004813,0,1,0,-1.83840501748692,0,1,0,-4.16742781974271,0,1,0
-0.601521948838093,0,-0.390376212908464,1,1,0,-0.716783032939193,0,1,1,-0.575752767947117,0,1,1,-1.62425679920231,0,1,0
0.58599161230581,1,0.23618531212492,1,0,NA,NA,NA,NA,NA,NA,NA,NA,NA,NA,NA,NA,NA
-0.294481786351775,0,-0.0758404341171791,0,1,0,-0.10676793626287,1,1,1,1.17460470556197,0,1,0,1.26699668609309,1,1,1
-0.800527545484263,0,-2.22224265506838,0,1,0,-0.720723906626945,0,1,0,-0.228688666887647,0,1,1,-0.64053071219847,0,1,0
-0.63569453113499,0,1.49787076180911,0,1,0,0.281527966433132,0,1,0,0.047120048598468,1,1,1,0.454726546274133,0,1,1
0.235749032414043,1,-0.361303434640414,0,1,0,-0.417906261937807,0,0,NA,NA,NA,NA,NA,NA,NA,NA,NA
-1.63483238484751,1,-1.52901628544822,0,1,0,-2.67178588174287,0,1,0,-2.65824692734199,0,1,0,-3.40768394918544,0,1,0
0.871229240582207,1,2.49338355854252,1,1,1,2.6805808549195,1,1,1,1.14297339992478,1,0,NA,NA,NA,NA,NA
-2.16893467443595,0,-1.73770076182627,0,1,0,-0.931728847797307,0,1,0,-2.76883976623032,0,1,0,-2.04501464853652,0,1,0
-0.503339522315559,0,0.042782330558506,1,1,0,-0.140617845040041,0,1,0,1.41521945909266,0,1,1,0.340356543115168,1,0,NA
-0.787182478973486,0,-0.863610403280395,0,1,0,0.908960996906053,0,1,0,1.1109591127524,1,1,1,0.16865842059614,0,1,0
-1.24860020954842,1,-0.572715562220146,0,1,0,-0.163233981184166,0,1,1,-0.304258327601766,0,1,0,-1.20167547542297,0,1,0
-1.07790734011295,0,-1.38165799334819,0,0,NA,NA,NA,NA,NA,NA,NA,NA,NA,NA,NA,NA,NA
0.250077353605602,1,1.31285635171782,1,0,NA,NA,NA,NA,NA,NA,NA,NA,NA,NA,NA,NA,NA
-0.11977403121588,0,1.66775149249849,1,1,0,0.509330146225246,0,1,1,0.653607548605001,0,1,1,2.1942264754462,0,1,1
-0.30085263245286,1,0.770692996134211,1,1,1,0.894553069635186,0,0,NA,NA,NA,NA,NA,NA,NA,NA,NA
-2.32076377558186,0,-2.46508034858049,0,1,0,-3.30636033032649,0,1,0,-3.19645392254922,0,1,0,-4.23279266468074,0,1,0
-1.32432071149579,0,-2.15199171037526,0,1,0,-1.35537515758458,0,1,0,-0.99891621206005,0,1,0,-2.31724530254554,1,1,0
-0.131307112462703,1,1.14584212278989,1,1,1,2.90218313365778,1,1,1,2.63339175620699,1,0,NA,NA,NA,NA,NA
-0.87803515301306,0,-1.1502413338042,0,1,0,-1.16691483530465,1,1,0,-1.8582767992879,0,1,1,-2.4983507550316,0,1,0
-0.796768930311008,0,0.273015861624427,0,1,1,-1.57999926484752,1,1,0,-0.259310239198588,0,0,NA,NA,NA,NA,NA
1.0495407129977,1,0.908468759695536,1,1,1,3.03800748531048,1,0,NA,NA,NA,NA,NA,NA,NA,NA,NA
0.175588348517341,0,-0.519734240777164,0,1,1,-0.488859497738489,0,1,0,-0.431780452817571,1,0,NA,NA,NA,NA,NA
-1.04384462163877,0,-0.66725133551131,0,1,0,0.448374581106562,0,1,0,-0.161391784099762,0,1,0,-3.09136343589627,0,1,0
-0.468696015002214,1,1.25279123344167,1,1,1,2.69029166051638,1,0,NA,NA,NA,NA,NA,NA,NA,NA,NA
-0.28490348155087,1,-2.15600991002139,1,1,0,-0.232813057030463,0,1,0,1.11335445391872,1,1,1,1.00857777520724,1,1,1
-0.680295181235103,1,-0.810116187365993,0,1,0,-0.696361211723681,0,1,0,-0.299351408637986,0,1,0,1.15711287658186,1,1,1
-0.964053610494564,0,-0.53585720631647,0,1,1,-0.250771410320859,0,1,1,-0.0782317855460302,0,1,0,-2.11358656199672,0,1,0
-0.0518040820003942,1,-0.185151623055353,0,1,0,0.585938300398691,1,0,NA,NA,NA,NA,NA,NA,NA,NA,NA
0.741194719519762,1,2.3708385172844,0,0,NA,NA,NA,NA,NA,NA,NA,NA,NA,NA,NA,NA,NA
0.226852003567295,0,-0.749443585054407,0,1,1,0.326238553622704,0,1,0,0.488448407576283,1,1,1,1.65498047529464,1,0,NA
-0.200147012715761,1,-0.79559334170284,0,0,NA,NA,NA,NA,NA,NA,NA,NA,NA,NA,NA,NA,NA
0.387820244768823,1,-0.312281235660919,0,1,1,0.0203982353049549,0,1,0,-0.596234217447147,1,0,NA,NA,NA,NA,NA
0.793918367051497,1,-0.929068956097065,0,1,0,-0.7301275469972,1,1,1,0.0745411074831683,1,1,0,1.36163587086674,1,1,0
-0.140513958248364,0,1.27724858720656,1,1,0,-0.287686961772345,1,1,0,0.307631079462506,1,0,NA,NA,NA,NA,NA
0.455805198945874,1,0.588993806936152,1,1,0,3.14060371966127,0,0,NA,NA,NA,NA,NA,NA,NA,NA,NA
-1.14557290708596,0,0.0905090180546166,1,1,1,2.08054180665731,0,1,0,1.92568584562894,1,1,1,1.92251632578246,1,0,NA
-0.249650688168871,1,-0.288633668443796,1,1,0,0.798222740037918,1,1,0,0.14108306204153,1,1,1,-0.171952906288363,1,1,1
-0.420298275494042,0,-0.372079486940426,0,1,0,-0.635705144726106,0,1,1,0.0641013552112132,0,1,0,-0.270323227688452,1,1,0
0.195664503560041,1,1.08687388559792,1,1,0,2.79501389621484,1,1,1,2.52997451140919,1,1,1,4.24427202978295,1,1,1
0.357319513842984,1,1.06641383108947,0,1,1,-0.269719616853286,1,1,0,-1.22288965718837,1,1,1,-0.349479294511288,0,1,0
-0.123617978997338,0,0.232616325030651,1,1,1,0.53899026065666,0,0,NA,NA,NA,NA,NA,NA,NA,NA,NA
-0.766214222789801,1,-0.427152803626508,0,1,1,0.834655250077017,0,1,1,2.0531634522424,1,1,0,2.67749145115321,1,0,NA
-0.929714216784719,0,0.193611565902188,0,1,0,-0.776338456540055,0,1,0,-0.86281524073078,0,1,0,-0.261222801295486,0,1,0
0.278520610602079,1,0.384104940977975,1,1,1,0.337414397947982,1,1,1,2.74160453399603,1,1,1,2.96041070172921,1,0,NA
1.35683685227542,1,2.06808289795076,1,1,1,2.53533925483746,1,1,1,3.31368202674581,1,1,1,4.10030153134911,1,0,NA
-0.787135594929695,0,0.276490026926268,0,1,0,-1.23378172778028,0,1,0,0.764175974278585,0,1,0,-0.236212096723813,1,1,1
-0.384798672297195,1,-1.70530702288438,0,1,1,-1.9655501877666,0,1,0,-2.50910774798541,0,1,0,-2.18220547006362,1,1,0
0.330680560251943,1,-2.04699497286432,0,1,0,-0.0274282233473703,0,1,1,-1.22836799048883,0,1,0,-1.10828193552042,0,1,0
-0.55462045006283,0,-0.414499977205932,1,1,0,-0.364229451481878,1,1,1,-0.700370905816122,0,1,0,1.15927275232413,0,1,1
0.121572314820453,0,2.03989800826922,1,1,1,2.36080867192821,1,1,0,3.08723360935544,1,0,NA,NA,NA,NA,NA
-0.0475961169783602,0,-0.399111144707737,0,0,NA,NA,NA,NA,NA,NA,NA,NA,NA,NA,NA,NA,NA
-0.776251590566683,1,0.294158183520178,1,1,1,1.74857059854839,0,0,NA,NA,NA,NA,NA,NA,NA,NA,NA
0.831441251138311,1,1.7889661288458,0,1,1,4.78542714901593,1,1,1,5.97145716098089,1,0,NA,NA,NA,NA,NA
0.84630783722297,1,0.0133417805631039,1,1,1,0.903765544121556,1,1,1,1.86368391296396,1,1,1,4.08137426811308,1,0,NA
1.0241395066572,0,1.2585747590104,1,0,NA,NA,NA,NA,NA,NA,NA,NA,NA,NA,NA,NA,NA
1.26799658618238,0,1.7638286526558,1,1,1,1.50769064093532,0,1,1,3.46218322479255,1,1,0,4.01779931491225,1,0,NA
-0.506361787922575,1,-1.13868396766067,1,1,0,0.0311259525446146,0,1,0,-0.818811711186335,0,1,0,0.575320457487412,1,1,1
-0.464481896508305,1,2.34137448120846,1,1,1,2.58760805153225,1,1,1,2.55378561111341,1,1,1,4.70621981020384,1,0,NA
0.26121800049174,1,0.865757265264153,1,0,NA,NA,NA,NA,NA,NA,NA,NA,NA,NA,NA,NA,NA
0.630080976551625,1,-0.393002775808753,1,1,1,0.736406730642037,1,0,NA,NA,NA,NA,NA,NA,NA,NA,NA
-0.339626156224904,1,0.0882581444800064,0,1,1,0.31476792959181,0,1,1,1.06879450585271,1,1,1,3.10189063999172,1,0,NA
-0.423344808400481,0,1.02525992427772,0,1,0,1.4191751152054,1,1,0,2.86874515673775,1,1,1,3.50310542408492,1,1,1
-0.618271527554652,0,-0.287346873293068,1,1,1,0.99314874746629,0,1,0,1.62693553162946,1,1,0,2.381279444544,1,0,NA
1.48220189072674,1,1.37408927535843,1,1,1,1.52255103059688,1,1,0,1.94567627962801,1,1,1,4.00962024612967,1,0,NA
-2.50816635204148,0,-1.17721982799282,1,1,1,-1.32874349930111,0,1,0,-1.80133776110604,0,1,0,-1.96857130719677,0,1,0
-0.16757803378388,1,1.22990409426424,1,1,0,2.33746784083702,1,0,NA,NA,NA,NA,NA,NA,NA,NA,NA
0.0382128770535341,1,-0.338482077835744,0,1,0,0.6392507712105,1,1,1,0.14217033790141,1,1,1,2.80667999877719,1,1,1
-1.05960960299357,0,-0.707742865315685,1,1,0,-1.10215553434945,0,1,0,-2.58280824615005,0,1,0,-0.0381293486840444,0,1,0
0.385425894820638,1,-0.192641732840626,0,1,1,1.52019198082631,1,1,1,1.72235127282989,0,1,1,2.58128894084154,1,0,NA
-1.96708768381011,0,-1.29093114705334,0,1,0,-1.12733479250124,0,1,0,-2.92947049489227,0,1,0,-2.36663239978632,0,1,0
0.954968861111918,1,-0.935751465803042,1,1,1,-0.0461749389144872,0,1,1,1.81888898968577,0,1,0,1.77625063654405,1,1,1
-1.6633605848706,0,-1.36259170381833,0,1,0,0.616083317189834,0,1,0,0.168246093516223,0,1,0,0.111864627992759,0,1,0
-2.20273488009703,0,-0.00793446700612233,0,1,1,-0.556835351957785,1,0,NA,NA,NA,NA,NA,NA,NA,NA,NA
-0.763563825792029,0,0.500048870837805,1,1,1,0.362761369123547,0,0,NA,NA,NA,NA,NA,NA,NA,NA,NA
0.162080393912321,0,-0.472536219622059,0,1,0,-1.25565898327391,0,1,0,0.0936657486216199,1,1,1,0.673227547904085,0,1,1
-0.651567164764164,1,2.96139914589431,1,1,1,1.91544143443432,1,0,NA,NA,NA,NA,NA,NA,NA,NA,NA
-0.559286995277619,1,0.114577946678389,0,1,0,-0.297382596528232,1,1,0,0.746171709729687,0,0,NA,NA,NA,NA,NA
0.333204975057779,1,-1.24709982636698,0,1,0,-0.366651003968432,0,1,0,-1.69345331622117,0,1,0,-0.791821540584647,0,1,0
-1.05890092148845,1,0.731832353652988,1,1,1,0.264067561464817,1,1,1,1.69409821733577,1,1,1,1.51203007210299,1,1,1
-0.0858495457604726,1,1.17442435996212,1,1,1,1.85080887742324,1,0,NA,NA,NA,NA,NA,NA,NA,NA,NA
0.497932992929394,1,1.30733292340878,0,0,NA,NA,NA,NA,NA,NA,NA,NA,NA,NA,NA,NA,NA
1.63398965670861,1,1.75207618153193,1,1,1,3.01510108541835,1,1,1,3.6136329211909,1,1,1,6.53550663266931,1,0,NA
0.479451881240197,1,1.86539889762262,1,1,1,1.05834231474115,1,1,1,2.43480826709849,1,1,1,3.72185821602666,1,0,NA
1.71476299216676,1,2.47027878030954,1,1,1,2.36211434359388,1,0,NA,NA,NA,NA,NA,NA,NA,NA,NA
0.453160033529716,0,1.88909956766227,0,1,0,-0.765691634227421,1,1,1,1.35318430148282,0,1,1,2.47391234587505,1,1,1
-0.00324112682536025,1,-1.62048994470465,0,1,0,-1.70118711910437,0,1,0,-0.635242321914043,1,1,1,-0.885967622356748,0,1,1
-2.25653485624939,0,-1.13439783669836,0,1,0,-1.39000403356054,0,1,0,-1.28915754206925,0,1,0,-1.74951688320998,0,1,0
-1.22465855193064,1,-0.906242217841093,0,1,0,-1.34209758435903,1,1,1,-0.533064566182781,0,1,0,-0.543807788072258,0,1,0
-0.318962623738223,0,-0.589872421467024,1,1,0,0.64166646678548,1,0,NA,NA,NA,NA,NA,NA,NA,NA,NA
0.712270455853782,1,0.47307874521182,0,1,1,1.18153718900462,1,1,0,0.504927266078885,0,1,0,1.81001815978915,1,0,NA
-0.32251357317817,0,-0.338782362942049,1,1,0,2.21229800966557,1,1,0,1.08060940611453,1,1,1,3.22448042698554,0,1,1
0.543648621254837,1,0.903340523988721,1,1,1,1.3702081007594,1,0,NA,NA,NA,NA,NA,NA,NA,NA,NA
-1.06381135183874,1,-1.10719774811736,0,1,0,0.762963779220766,0,1,1,2.40353798236658,1,1,1,1.73747006998009,1,0,NA
-0.274129717350557,0,2.10394932072225,0,1,0,0.0773774887360179,0,1,0,-0.638265811016709,0,1,0,-2.26030433598148,0,1,0
0.21700603247715,0,0.771542082396139,0,1,1,0.284096921921966,1,1,1,2.57375098634509,0,1,0,0.375369810703742,0,1,0
-0.359385718165611,0,-0.583082023723878,0,1,0,1.16768314921076,1,1,1,1.62279994033992,1,0,NA,NA,NA,NA,NA
0.11283169498315,0,-0.363304244133999,1,1,0,2.21665635237514,1,1,1,1.86941752380297,1,0,NA,NA,NA,NA,NA
-0.670748026053258,1,0.483516005425944,0,0,NA,NA,NA,NA,NA,NA,NA,NA,NA,NA,NA,NA,NA
0.374345223259504,1,0.199313315535116,0,1,0,0.0588354055816154,1,1,1,-0.791078090084474,0,1,0,2.22068236845061,0,0,NA
-0.0810548925112574,1,0.700525205941585,1,1,0,0.11010457528869,1,1,1,3.20173195618652,0,1,1,4.14391169133986,1,0,NA
-0.0470493466531285,1,0.275679456837347,0,1,1,0.947364944130945,1,1,1,2.05591152849984,1,0,NA,NA,NA,NA,NA
-1.94878708644615,0,-1.25584943476558,0,1,0,-1.49280843741785,0,1,0,-0.667134422967959,1,1,0,-1.41341243891082,0,1,0
-0.673668581278741,0,1.42041191285064,0,1,0,-0.548218638751745,1,1,1,-0.690808088260379,1,1,1,0.167057698267051,0,1,1
-1.48964408489825,0,1.41196773622799,0,1,0,0.896684148887033,1,1,0,0.244167266915795,1,1,0,1.32946644480575,1,1,1
-1.6057180576203,1,-2.48857379062478,0,1,0,-0.95767568018617,0,1,0,-2.97390565900993,0,1,0,-1.30687384553965,0,1,0
-0.493883100845236,0,0.255822514228683,1,1,0,-0.0313209309746982,0,1,0,0.420511422208361,1,1,0,0.849268330447357,1,1,0
-0.160798367745603,1,-0.284915055168201,1,1,1,0.587576615026505,1,1,1,2.593121875565,0,1,1,3.72499074926929,1,1,0
0.283600225800619,0,0.790569908799473,0,1,0,1.51495458913756,1,1,1,1.52836524075586,1,1,0,3.22894822191026,1,0,NA
1.09126265030032,1,0.561183186694082,1,1,0,1.10524912922274,1,1,0,4.25276504124945,1,0,NA,NA,NA,NA,NA
0.444400296922585,0,-0.0274016372186596,0,1,1,2.65468691321195,1,1,1,2.89766491152561,1,1,1,3.49135296248258,1,0,NA
1.01207034075848,1,-0.0479358679563895,0,1,0,1.03244564270767,1,1,1,1.18257773401886,0,1,0,2.38768144455657,1,1,1
-0.526310287634533,1,0.358751830933997,0,1,0,-0.831703450322087,0,1,0,0.699817695588398,1,1,1,0.557964168295629,1,1,0
-0.307840173188787,1,-1.1613094694813,1,1,0,-0.142741893629072,0,1,1,0.3082010958595,1,1,1,0.501626575204624,0,1,1
1.08516888442625,1,0.742779146370189,1,1,0,1.39560566601394,1,0,NA,NA,NA,NA,NA,NA,NA,NA,NA
0.00120718393810378,0,1.22698151708536,0,1,1,0.105702817430335,1,1,1,-1.0049120080472,1,1,0,0.379944352006578,1,1,1
-1.68024471568337,1,-0.329965666301934,0,1,0,0.595053689049427,1,1,1,1.31806958441316,1,0,NA,NA,NA,NA,NA
-0.846555519092125,0,-1.25382266591119,0,1,0,0.563354659135838,0,1,0,0.288179846704984,1,1,0,-0.821874028913141,1,1,0
1.00759205983273,1,3.56276635267766,1,0,NA,NA,NA,NA,NA,NA,NA,NA,NA,NA,NA,NA,NA
-0.61073725767746,1,0.889084409532089,0,1,1,0.491719503856109,0,1,0,0.36591995569396,0,1,1,1.3895418614636,1,0,NA
0.333444132777122,0,0.469714526118066,1,0,NA,NA,NA,NA,NA,NA,NA,NA,NA,NA,NA,NA,NA
0.0142226956806451,0,-1.05604443120961,1,1,0,-0.455317904073674,0,1,1,-1.35127154760783,0,1,0,-1.94338326228649,0,1,0
-0.496357607349662,0,-1.72883727984118,0,1,1,-1.58259633651732,0,1,1,-3.15809704032662,0,1,0,-1.82012673058085,0,1,0
-0.350786392406381,0,0.292771875679268,1,1,1,1.75593897316892,1,1,1,1.19648817180321,0,0,NA,NA,NA,NA,NA
0.391720547858095,1,0.138787270791402,0,1,0,0.599650844492441,1,1,1,2.91475492082886,0,1,1,3.50520769597145,1,0,NA
0.209578828892245,0,2.40871325546741,1,1,1,2.75721725862874,1,1,1,5.10258527888761,1,0,NA,NA,NA,NA,NA
1.23467013989917,1,1.32015409473457,1,1,1,2.13338428902448,1,0,NA,NA,NA,NA,NA,NA,NA,NA,NA
-0.199819784434937,0,-0.602356748481824,0,1,0,-0.101368858901864,0,1,0,0.458890270806638,0,1,0,-0.472952797413661,1,1,0
-0.923208042026682,1,-1.20240541113181,0,0,NA,NA,NA,NA,NA,NA,NA,NA,NA,NA,NA,NA,NA
0.165903101579443,0,-0.959881968640821,0,1,0,-0.0600710615464152,1,1,0,-0.409698804820165,0,1,1,-0.680010753639981,0,1,0
0.70533455324418,1,0.523839160048881,1,1,1,2.62316706210391,1,1,1,3.13382762271697,1,0,NA,NA,NA,NA,NA
2.28196695572699,1,-0.0258482990350659,1,1,0,-0.084926310899939,1,1,0,0.504165536104018,1,1,0,3.40104518428326,1,0,NA
-0.463683013103733,0,-1.02283501444484,0,1,0,-0.564509070464615,0,1,0,-2.32888691129481,0,1,0,0.223010750196065,1,1,0
-0.326353571908267,0,-1.47619195962188,0,1,0,0.288502749967092,0,1,0,-0.0443245918947203,0,1,0,-1.53723527145919,0,1,0
0.882493210397949,1,0.566409024018894,1,0,NA,NA,NA,NA,NA,NA,NA,NA,NA,NA,NA,NA,NA
1.28128612650446,1,2.53257338247812,1,1,1,1.88385019036045,1,1,1,3.99027738318454,1,0,NA,NA,NA,NA,NA
-0.658681856604976,1,0.0145945048395553,0,1,0,-0.030065048347228,0,1,0,1.02999602225553,0,1,0,0.772676656331331,0,1,0
0.664570454944413,1,-0.0998954062947786,1,1,1,0.325331004959907,1,1,0,1.75655063264474,1,1,0,3.35481002448751,1,1,1
-0.565157514042339,1,-1.10564518679225,0,1,0,-0.992871093587106,0,1,0,-1.1534189361797,1,1,0,-1.35906317312204,0,1,0
-0.962178270242238,0,-2.04317491515472,0,1,0,-0.287235313017931,1,1,0,-1.09587334407178,1,1,0,-2.42974015680375,0,1,0
0.623360901900257,1,1.5688023269987,1,1,1,0.331958207679391,1,1,1,3.23738773704507,1,1,1,3.43883852102217,1,0,NA
0.106497772201071,1,2.37000313266807,1,0,NA,NA,NA,NA,NA,NA,NA,NA,NA,NA,NA,NA,NA
0.38933087814222,1,-0.197979619276429,1,1,0,0.836719418855534,0,1,0,2.23052928455742,1,1,1,2.91586484786828,1,1,1
-0.580503496721951,0,-0.796486401202764,0,1,0,-0.984150496606452,0,1,0,-1.41931327485132,0,1,0,-1.23492779390725,0,1,0
1.79497795592676,1,1.11601528300949,1,1,1,3.08120012014973,1,0,NA,NA,NA,NA,NA,NA,NA,NA,NA
0.665288009047707,0,2.66103838608909,1,1,1,3.15272913584397,1,1,1,3.89710177867802,0,1,1,4.79708860418781,1,0,NA
-0.374402425652033,1,-1.64748664363312,1,0,NA,NA,NA,NA,NA,NA,NA,NA,NA,NA,NA,NA,NA
0.702748931010458,1,1.55193921765958,1,1,0,1.47784978939444,1,1,1,3.47413305295963,1,1,1,4.97239086378825,1,0,NA
-1.21451438389368,0,-1.83515705949995,0,1,0,-0.702572708628673,1,1,0,-3.15173688926241,0,1,0,-0.48048045435094,0,1,1
-0.137750126949227,0,1.61594704951452,0,1,1,0.827824154115749,1,1,1,3.028205244435,1,1,1,2.25618931031058,1,1,1
1.40335789868052,1,1.7283563575703,1,1,1,1.27071771809396,1,1,1,2.09465310601703,1,0,NA,NA,NA,NA,NA
-0.188839311604344,1,1.23511128613387,1,0,NA,NA,NA,NA,NA,NA,NA,NA,NA,NA,NA,NA,NA
0.910490371995549,1,-0.526890928774872,0,1,0,1.12909986811391,1,1,1,-0.040821518576813,1,1,1,0.838788399261179,1,0,NA
-0.221922000189912,1,-0.70111603932695,0,1,0,-0.973168458109443,0,1,0,-0.325674363459599,0,1,1,-0.475532533460085,1,1,1
-2.29802640030622,0,-3.74545600108936,0,1,0,-2.72973430194541,0,1,0,-4.83052709797451,0,1,0,-4.67261014062795,0,1,0
-0.880212545566096,0,-1.21673065555213,0,1,0,-0.50725867766111,0,1,1,-0.723393435326985,0,1,1,-0.520479841604446,0,1,0
0.22273568903497,0,-0.694356072068511,0,1,0,-1.35029310822046,0,1,0,0.403680583624077,1,1,1,0.495166754272857,1,1,0
1.44655271093401,1,1.0760884204641,1,1,1,2.8240027323624,1,0,NA,NA,NA,NA,NA,NA,NA,NA,NA
-0.593402125000833,0,-0.177060065156021,0,1,1,-1.27397572183234,0,1,0,-0.954781368610438,0,1,0,1.21057482596498,0,1,0
0.275979011382551,1,-0.203706357265759,0,1,0,0.714304737236913,1,0,NA,NA,NA,NA,NA,NA,NA,NA,NA
-0.964819289479567,0,-1.05917555154757,1,1,1,-0.375350547519385,0,1,1,-2.03734050005939,0,1,0,-2.16457936815977,0,1,0
-1.0164562413338,1,-2.49264791472601,0,1,0,-2.15855068501842,0,1,0,-0.807572792349466,0,1,0,-1.64868519611786,0,1,0
-0.777316643416822,0,0.53078553019864,0,1,0,-0.88113396507825,0,1,1,1.82263240982602,0,1,0,-1.19203512477641,1,1,0
1.36906206733358,1,1.22232339168762,1,1,1,0.296177113831803,0,1,1,3.02739883877299,1,1,1,2.53582447175357,1,0,NA
0.940310089910901,1,1.5078408543148,1,0,NA,NA,NA,NA,NA,NA,NA,NA,NA,NA,NA,NA,NA
0.5936651573177,1,1.55759964748332,1,1,0,0.730200209392315,1,0,NA,NA,NA,NA,NA,NA,NA,NA,NA
1.11546255343648,1,1.28195603506906,1,0,NA,NA,NA,NA,NA,NA,NA,NA,NA,NA,NA,NA,NA
-0.424424996733506,0,1.3626049186503,1,1,0,1.71207659225152,0,1,0,2.23151664310793,1,1,1,3.72256587349374,1,1,1
0.759576936893122,1,-0.132634007334461,0,1,1,2.84509063334496,1,1,1,1.79394848293362,1,0,NA,NA,NA,NA,NA
0.209629277871549,1,0.412481521752168,0,0,NA,NA,NA,NA,NA,NA,NA,NA,NA,NA,NA,NA,NA
-1.04910092481282,0,0.470984745733881,0,1,0,-0.639644921261032,0,1,0,-0.230785921669384,1,1,1,-0.35543507262746,0,1,0
-0.831062222281743,0,0.189745165678922,0,1,1,0.272853840078855,1,1,1,3.2016359333814,1,0,NA,NA,NA,NA,NA
0.0500529319191458,1,-0.950538253271369,0,1,0,-0.334527169706729,0,1,0,-0.56443561892763,0,1,0,0.0486289913911695,0,1,0
0.205630061496544,1,-0.354341231955122,1,1,0,0.880952009383328,1,1,1,1.13128099774782,1,0,NA,NA,NA,NA,NA
-0.321358418660978,0,0.801601856703713,0,1,0,0.0289396010346161,1,1,1,0.756425288413926,1,1,1,3.88418011610209,0,1,1
-0.996491243786537,0,-1.06802001547581,1,0,NA,NA,NA,NA,NA,NA,NA,NA,NA,NA,NA,NA,NA
-2.09089194048916,0,-1.73908602721975,0,1,1,-0.885455588757595,0,1,0,-2.67870757676763,0,1,0,-2.28674398465914,0,1,0
0.425235479441099,1,-0.126770766610191,1,1,0,0.486837089878019,1,0,NA,NA,NA,NA,NA,NA,NA,NA,NA
-0.295271709137097,0,0.249399798449166,1,1,1,2.08616555771262,1,1,1,0.660821370666075,1,0,NA,NA,NA,NA,NA
0.54916088318128,1,2.12535158595415,0,1,1,1.59048800132275,1,0,NA,NA,NA,NA,NA,NA,NA,NA,NA
-1.54589181325016,0,1.34175830152797,0,1,0,0.0484144647381607,1,1,0,-1.12140617633371,0,1,0,0.373890607767513,0,1,0
-1.25333593531244,0,0.276965270077914,0,1,0,-0.596020044871987,0,1,0,0.353054362786845,1,0,NA,NA,NA,NA,NA
-0.111331874671968,0,-2.0960630421293,0,1,0,-1.37501097455167,0,1,0,-1.16895426102444,0,1,0,-3.59114870814559,0,1,0
-1.4128135356317,0,0.502642771898779,0,1,0,0.0450941551297274,0,1,1,0.34826914421548,0,1,0,-1.48746265258038,0,1,0
-1.98295385072071,0,0.0230105016394146,0,1,1,-2.25495665096967,0,0,NA,NA,NA,NA,NA,NA,NA,NA,NA
0.783595407833566,1,2.32886383039004,1,1,1,4.23558079596527,1,0,NA,NA,NA,NA,NA,NA,NA,NA,NA
0.900869339749533,1,-0.147696826507135,1,1,0,0.276088377544219,1,1,1,3.75759638784601,1,1,1,3.91939776174459,1,0,NA
-1.0299636420045,0,-1.77701167731082,0,1,0,0.252071271833731,0,1,0,0.131399173512242,1,1,1,-0.103495176502078,0,1,1
-0.272057268566593,0,-0.58711837575303,0,1,0,-0.635805119683219,1,1,1,-1.21977163804248,0,1,0,-1.38499394519043,0,1,0
-1.13397290517125,0,-0.540843253720592,0,1,0,-0.420535605721876,0,1,0,-0.476873386927539,0,1,1,-2.64451437486455,0,1,0
0.316426916752984,1,0.452945703042174,0,1,1,1.35367482183984,1,1,1,-0.45625214549765,1,1,0,2.66119957474141,0,1,1
-0.0296783010019916,1,-0.0778752304753125,0,1,1,1.03283595518294,0,1,0,0.733977841580914,1,1,0,2.00093354587342,1,1,1
-0.869460450959366,1,-0.481722011759401,1,1,0,0.121989961793263,1,0,NA,NA,NA,NA,NA,NA,NA,NA,NA
-0.774217543896185,0,-1.06462387716909,0,1,1,-1.27484491379081,0,1,0,-0.455198058133898,0,1,0,0.343753474809606,1,1,1
-1.0620811934282,1,0.338229608300292,0,0,NA,NA,NA,NA,NA,NA,NA,NA,NA,NA,NA,NA,NA
0.436374262192543,1,2.42095970330217,1,0,NA,NA,NA,NA,NA,NA,NA,NA,NA,NA,NA,NA,NA
0.571008847814101,0,0.43059601294064,1,1,1,1.38281472609457,1,1,1,1.52587583168209,1,1,1,3.36908803479723,1,0,NA
0.376474894415886,1,-0.141710993572922,1,1,0,0.549759724733049,0,1,1,2.55612710022552,1,1,1,2.1601397717946,1,0,NA
-0.842889697415977,0,0.184660591781111,0,1,0,-0.0460952886403317,0,1,1,-0.390916651022145,1,1,1,0.452825625247817,1,0,NA
-1.78616962823527,0,-1.92003407649604,0,1,0,-2.31171376194519,0,1,0,-2.10329731033921,0,1,0,-2.52612505430729,0,1,0
0.530875663154472,0,-0.365741839021917,0,1,0,0.671149805517681,0,1,0,0.494700421364726,0,1,0,-0.692068430465687,1,1,0
-0.177058947394319,0,-0.704309641058561,1,1,1,1.66901516547495,0,1,1,0.553298149979321,1,1,0,0.235817976816269,1,1,0
-0.0393923499714967,1,0.00903777659280314,1,0,NA,NA,NA,NA,NA,NA,NA,NA,NA,NA,NA,NA,NA
1.03212798487339,0,1.67304421160203,0,0,NA,NA,NA,NA,NA,NA,NA,NA,NA,NA,NA,NA,NA
-0.8935158344016,1,-0.865655819817152,0,0,NA,NA,NA,NA,NA,NA,NA,NA,NA,NA,NA,NA,NA
1.14401532568501,1,2.12383374132338,1,1,0,1.47902383812559,1,1,1,2.16283693438739,1,1,1,5.24326671884047,1,1,1
-0.413191495212929,1,-1.16290610242146,0,1,0,-1.13330065431214,0,1,0,-0.769357686298647,0,1,0,-0.898662816010305,1,1,0
-0.713187821756013,1,0.892527664962486,1,1,0,1.80164162854861,1,1,0,2.79534335738904,1,1,0,1.45931400686037,0,0,NA
-0.205746143817567,0,-1.08829470387542,0,1,0,-0.318082772018457,1,1,1,-1.11481008852123,1,1,1,1.30360707597733,1,1,0
0.390019728842846,1,-1.34992774373981,0,1,1,-1.06681857089229,0,1,0,-1.07543108259395,0,1,0,-2.93693884356941,0,1,0
-0.207215645255724,1,0.532780391197169,1,1,0,1.20666102940935,1,1,1,4.42127441267439,1,1,1,3.98778271808893,1,0,NA
-0.900507220547859,1,-1.24486836591695,0,1,0,-1.05067461719366,0,1,0,-0.729267792160966,0,1,0,-1.78222125760036,0,1,0
-0.281624278790779,0,0.309260656137874,1,1,0,0.355863348734669,0,1,0,-0.778475422599407,1,1,1,-0.0407295321087474,1,1,1
-2.54193110113798,0,-1.2392304876823,0,1,0,-0.647395281887468,0,1,0,-0.921458603580244,0,1,0,-2.31251768432192,1,1,0
-0.508511681872445,0,2.27381096067826,0,1,1,2.58559853394504,1,1,0,3.93426926839928,1,1,1,6.03688164179306,1,0,NA
0.455966217539027,0,0.476158017152403,0,1,0,0.906082787756314,1,0,NA,NA,NA,NA,NA,NA,NA,NA,NA
-0.169259774532087,0,0.94007170623886,0,1,0,-0.0682534611714191,1,1,0,0.506686577103165,0,1,0,1.06008240597776,1,1,1
0.688327722261226,1,2.31629284192304,0,1,1,2.25107696074038,1,1,1,3.91067003092758,1,1,1,6.19464626819727,1,0,NA
0.48598243397446,1,1.36735011193804,1,0,NA,NA,NA,NA,NA,NA,NA,NA,NA,NA,NA,NA,NA
0.645646746355588,0,0.534896196534294,1,1,0,0.21727417762771,0,1,0,0.0760066343420851,0,1,0,0.569958137089921,1,1,0
0.656044945025482,1,-1.3673239586534,1,1,0,0.615185849892211,1,0,NA,NA,NA,NA,NA,NA,NA,NA,NA
-1.73858076137427,0,-0.236889502981945,0,1,0,1.95329174112884,0,1,0,-0.317663547107239,0,1,0,-1.8841025857191,0,1,0
0.00415968001844305,0,0.905396323484995,1,1,1,0.723249839296673,0,1,0,1.70599428268715,1,1,0,2.1202833711757,1,0,NA
1.63006733460683,0,0.06294185883485,1,1,0,-1.10424726770416,1,1,1,1.61193873061473,0,1,0,0.604815939607532,1,1,1
-0.480485227044419,1,-1.38041091640523,0,1,0,0.676611979634148,1,1,1,1.88644769875408,1,1,1,2.77464274891628,1,0,NA
0.452802442420564,0,0.941459817422416,1,1,0,0.557703821989713,1,1,1,1.37337829054206,1,1,1,2.46925767661727,1,1,1
0.143393730979936,0,1.34754376433129,0,1,0,-0.421274879942182,1,1,1,0.888768593929238,0,1,1,-1.84045912473236,0,1,0
0.557012225188023,1,0.749263704067502,0,1,0,0.611428096897442,1,1,0,1.80403363552577,1,0,NA,NA,NA,NA,NA
-0.272030117170514,1,-0.406110542809307,1,1,1,0.234941901715307,0,1,0,-0.543536566019827,0,1,0,0.618070781534915,0,0,NA
-0.648299296516002,0,-1.19645033036057,0,1,0,-0.86167080660255,1,1,0,-0.459517165242593,1,1,1,-0.314482600975265,0,1,1
0.071960844365645,1,1.74203392136323,1,1,1,1.49568965171457,1,0,NA,NA,NA,NA,NA,NA,NA,NA,NA
0.207814830703413,1,1.22776522839111,1,1,0,1.25784978176112,1,1,1,2.07653712659918,1,1,1,2.07913765836995,1,0,NA
-0.185332289683865,0,0.46432689038147,0,1,1,0.591055699251677,0,1,0,-1.95293394548241,0,1,0,-0.546304176663733,0,1,1
0.0314406650264462,1,0.454772069324629,1,1,0,0.357865187341247,1,1,1,1.49562018611848,1,0,NA,NA,NA,NA,NA
0.411351933690778,0,1.85687207830279,1,1,0,1.26250699753594,1,1,1,1.08802290925824,1,1,1,0.386478960292732,0,0,NA
-0.776183890462463,0,-1.38203586760676,0,0,NA,NA,NA,NA,NA,NA,NA,NA,NA,NA,NA,NA,NA
1.13967765719806,1,1.58933074010428,1,0,NA,NA,NA,NA,NA,NA,NA,NA,NA,NA,NA,NA,NA
2.20076027074659,1,1.7615751679706,1,1,1,3.11777742813373,1,1,1,5.06790534772073,1,0,NA,NA,NA,NA,NA
1.47720532873484,0,2.28194889182813,1,1,0,3.50485391729306,1,1,1,2.26643413745429,1,1,1,4.8732893674186,1,0,NA
-0.454417850707568,1,-0.0625033839074274,0,1,0,0.708949165731821,0,1,0,0.736197303501013,1,0,NA,NA,NA,NA,NA
-1.82288726903245,0,-2.27560100598352,0,1,0,-0.194937489348322,0,1,1,-2.42861677725317,1,0,NA,NA,NA,NA,NA
0.0541979571095952,0,-0.832477040474471,1,1,0,0.66345062108621,1,0,NA,NA,NA,NA,NA,NA,NA,NA,NA
0.880273220604069,1,-0.0205727488387293,1,1,0,2.09628116023053,0,0,NA,NA,NA,NA,NA,NA,NA,NA,NA
0.778106697935667,1,0.284384436841826,1,1,0,2.58619111156219,1,1,1,2.79301878112786,1,0,NA,NA,NA,NA,NA
-1.22974677471174,0,0.64261617196203,0,1,0,-1.12467813186765,1,1,0,0.275264242672132,0,1,0,0.467505962436829,0,1,0
-1.11314851074341,0,-0.034760883241223,0,1,0,-0.406008539688752,1,0,NA,NA,NA,NA,NA,NA,NA,NA,NA
0.133744634877637,0,-0.872282462155059,0,1,0,1.1869588004189,0,1,0,-1.27346080001464,1,1,0,0.463472021706584,0,1,0
0.626081345376854,0,-0.457778698744914,0,1,0,0.567178296931699,0,1,1,-0.389123220243492,1,1,0,-0.904420751151494,0,1,0
0.872931663855459,1,2.76286589730404,1,0,NA,NA,NA,NA,NA,NA,NA,NA,NA,NA,NA,NA,NA
0.816391978938957,0,2.04390604422752,0,1,1,0.60738685549953,1,1,0,2.61382656982996,1,1,1,3.22405628365431,1,0,NA
-0.967975491966489,0,-0.89172649315556,0,1,0,-0.785033231277958,0,1,0,-0.769523063905033,1,1,0,-0.528691068336578,0,1,0
-1.31260505619999,1,-1.15739590502131,0,1,0,-0.355095756389792,0,1,0,-0.618333727304649,0,1,1,1.0333985536966,0,1,1
-2.01251977795928,0,-1.39145845161197,0,1,1,-1.31683561028821,0,1,1,-0.789804482273486,0,1,0,-2.98357809038745,1,1,0
0.504932697727817,0,0.561111951810086,0,1,0,-0.35316229122347,0,1,0,0.592215246499034,1,1,0,0.357957565931766,0,1,0
0.828111565769426,0,1.37603955073622,1,1,0,1.54083900474048,1,0,NA,NA,NA,NA,NA,NA,NA,NA,NA
0.335850688825044,1,3.02669817817948,1,1,1,2.02310262037773,1,0,NA,NA,NA,NA,NA,NA,NA,NA,NA
-1.05912444601131,1,-0.57870915030522,0,1,0,-0.41112392764928,0,1,0,-0.226314082027163,0,1,0,0.0414588399672816,0,0,NA
1.56771674994935,1,1.60426502101639,0,1,1,-0.447262858767489,1,1,0,2.0629621346856,1,1,1,3.68326863246294,1,0,NA
-0.370146624363391,1,-0.855976244725118,0,1,1,1.79759666344012,1,0,NA,NA,NA,NA,NA,NA,NA,NA,NA
1.77903836149569,1,1.79289526591569,1,1,1,3.370604066585,1,0,NA,NA,NA,NA,NA,NA,NA,NA,NA
0.551402005080575,1,0.666610947224272,0,1,1,-0.734734949765323,1,1,1,2.20867139513064,1,1,1,2.82668179330269,1,0,NA
1.19031064508552,1,2.01883753423658,0,1,0,0.235285180293167,1,1,1,1.20063503809875,1,1,1,2.22404589997181,1,0,NA
0.330602226294406,0,-0.423651731238864,1,1,1,-0.516081695582229,0,1,1,0.462406894382898,0,0,NA,NA,NA,NA,NA
-0.0646522280998777,0,-1.63230994868958,0,1,1,-1.37393753235372,0,1,0,-2.6530881491567,0,1,0,-2.45921720436913,0,0,NA
-1.01254806837321,1,-0.257547271157432,0,1,0,1.68157502049436,0,1,0,0.444820995251605,1,1,1,2.25547941722764,0,1,1
-0.55851419019136,0,-1.58036244528819,0,1,0,-0.534884228454223,0,1,1,-2.62744553749743,0,1,0,-1.29025457573065,1,1,0
-0.0471078362764253,1,0.557402661369531,1,0,NA,NA,NA,NA,NA,NA,NA,NA,NA,NA,NA,NA,NA
0.282074067985043,1,0.489538552275491,0,1,0,0.71095630629263,1,1,0,0.805051992228442,1,0,NA,NA,NA,NA,NA
-0.0332192123310964,0,-0.193796553038673,0,1,0,0.079961109135117,1,1,1,-1.53649425824278,0,1,0,-0.257364056058357,1,0,NA
-0.177971989093417,1,1.1817776170491,1,1,0,-0.66303374049648,1,1,0,0.0736494284637029,0,1,1,1.15621558271827,1,1,1
0.183485516942061,0,0.90933161790539,1,1,0,1.43542258509697,0,1,0,0.134352151817194,1,1,0,2.65298115820757,0,1,1
-0.524372042597516,0,-1.00201862175752,0,1,1,0.307818187918926,0,1,0,0.583644138566422,1,1,1,0.2479491172694,1,0,NA
-0.53593745633951,1,0.0719660701941943,0,1,0,1.56949946034423,1,0,NA,NA,NA,NA,NA,NA,NA,NA,NA
-1.45570470165602,0,-1.18429959045673,0,1,0,0.183474016357653,0,1,0,-0.744236503084192,1,1,0,-0.822041342448568,0,1,0
0.846271470268007,0,1.70163681985201,1,1,1,0.573765778080677,1,0,NA,NA,NA,NA,NA,NA,NA,NA,NA
0.046932368001524,1,2.74848854119618,1,0,NA,NA,NA,NA,NA,NA,NA,NA,NA,NA,NA,NA,NA
-0.0836242334273476,1,-0.935142972960178,0,1,0,-1.44724481643648,0,1,0,-0.641090847336575,0,1,0,0.139505834725493,1,1,1
-0.740918614774916,0,-1.08934954435139,0,1,0,-1.23612726750599,0,1,0,-0.464726485586239,0,1,0,-2.73982787783565,0,1,1
-0.247773863902407,0,1.25207517231485,1,1,1,1.56567178782897,1,1,1,2.13989662121366,1,1,1,3.97183771472283,1,0,NA
-1.0867828557013,0,-0.554976269876505,0,1,0,-0.611968791014491,0,1,0,-1.626593578903,0,1,0,-1.00625455158967,1,1,0
-1.04929735235275,0,-2.41787435441948,0,1,0,-0.034873471055852,1,1,1,-1.29786212880847,0,1,0,-1.58307979366671,0,1,0
-1.9189517717066,0,-0.481785490628131,0,1,0,1.08567435130755,0,1,1,-0.0526178740670595,0,1,0,-1.94324430390728,0,0,NA
0.981698772648436,1,-0.073064573776102,1,0,NA,NA,NA,NA,NA,NA,NA,NA,NA,NA,NA,NA,NA
0.125964082145297,0,-0.717097046850898,1,1,0,-0.53798520721262,0,1,0,1.31052026322979,1,1,1,0.200001566332693,1,1,0
-1.11677637555443,1,-0.0406941735349393,0,1,0,-0.442622350751243,1,1,0,1.94580582956787,0,1,0,0.505953849595865,1,0,NA
1.1637866037459,1,-0.50123870865543,1,1,0,1.77750284636663,1,1,1,2.07901108502221,1,0,NA,NA,NA,NA,NA
0.624591683369118,1,0.727060719832529,1,0,NA,NA,NA,NA,NA,NA,NA,NA,NA,NA,NA,NA,NA
0.742382274584664,1,-0.0422910943785391,0,1,1,-0.806969034204828,0,1,1,-0.886164742635997,0,1,1,-2.13129189214411,1,1,1
-0.225770566942818,0,-0.2922077890243,0,1,0,-1.12924504469639,0,1,0,-0.863031795589851,0,1,0,-0.786535263716733,0,1,0
-0.422872006585657,0,1.16289824315143,0,1,0,-1.63202648598161,0,1,0,0.0610575937131708,0,1,0,0.823359494978424,1,1,1
-0.0980529020064929,0,-0.733195650865137,0,1,0,0.601194026924023,0,1,1,1.39638040628596,1,1,1,1.85841695046293,1,0,NA
0.404690656237582,0,1.28407461574989,0,1,0,1.44511123220066,1,0,NA,NA,NA,NA,NA,NA,NA,NA,NA
0.799914606641116,1,-0.520369148210418,0,0,NA,NA,NA,NA,NA,NA,NA,NA,NA,NA,NA,NA,NA
1.58946914995693,1,0.384209349928962,1,0,NA,NA,NA,NA,NA,NA,NA,NA,NA,NA,NA,NA,NA
-0.509070404137271,0,-0.279475066023569,0,1,0,-0.103382002549354,1,1,0,0.299593462326214,0,1,0,-0.834269740660678,1,1,0
-1.01556474815148,0,-1.25725835222585,0,1,0,-1.42572628480563,0,1,0,0.5906076801752,1,1,0,-1.86646161782967,1,1,1
0.100858665610429,1,-0.380230737293007,0,1,0,0.427672709582541,0,1,0,0.629569176058694,0,1,1,0.485290560187155,1,0,NA
3.02210418529039,1,1.16203951348053,1,1,1,2.29058537843714,1,1,1,3.83484024332186,1,1,1,4.15657446009436,1,0,NA
-0.428615845083704,1,1.4023040745187,1,0,NA,NA,NA,NA,NA,NA,NA,NA,NA,NA,NA,NA,NA
1.14568121778476,0,0.662379470430353,1,1,1,1.42881697881442,1,0,NA,NA,NA,NA,NA,NA,NA,NA,NA
-0.243098209585093,0,-2.35711226064557,0,1,0,-0.829817288843648,1,1,0,-0.737029923230259,0,1,1,0.522197405898979,0,1,0
-0.478543237763877,0,0.157278556279931,1,1,0,-0.346672065117762,0,1,0,-0.773000652024304,0,1,0,0.921188684584888,1,1,1
-0.710417122207556,0,-0.790215688885725,0,1,0,-0.0718241071321375,0,1,1,0.380350621024877,1,1,0,1.59530548923727,0,1,1
-0.211244627717603,0,-1.50710871646112,0,1,0,-0.782297723075029,0,1,0,-0.971330497278829,1,1,0,1.08323689674789,1,1,0
1.64178447087543,1,1.33182975007499,1,1,1,2.09570886999552,1,1,1,2.0289252636348,1,0,NA,NA,NA,NA,NA
0.301846720563439,0,-1.75446746954434,1,1,0,-1.62129050777773,0,1,0,-0.954344374678772,0,1,1,-0.894555997153285,1,1,0
0.487329123215285,0,-2.30907689846189,0,1,0,-0.39352352778459,0,1,0,0.00624015018718149,0,1,1,-0.51123297105894,0,1,1
0.838735792432261,0,-0.55438630166774,1,1,1,-0.323844866890275,1,1,1,0.197962488167956,0,1,0,0.541548413215062,1,1,1
2.071741512886,1,2.81046342880091,1,1,1,4.52364651959675,1,1,1,6.13295413284675,1,0,NA,NA,NA,NA,NA
0.77561884207953,1,-0.504691466123321,1,1,0,-1.44627794006725,0,1,0,-0.160923522270155,1,1,0,1.69042638098631,0,1,1
-1.42711135295193,0,-1.24762487213212,0,1,0,-0.679270048227187,0,1,0,-0.622671779154744,0,1,0,-2.00841983536445,0,1,0
-1.03351133546615,1,0.181482046989034,0,1,0,0.433649048087348,0,1,0,-0.125035406154526,1,1,0,0.524401129964132,1,1,0
-1.58945511359183,0,-1.91725742036874,0,0,NA,NA,NA,NA,NA,NA,NA,NA,NA,NA,NA,NA,NA
-2.84854676989379,0,-1.01416801196524,0,1,0,-2.01678649596434,0,1,0,-2.36971310622886,0,1,0,-3.10242293437121,0,1,0
1.29073392779261,0,-0.744030820424722,1,0,NA,NA,NA,NA,NA,NA,NA,NA,NA,NA,NA,NA,NA
-0.493723874282408,0,-0.471062952736991,0,1,1,-1.01321310122804,0,1,0,-0.933707004788243,0,1,0,-0.665526955199384,0,1,0
0.394970677706016,0,0.00481460701690695,1,0,NA,NA,NA,NA,NA,NA,NA,NA,NA,NA,NA,NA,NA
1.18161785314391,1,1.62703005295515,1,0,NA,NA,NA,NA,NA,NA,NA,NA,NA,NA,NA,NA,NA
-0.511832694580471,0,-0.506745771221571,0,1,0,1.06471543132265,0,1,1,-0.336671646201774,1,1,0,-0.658105576744825,0,0,NA
-0.134967648662221,1,0.308104478419794,0,1,0,0.176632422383164,0,1,0,0.811094610595509,1,1,1,-1.18845442955138,1,1,0
0.350256179524455,1,1.07659340726711,0,1,1,1.5132563888517,0,0,NA,NA,NA,NA,NA,NA,NA,NA,NA
0.225879221817625,0,-0.669134407528534,1,1,0,2.21386807360282,0,1,0,1.57861607613841,1,1,0,1.69788956348685,0,1,1
-0.774315249588103,0,-1.22812368425786,0,1,1,-0.667842379291318,0,1,0,-2.49949735913376,0,1,0,-3.56832958720494,0,1,0
0.730815610006591,1,0.148638722015921,1,1,0,1.76894752133233,1,1,0,3.60912781875966,1,0,NA,NA,NA,NA,NA
0.545635528242466,0,-1.11837838278187,0,1,0,1.19382503658146,1,1,0,0.821595134057285,0,1,1,2.10597341963992,0,1,1
-0.288449295921491,1,1.14436431896985,1,1,1,0.739547008840895,0,1,0,1.57399689771606,0,1,1,2.76252310657423,1,1,1
-1.222380910859,0,-2.1568489477648,0,0,NA,NA,NA,NA,NA,NA,NA,NA,NA,NA,NA,NA,NA
0.633333595568586,1,1.89272734319475,1,1,1,2.20723123527765,1,1,0,4.52334241907355,1,0,NA,NA,NA,NA,NA
1.427519655915,1,-0.524760987584552,1,1,0,1.62059764381005,1,1,0,0.722791728334487,1,1,1,4.00106986076496,1,0,NA
1.38051749338936,1,2.56214314706462,1,1,0,2.67372523394745,1,0,NA,NA,NA,NA,NA,NA,NA,NA,NA
0.872634566795338,0,0.861447333796811,1,1,0,3.35821710924135,1,0,NA,NA,NA,NA,NA,NA,NA,NA,NA
-0.483135068652272,1,0.301764802028641,0,1,0,-0.89125213082012,0,0,NA,NA,NA,NA,NA,NA,NA,NA,NA
-0.531346919490549,0,0.765209292734241,1,1,1,1.13869209179605,1,1,1,1.26264691877776,1,0,NA,NA,NA,NA,NA
-0.587684756585901,0,0.760721763958363,0,1,1,1.54980518730508,0,0,NA,NA,NA,NA,NA,NA,NA,NA,NA
-0.411697868987503,0,-1.05272994714161,0,1,0,0.110049952340488,1,1,1,1.02910609597887,1,1,0,0.76130317989611,1,1,1
0.709185621253385,1,-0.618194594708064,0,1,0,0.0995205463411954,1,1,0,-0.69413805464212,1,0,NA,NA,NA,NA,NA
0.256396753535657,1,-0.750566053256088,0,1,0,-0.721250770698196,1,1,1,1.07562272135073,1,0,NA,NA,NA,NA,NA
-1.8563605863048,0,-4.2617545893888,0,1,0,-3.89859886573767,0,1,0,-5.43729672082717,0,1,0,-7.83051676512325,0,1,0
-1.86058762981445,0,-1.66215149122539,0,1,0,-1.74651190208897,0,1,0,0.0029838767448962,0,1,1,-1.03607889762,0,1,1
-0.0228340937343522,0,-0.350989752861113,1,1,0,-0.933134011975462,0,0,NA,NA,NA,NA,NA,NA,NA,NA,NA
0.149938747281039,0,-0.441492099767514,1,1,0,0.732559699119641,1,1,1,0.0848422420807586,0,1,1,0.153974072874514,1,0,NA
-2.30747434203529,0,-1.07225772188704,0,1,0,-1.34040387218041,0,1,0,-0.912610010708012,0,1,0,-3.72759063775721,0,1,0
-0.816447225812107,1,-0.328432155160297,0,1,0,-1.91888730636379,0,1,0,-1.25453747033188,0,1,0,-0.567547872879834,0,1,0
0.0275611516966839,0,-0.663608535794676,1,1,1,1.32366966055752,0,1,0,1.21098596921112,1,0,NA,NA,NA,NA,NA
1.46178591517648,1,1.4554351783265,1,1,0,3.93373666932191,1,1,1,6.31078116112044,1,1,1,7.30587665610253,1,0,NA
-2.01286872832228,0,-0.222466107130755,0,1,0,0.248078590724514,0,1,0,0.79924968579271,0,1,0,-0.92178029005166,0,1,0
-1.25544427798198,0,0.712218079857245,0,1,0,0.834265455291587,1,1,1,0.681470882994903,0,1,1,0.893463355809511,0,1,1
-1.08030684721822,0,-0.0319815676735178,0,1,1,1.23072537269409,0,1,1,0.949701505835623,0,0,NA,NA,NA,NA,NA
0.175396078648851,0,1.38125084713309,0,1,0,2.00121316792992,1,1,1,2.23085608680367,1,1,1,3.6981081410583,1,0,NA
0.330839221414253,1,-0.21953198653431,0,1,0,1.7367305917951,1,1,0,1.53993084908915,1,0,NA,NA,NA,NA,NA
-0.320689231300393,1,1.35821386020793,1,1,1,2.66877830954478,1,1,1,3.42035326314932,1,0,NA,NA,NA,NA,NA
-1.61232868794999,0,-0.513249375728595,1,1,0,1.41909759300846,0,1,0,1.13461325627776,1,1,0,1.56313075391853,1,1,1
-0.630552416864319,0,0.163955698918615,1,1,0,-1.01748699328266,1,1,1,1.61677761914944,1,0,NA,NA,NA,NA,NA
-0.560485986655885,1,-0.489309177225746,0,1,0,-0.365973062484503,0,0,NA,NA,NA,NA,NA,NA,NA,NA,NA
-0.202581284417019,1,-0.973591761605897,1,1,0,-0.191223271411305,0,0,NA,NA,NA,NA,NA,NA,NA,NA,NA
1.62288518113168,1,1.25832713139307,1,1,1,2.26757275361661,0,0,NA,NA,NA,NA,NA,NA,NA,NA,NA
-0.676770530437996,0,0.597875289939004,0,1,0,0.463345938838402,1,1,1,2.19082938040888,0,0,NA,NA,NA,NA,NA
0.0762644051386911,1,-0.575995967939573,0,1,0,0.637834879803989,0,1,0,0.218794426151637,1,1,0,2.62479444713261,1,1,1
-0.705398341626911,0,1.19174746273377,1,1,1,0.737615689929265,1,1,1,2.15511185027604,1,1,1,2.12449612987435,1,1,0
-1.24022784904392,0,-1.38368655211088,0,0,NA,NA,NA,NA,NA,NA,NA,NA,NA,NA,NA,NA,NA
0.635947897868601,1,-0.510009034839892,1,1,1,1.61979323015384,1,0,NA,NA,NA,NA,NA,NA,NA,NA,NA
-1.05062867965275,0,-0.745505558071228,0,1,0,-0.737723607158189,0,1,0,-1.29158322284238,0,1,0,-3.60040912785302,0,1,0
2.73520918962219,1,0.824804251799402,1,1,1,1.10076947244964,1,1,1,3.18822386344528,1,1,1,3.39131369758438,1,0,NA
0.0925629378272146,0,-0.127979799073958,0,1,0,1.38698104475502,0,1,1,0.683605059097529,1,1,0,1.92196300342884,1,1,1
0.0602535760786764,0,-1.36728178250839,1,1,1,0.0209017912974194,0,1,0,-1.00823811712912,0,1,1,-1.76070353668113,0,1,0
-0.0665452110108605,0,-1.37435221286161,0,1,0,0.993555665355177,1,1,1,-1.58850526134,0,1,0,-1.97857587191051,0,1,0
1.84364554004006,1,1.98941353917937,0,0,NA,NA,NA,NA,NA,NA,NA,NA,NA,NA,NA,NA,NA
0.663927110403606,0,0.328376285528746,0,0,NA,NA,NA,NA,NA,NA,NA,NA,NA,NA,NA,NA,NA
-0.250990643747969,1,0.168997890586762,0,1,0,-0.209874912835077,0,1,0,0.0752045661160711,0,1,0,-0.491551573527208,0,1,0
-1.16618980661084,0,-0.203357535905825,0,1,0,-0.775301065417733,0,1,0,-0.212220442509717,0,1,0,-0.197071416073874,0,1,0
-1.03872776071744,0,0.284622495297132,1,1,1,0.143070708527756,0,1,0,0.372654265806131,0,1,0,0.748487179656649,1,1,0
-0.78498930533731,1,0.508118052194795,0,1,1,-0.00334803098138992,0,1,0,-1.4406279003857,0,1,0,0.267749157975807,0,1,0
1.21494843097831,1,-0.870655336688163,1,1,1,0.181486399819195,0,1,0,0.888165302700064,1,1,1,0.754141598778283,1,1,0
-0.188981575770903,0,0.584423652208979,1,1,1,2.386349706644,1,1,1,2.52217192778868,1,1,1,3.65350843248535,1,0,NA
-0.757198622679825,0,-0.0692946150656222,0,1,0,1.74264335750334,0,1,1,1.92690516397562,1,1,1,2.77391914104197,1,1,1
0.792059477880274,1,1.50137152248647,1,1,1,0.296728160660971,0,0,NA,NA,NA,NA,NA,NA,NA,NA,NA
1.34518001902217,1,-0.11533721184083,0,1,1,0.476847826139973,0,1,0,2.89911515198203,1,0,NA,NA,NA,NA,NA
-0.694531484071315,0,-1.12065566708068,0,1,0,-0.7872825504651,0,1,1,-1.36093955678953,0,1,0,-0.608963102125409,0,1,0
-0.444932544042374,1,-0.136726259153585,1,1,0,0.149691719788241,0,1,1,0.793540569164786,1,1,1,1.73386053347216,1,0,NA
0.345284186723786,1,2.55125661025759,1,1,1,2.09686296938304,1,1,1,0.808570985237607,0,1,1,2.4007903760187,1,0,NA
-0.00484443653596692,1,0.99405615452327,1,1,1,-0.672351093572087,1,1,1,1.68699564717127,1,1,1,3.1396359881109,1,1,1
0.406366471484777,1,2.34326342263479,0,1,1,1.66936636861703,1,1,1,2.91925418621136,1,0,NA,NA,NA,NA,NA
1.71419852577143,1,0.784603447643124,1,1,1,3.54721171858657,1,1,1,2.78522507720921,1,0,NA,NA,NA,NA,NA
-0.0603865541209644,0,-0.987818100025875,0,1,0,1.14635599951061,0,1,0,-0.38633829266299,1,1,0,-0.680261511705151,0,1,0
-0.280702267534243,1,-1.01536035475715,0,1,0,-0.200377583373567,0,0,NA,NA,NA,NA,NA,NA,NA,NA,NA
0.485414460894456,0,0.668609128391174,1,1,0,0.927583158697665,0,1,1,2.64230183787372,1,1,1,3.00222068946088,1,0,NA
-0.049344529739962,1,0.35804442638161,0,1,1,-0.185949564371656,1,1,0,-0.13563612193724,0,1,0,-0.0514260059510565,1,0,NA
0.627765061532786,1,1.45427024784382,1,1,1,1.82893759275161,0,1,1,3.04914166508165,1,1,1,4.2071100087675,1,0,NA
-0.223971151420257,0,-1.3114738703645,0,1,0,-0.0139475992360931,0,1,0,-2.43491695749727,0,1,0,-1.55721240444312,0,1,0
0.443522714401107,1,-0.60071991593624,0,1,1,0.0128677637137355,1,1,0,0.0193673371174202,0,1,1,0.724069798737129,1,1,1
-1.56374070756789,1,-1.19568290582328,0,1,0,0.757814993102082,0,1,0,0.0816855996469115,0,1,0,-0.537752752503576,0,1,0
0.0139036583033916,0,2.24884891712269,1,1,0,0.609970426168713,1,1,0,2.18867751747553,1,1,1,4.41974947631994,1,0,NA
-0.516215987283684,0,-0.491816431438425,0,1,1,1.01241943223416,1,1,1,1.87063866083146,0,1,1,0.404370365720536,1,0,NA
-1.19054257551753,0,-0.876463867810819,0,1,0,-0.491681976627998,0,1,1,0.984491569744466,0,1,0,1.40034942004039,1,0,NA
-0.413069207837028,1,1.80955094159768,1,1,0,1.82763638738755,1,0,NA,NA,NA,NA,NA,NA,NA,NA,NA
0.371994945422908,0,0.034398542215734,1,1,0,0.689823216013828,1,1,0,2.0583579486641,1,1,1,1.63172763545294,1,1,0
0.0923429640204638,0,1.48453137584516,0,1,1,2.72338632813256,1,1,1,4.37578507410372,1,0,NA,NA,NA,NA,NA
0.693483762521126,1,0.202761794582434,1,1,1,2.50492847888305,1,1,1,3.03440460676076,1,0,NA,NA,NA,NA,NA
0.940899243153547,1,2.29675393158765,1,1,0,3.1794687589908,1,1,1,3.18272793487937,1,0,NA,NA,NA,NA,NA
0.828464029727859,0,0.143875018944499,0,1,1,1.59378009429652,1,1,1,1.14604656839547,0,1,0,1.56952161681583,1,1,1
-0.324489176475348,0,-0.577384109675653,1,1,1,1.34824380880371,0,1,0,0.711784879190218,0,1,1,-1.01519057600992,1,1,0
-1.32815619805706,1,-1.79342831215853,0,1,0,-1.44515618781955,0,1,0,0.322575146706171,0,1,0,0.325654910491749,1,1,1
-0.280334969912362,0,1.95209934898789,0,1,1,1.76123579091432,0,1,1,1.59214189577756,1,1,0,3.2854764619182,1,1,1
1.16965543651082,1,0.0273082474267338,1,0,NA,NA,NA,NA,NA,NA,NA,NA,NA,NA,NA,NA,NA
-0.121476364908072,1,-0.562936638036702,0,1,1,0.700073136138554,0,1,0,-1.54000765667808,1,0,NA,NA,NA,NA,NA
-1.63729165104512,0,-1.95182075042178,0,1,0,-2.32004187157397,0,1,0,-1.81185159465328,0,1,0,-0.57001350764311,0,1,0
0.491383222869776,1,2.39592777615494,1,1,1,3.07755443697391,1,1,1,5.29696328623664,1,1,1,5.22856457236061,1,0,NA
0.281819310693371,0,0.671175899352822,0,1,1,0.647151862964023,1,1,0,2.66580753562246,0,1,0,2.69571461339653,1,0,NA
-0.400603355192185,0,-0.841118661330602,0,1,0,0.602566666500252,1,1,0,-0.89835035326792,0,1,1,1.24538260664437,0,1,0
0.173361502856003,1,-0.175766421360437,1,1,1,-0.179324108118848,0,1,0,0.133000666250264,1,1,1,0.0183675557508161,1,1,0
1.36938766954533,1,2.44340856962541,1,1,0,2.79870447500914,1,1,1,4.68052782361905,1,0,NA,NA,NA,NA,NA
1.29919609375684,0,0.0630573772644412,0,1,0,-1.0950465669531,1,1,0,-0.852222278865448,1,1,0,1.40642834292019,0,1,0
-0.456296893545459,0,0.960953027500199,0,1,0,1.36212587345327,0,1,1,0.294482430559464,0,1,0,-0.0595855293541145,0,1,0
0.010664861858056,0,-0.411934390065351,0,1,1,-0.578515682092296,0,1,1,-1.01510122156083,0,1,0,-1.15358384283773,0,1,0
-1.45408914493424,1,0.0668256341704122,1,1,0,-0.27004547967855,0,1,1,-1.08107852353528,1,1,0,-0.939419327342051,1,0,NA
-0.727753325968744,0,-0.0415984033765623,1,1,0,-1.70090258206807,0,1,0,0.0714114920240532,0,1,0,-0.696721239060938,0,1,0
2.00824039746518,1,3.26858220342747,1,1,1,2.10716240684151,1,1,1,3.73335015040079,1,0,NA,NA,NA,NA,NA
1.49800968551095,0,2.16150887160959,1,1,1,2.63252660244125,1,1,0,3.44075450948143,1,0,NA,NA,NA,NA,NA
-0.229254725283134,1,0.0293722313892826,0,1,0,-1.08213935418269,1,1,1,-0.0469280054995743,0,1,1,0.771772025439055,0,1,0
-0.692465145302773,1,-0.114477217758547,1,1,1,1.30178954611602,0,1,1,1.14998922325751,1,0,NA,NA,NA,NA,NA
-1.3666232971684,0,0.409453275863012,0,1,0,-1.23391247991574,0,1,0,-1.05223165156331,1,1,0,1.68629274543588,1,1,0
2.1260518537637,1,2.38923450362848,1,1,1,1.87107763156862,1,0,NA,NA,NA,NA,NA,NA,NA,NA,NA
0.114629724838474,1,-0.758688360184434,0,0,NA,NA,NA,NA,NA,NA,NA,NA,NA,NA,NA,NA,NA
-0.593948909367117,0,0.0198416677508062,0,1,0,-0.84285309650063,0,1,0,0.639757019865855,1,1,1,0.00511256210928324,1,1,0
1.07806733795125,1,0.995889565343431,0,1,1,2.22043975315769,1,0,NA,NA,NA,NA,NA,NA,NA,NA,NA
-1.09958583285891,1,-1.22097962599941,0,1,0,-1.71152186987228,0,1,0,-2.00149214756962,0,1,0,-1.7938518680023,0,1,0
0.726564197606452,1,1.22915337409355,1,1,1,2.40856168776027,1,1,1,2.77203399505671,1,1,1,3.70126243484185,1,0,NA
1.4408703022386,1,-1.42509068664232,0,1,0,1.13823408718613,1,1,1,1.44140100401628,1,1,1,2.44069282545741,1,0,NA
-0.210170159621664,1,-0.442926858426761,0,1,0,-0.244753860982133,1,1,0,0.682079844304899,1,1,1,2.28606315528284,1,1,1
1.45128094388337,1,2.1161707669011,1,1,1,2.26615249754847,0,0,NA,NA,NA,NA,NA,NA,NA,NA,NA
0.641551431409249,1,1.62263408358992,1,0,NA,NA,NA,NA,NA,NA,NA,NA,NA,NA,NA,NA,NA
-0.678807618879959,0,-0.45334738470757,1,1,0,-0.235316748032667,0,1,0,0.651776251013601,0,0,NA,NA,NA,NA,NA
0.574312736347461,1,0.182035864438678,0,1,1,0.910946984153097,1,1,1,0.620986135209309,0,1,1,3.32712252956212,1,0,NA
-0.704514526288929,0,0.644470854179734,1,1,1,0.222241307546728,1,1,0,2.0041381815902,1,1,1,2.37128895120653,1,0,NA
-0.533984057229936,1,0.88867111972872,0,0,NA,NA,NA,NA,NA,NA,NA,NA,NA,NA,NA,NA,NA
0.774384606617658,1,0.309049425055781,1,1,0,1.92967322924543,0,1,1,1.7068834329907,0,1,1,3.43116910941816,1,0,NA
-0.475621395338803,0,-0.00954076563734975,0,1,0,-0.14087935576077,1,1,0,0.760221940801907,1,1,0,1.36108454595017,1,1,0
-0.0244273788868501,1,1.25633000075461,1,0,NA,NA,NA,NA,NA,NA,NA,NA,NA,NA,NA,NA,NA
1.01900809628437,1,-0.209604485156456,1,1,0,1.38089835254827,1,1,0,1.84643981489633,1,0,NA,NA,NA,NA,NA
-1.20558039559856,0,-0.818093765599898,0,1,0,-0.531116978677311,0,1,0,-0.0969991566909401,1,1,0,0.0124420036198423,0,1,0
1.59529386747203,1,0.128662411202749,1,1,0,1.43008657376719,1,1,1,2.62240195485994,1,1,1,3.60419820752525,1,0,NA
2.041955459993,1,1.48641917109066,1,1,1,1.55732996771614,1,1,0,2.10945789227188,1,1,1,3.83322204763526,1,0,NA
0.614481250043309,1,1.67792135821134,1,1,1,2.36961779938329,1,1,1,3.28782873158505,1,0,NA,NA,NA,NA,NA
0.421931174136824,1,0.0335113382893635,1,1,1,-0.11222184939764,1,1,0,-0.0151723364528646,0,1,0,1.20458822223624,1,1,1
-0.496421667693228,0,0.148362511567355,1,1,0,0.603473670056202,0,0,NA,NA,NA,NA,NA,NA,NA,NA,NA
0.490961412826035,0,0.274134751235108,1,1,0,1.90325889344364,1,0,NA,NA,NA,NA,NA,NA,NA,NA,NA
-0.501982169603514,1,-0.336193517665538,0,1,0,-0.670555843687055,0,1,0,-0.781544975809523,0,1,0,-2.34513591081923,0,1,0
0.288169818251616,0,0.885100245962012,0,1,0,-0.699579804475901,0,1,0,1.88801309618707,1,1,0,1.98081087554674,1,1,1
-0.686626008241128,0,-0.586047379003275,0,1,0,-0.728934390445641,0,1,0,-1.10319011914284,0,1,0,-1.59453251443562,0,1,0
0.788403786030499,0,0.746379962208961,1,0,NA,NA,NA,NA,NA,NA,NA,NA,NA,NA,NA,NA,NA
0.691368840963686,1,1.06921486442291,0,1,0,1.43985230009247,1,0,NA,NA,NA,NA,NA,NA,NA,NA,NA
1.24299900805133,1,0.443793576110338,1,1,1,1.4002310603346,0,0,NA,NA,NA,NA,NA,NA,NA,NA,NA
1.98220971242917,1,1.51340805277765,1,1,0,3.21808264028759,0,1,1,4.06042023414763,1,1,1,4.8708436374262,1,0,NA
-0.646441834619146,1,0.901750301957947,1,1,1,1.13457453613602,0,1,0,0.361901455738224,0,1,0,0.856590112854625,1,1,1
0.96618929222735,0,-0.450977097947566,1,1,1,0.971147873206291,0,0,NA,NA,NA,NA,NA,NA,NA,NA,NA
-1.42726744709521,0,-1.48361472563095,0,1,0,-1.28382084063228,0,1,0,-0.98573947283733,0,1,0,-1.07171334350453,0,1,0
-0.457483758648024,1,0.901248148740705,1,1,1,2.33124463482839,1,0,NA,NA,NA,NA,NA,NA,NA,NA,NA
0.945466684608465,1,1.78130489193482,0,1,0,1.17772868254978,1,1,0,2.27194145296199,1,1,1,2.5519192427629,1,1,1
-0.738389150369058,0,-0.799716110702991,0,1,1,-0.228952791848604,1,1,0,-0.241508225093426,0,1,1,0.434405008818269,0,1,1
0.345640699877904,1,0.857727387793276,0,1,1,1.11808827457882,1,1,1,1.3068143672563,1,0,NA,NA,NA,NA,NA
-0.900444693895271,1,-0.10222926089398,1,1,0,2.73231479785136,1,0,NA,NA,NA,NA,NA,NA,NA,NA,NA
-0.37035070411506,1,0.354268646507586,1,0,NA,NA,NA,NA,NA,NA,NA,NA,NA,NA,NA,NA,NA
-0.0407969264500623,0,-0.258181740280655,0,1,1,1.33903059936009,1,1,1,-0.319133127147956,0,1,0,1.39153087298298,0,1,0
-0.612318766406044,0,0.65427929643192,0,1,0,-1.04311324052009,0,1,0,0.289318498453619,0,1,0,-1.4998706926587,0,1,0
-1.94585208981637,0,-1.5695385962725,0,1,0,-1.16422307770797,0,1,0,-0.861387433068328,1,1,0,-1.90054924514788,0,1,1
0.243096329527575,1,1.60213032823538,1,1,1,0.963575205199292,1,1,1,3.99250984622679,1,0,NA,NA,NA,NA,NA
0.474900095404527,0,1.11547683071406,1,0,NA,NA,NA,NA,NA,NA,NA,NA,NA,NA,NA,NA,NA
0.136714574061142,0,0.237035589423044,0,1,1,0.94742448309867,1,1,1,1.31656170516854,1,1,0,1.94416061754237,1,1,0
-0.48874772568831,1,1.2948238861041,0,1,1,0.943754578226583,1,1,1,2.79587391066332,1,1,0,2.71562439559991,1,0,NA
0.900203657260438,1,-0.212054717405451,1,0,NA,NA,NA,NA,NA,NA,NA,NA,NA,NA,NA,NA,NA
1.07753566006142,1,0.877514360107484,1,0,NA,NA,NA,NA,NA,NA,NA,NA,NA,NA,NA,NA,NA
-2.37367085604992,0,-1.34310464713461,1,1,0,-1.05647960185322,0,1,0,-1.39649270604128,0,1,0,-1.18567918152174,1,0,NA
1.12457483752911,0,1.12772269155415,1,1,0,2.99887994453757,1,1,1,4.39286853163869,1,0,NA,NA,NA,NA,NA
-1.77954774715351,0,0.405687778533102,0,1,1,0.227701980131005,0,1,0,-0.229780749468697,0,1,0,0.953007899528716,1,1,0
-0.344550362435428,0,-1.79244411119949,1,0,NA,NA,NA,NA,NA,NA,NA,NA,NA,NA,NA,NA,NA
-1.10917311375928,1,1.17340528144532,0,1,0,-1.16616697939244,0,1,0,0.64695639447498,0,1,1,-0.214380506346739,1,1,1
-0.630105782923093,0,-0.0775647924141745,1,1,0,2.54553650625828,1,1,1,2.52430282445921,1,1,1,3.15842986965225,0,0,NA
1.31688376872424,1,1.14515145348684,1,1,1,0.820403033669383,1,0,NA,NA,NA,NA,NA,NA,NA,NA,NA
0.534513388284073,1,-0.0234627749837855,1,1,1,-0.0305688655440648,1,1,1,1.6024743776623,1,1,1,0.756583896102739,0,1,1
0.493898085741881,1,-0.569473021789321,0,1,0,1.54339045111107,1,1,0,1.01563484564414,1,1,0,3.75242426407586,1,1,1
-2.07799243134481,0,-2.20435165108243,0,1,0,-1.79068268198435,0,1,0,-2.31183831366969,0,1,0,-0.922742896110937,0,1,0
0.196325342741564,0,3.14277907970996,1,1,1,1.47458550945906,0,1,1,1.53593471110404,1,1,1,3.36857879856759,0,0,NA
0.628803153873898,0,1.54402282437437,0,1,1,3.26190604340304,1,1,1,4.65860802095618,1,1,1,6.10988098338351,1,0,NA
0.860947143393616,0,0.565797078245267,1,1,1,0.625327157697117,0,1,1,3.28391321665545,1,1,1,4.31073177463502,1,0,NA
-0.973247350475229,0,1.20160809973002,0,1,0,-2.12994088275556,0,1,0,-0.161369974905962,0,1,0,-1.56132035178005,0,1,0
0.937543052030658,0,-0.793205602419415,1,1,0,1.39157258687965,0,1,1,2.89251462160691,1,1,1,2.92736964470857,1,0,NA
-1.39520577829527,0,0.318840323119123,0,1,0,0.0172798939524221,0,1,0,-0.764797807662653,0,1,0,-0.894062549120886,1,0,NA
1.73874301887633,1,0.891634405054113,1,1,1,1.82529755329668,1,1,0,2.26576098198092,1,0,NA,NA,NA,NA,NA
-0.798634290243535,0,1.62931924884339,1,1,1,0.344683510933655,1,1,0,0.677309643854463,0,0,NA,NA,NA,NA,NA
0.765024386769347,0,1.32523865988689,1,1,0,1.59564164461757,1,1,0,3.14862059022916,0,1,1,3.28927186757997,1,0,NA
0.317911345135436,0,-1.3260044163483,1,1,0,0.0887871307338737,1,1,0,0.994274231166557,1,1,1,1.39698819934246,1,1,1
-1.06360051761289,1,0.74276172984128,0,1,1,-0.301696400090197,0,1,0,-0.162726398518276,1,1,0,-0.843290680316429,0,1,0
1.1442586560686,1,-0.431759381826811,1,1,0,1.53321263493544,1,0,NA,NA,NA,NA,NA,NA,NA,NA,NA
0.0333768426273916,0,2.63683105690943,1,1,0,3.31119111201011,1,1,1,4.68850620309882,1,0,NA,NA,NA,NA,NA
0.818407774847846,0,-1.4382661043041,0,1,0,-0.00377265112232383,1,1,1,1.64522503315528,1,1,0,1.85635644896162,1,1,1
0.218192085822206,1,-0.753260583490233,0,1,1,0.807606757701982,0,1,1,0.709387040181119,1,1,1,1.48764579613551,0,1,1
0.868497252409914,1,0.915849872467465,1,1,1,2.94531373320282,1,1,1,1.92883577073206,1,0,NA,NA,NA,NA,NA
0.0216805208980772,1,0.121041699312539,1,1,0,-0.294418737900715,0,0,NA,NA,NA,NA,NA,NA,NA,NA,NA
1.11522864969301,0,0.889686541378656,1,1,1,2.06006828944119,1,1,1,2.04072168666096,1,0,NA,NA,NA,NA,NA
-0.352180864911126,0,-1.17142435250176,1,1,0,-0.685012396595101,0,1,0,-1.5139275117621,0,1,0,-0.350551346467942,1,1,0
0.527288318248801,1,-0.744919054792731,0,1,0,-1.7742867034726,0,1,0,-2.21543788593602,0,1,1,-0.734061995216552,0,1,0
0.378571522243943,1,1.11026425474285,0,1,1,0.762554146042122,1,1,0,2.11756562814216,1,0,NA,NA,NA,NA,NA
0.843859777098379,1,0.721310750025711,0,1,0,-0.455774465020959,1,0,NA,NA,NA,NA,NA,NA,NA,NA,NA
-0.621042494956867,0,-0.875979336242141,0,1,0,-0.950745783151427,0,1,0,0.918023972442221,0,1,0,0.251595865109672,1,1,0
0.177691497867866,1,1.24812685446937,1,1,1,0.566993293759022,1,0,NA,NA,NA,NA,NA,NA,NA,NA,NA
-0.580165079131849,1,-1.34582949153804,0,1,1,-1.44231030360491,0,1,0,-1.68074419849603,0,1,0,-1.0281504485371,0,1,0
0.908637825733444,0,0.727493124555802,1,1,1,1.37105151911131,1,1,0,3.28056050682039,1,1,1,5.08382645189136,1,0,NA
-0.636686379475083,0,-0.795259090709076,1,1,0,2.0555888733523,0,1,1,1.44226585855305,1,1,1,1.85615495518162,1,0,NA
1.73223869637675,1,2.44032862106851,1,1,1,2.76920559694807,1,1,1,6.41981729627169,1,0,NA,NA,NA,NA,NA
0.790371602039116,1,1.09591462714505,1,1,1,3.02593302685356,1,1,1,3.74540477056918,1,0,NA,NA,NA,NA,NA
-0.0137079788538398,0,-0.26840343927671,0,0,NA,NA,NA,NA,NA,NA,NA,NA,NA,NA,NA,NA,NA
1.20619647520582,0,1.11238966475096,1,1,1,0.111650337755858,0,1,0,0.135092071510012,0,1,0,0.90098173334382,1,1,1
-0.0845909401382518,0,1.3195058513701,0,1,0,-0.182067486442474,1,1,0,1.46022363180445,0,1,0,0.550866231470997,0,1,0
0.563262281636034,1,0.299885426085188,1,0,NA,NA,NA,NA,NA,NA,NA,NA,NA,NA,NA,NA,NA
0.528194400015101,0,0.0109451712719723,0,1,1,0.655795075647786,1,1,1,2.67745279639782,1,1,1,2.16313104603688,1,0,NA
0.423038432410325,0,0.484143956985054,1,1,1,1.36775068870631,1,1,0,0.958485656489264,1,1,1,2.36641789132703,1,1,1
-0.596764229709111,1,0.980379647660932,0,1,1,3.00899968547056,1,1,1,2.51017274641952,1,1,1,3.37294836179808,1,1,1
-1.2508442776012,1,-0.760963093879919,0,1,0,-1.97243415838386,0,1,0,-2.07868540592338,1,1,0,-1.89026453974067,0,1,0
-1.68160070977383,0,-0.376354878211795,0,1,0,0.561213603916493,0,1,0,-0.474172900324634,1,1,0,-0.453801968640187,1,1,0
-0.456296359001271,0,-0.40720027421243,1,1,1,-0.090172388140942,0,1,1,-0.398222394612252,0,1,0,-0.435549579777747,0,1,0
0.682793192202467,0,0.2566417341072,1,1,0,1.42305824417191,0,1,1,0.959628598907574,0,1,0,1.95284831630201,1,1,1
-0.23903748350282,0,-0.547542585262001,0,1,1,1.04448002930629,0,1,1,1.18953611077229,1,1,1,1.64894259313797,1,0,NA
-1.20335093346794,0,-1.29358946090145,1,1,1,0.975108678704326,0,1,1,-0.510595091807983,1,1,0,-1.0589018878653,0,1,1
2.15647760195008,1,0.543776406907092,1,1,0,1.82963501927535,1,0,NA,NA,NA,NA,NA,NA,NA,NA,NA
0.702009423048609,1,0.266372792568936,0,1,1,1.19959579989827,1,1,1,2.61032786267798,1,1,1,4.33472093334305,1,0,NA
1.94661810026563,1,-0.573407568959345,1,1,1,-0.287569553014011,1,1,0,0.245600551337843,1,1,0,-0.0511245557921938,1,0,NA
1.21303635372129,1,1.44917294255877,1,1,1,3.9336913276412,1,1,1,6.26662597117785,1,1,1,7.13717942271147,1,0,NA
-0.611379118364512,1,-1.23470448322225,0,1,1,-0.295617790041747,0,1,0,-1.55926477662342,0,1,0,-1.21283995630187,1,1,0
-0.411921203246786,0,-0.239498012522502,0,1,0,0.0811097007838798,0,1,0,-0.00434701117136073,1,1,1,1.33119489043387,0,1,1
-1.44068097826971,0,-1.07300907846309,0,1,0,-1.258207483972,0,1,0,-0.68798996881238,0,1,1,-0.0892115919085243,0,1,0
0.74047345310968,1,3.18803879463244,1,1,1,0.770730561054707,1,1,1,3.75720506932344,1,0,NA,NA,NA,NA,NA
1.62365925222734,1,1.68039020579768,1,1,0,2.62451970700802,1,1,1,3.4120397236844,1,1,1,5.66803052025506,1,0,NA
-0.920484878072598,0,0.618285120164245,1,1,0,1.48574149641061,1,1,0,1.03990741313327,1,1,0,0.83315623725436,1,0,NA
-1.20219764681918,0,0.921372983566771,0,1,1,-0.0881001627290581,1,1,0,1.52711352280971,1,1,1,2.20885257503949,1,1,1
0.882678068364482,1,1.66206460580724,1,1,0,2.54987043534311,1,1,1,1.61405488792892,1,1,0,3.46240607646872,1,1,1
-1.51647903560073,0,-0.963677268490167,1,1,0,-0.882642029604071,0,1,0,-0.617614298874826,0,1,1,-0.764884919443651,0,1,0
1.92161155776854,1,0.716627223190555,1,1,1,2.78462818582687,1,1,1,3.73456575588834,1,1,1,4.91759728786571,1,0,NA
0.572135777806248,1,-0.203773051230459,1,0,NA,NA,NA,NA,NA,NA,NA,NA,NA,NA,NA,NA,NA
-1.71489505383856,0,-1.42740494206111,0,1,0,-0.0097121404315299,1,1,0,-1.09843928323746,0,1,0,0.408011862578636,0,1,0
0.354918895732423,0,1.14783403959244,1,1,1,2.53021907050151,1,1,1,3.87964567595564,1,0,NA,NA,NA,NA,NA
0.105181865810994,0,-1.81231484187759,1,1,0,-1.70940492039893,0,1,1,-0.188787587211636,0,1,0,-0.934461678583167,1,0,NA
-2.46841353318467,0,0.426938132800698,0,1,1,1.60207537380501,1,1,1,0.768075770051136,1,1,1,1.01007751747122,0,1,0
-0.0418580303239525,0,0.505462620158469,0,1,0,-0.188591311239494,1,1,0,1.67525663425968,1,1,0,2.91745192365994,1,0,NA
-0.587260767867037,1,-0.346896465952084,0,1,0,0.448999791511266,0,1,1,-0.466888575400064,1,1,1,0.691095117557141,0,1,0
-0.887296992757254,0,-1.33829601974138,0,1,0,-0.721651958101557,0,1,0,-3.36212647899115,0,1,0,-3.2892902507841,0,1,0
0.238716819750682,0,0.555207805905963,1,1,1,2.56234824329762,1,1,1,3.49166275127796,1,1,1,5.16454199945882,1,0,NA
0.850890302293807,1,-1.57801859399948,0,1,0,1.19967837338642,1,1,0,2.27099654689279,1,1,1,2.96270765295856,1,1,1
1.72700883321405,1,1.71916572024229,1,1,0,1.73815844256428,1,1,1,3.68040600750811,1,0,NA,NA,NA,NA,NA
-2.63250764609541,0,-1.99926212904942,0,1,0,-3.42367929520855,0,1,0,-3.78406965895852,0,1,0,-3.99468895371569,0,1,0
0.743611327809965,1,2.07984209498823,1,1,1,2.2918591682339,1,0,NA,NA,NA,NA,NA,NA,NA,NA,NA
-0.952351111335292,0,-0.31180369398516,0,1,0,-0.708658373293401,0,1,0,-0.118392041120819,1,1,1,0.0958114005694332,0,1,0
1.15633016538051,1,0.246372024522354,0,1,1,1.06792964361938,1,1,1,2.61397674615034,1,1,1,4.61159043684525,1,0,NA
0.345861674157838,1,0.129349101511188,0,1,1,-0.249906613402203,0,1,0,-0.887147514690138,1,1,0,-0.268129053349927,0,1,0
1.44495717206043,1,0.225286098994617,1,1,1,1.88440433049253,1,1,1,4.69719982689188,1,0,NA,NA,NA,NA,NA
-1.48276130575666,0,-0.16256502715158,0,1,0,0.00702277395755446,0,1,1,1.46555938011821,1,1,1,1.39936206215308,1,1,0
0.49463129762884,1,-0.491727356462114,0,0,NA,NA,NA,NA,NA,NA,NA,NA,NA,NA,NA,NA,NA
0.295159338034633,0,0.417793294532998,1,1,0,1.66830509115859,1,1,1,1.32209253654833,1,1,1,3.1465840074812,0,1,1
1.04786224591943,1,0.569113177873915,0,1,1,1.3101509962853,0,1,1,2.75720768519943,1,1,1,2.09266223257392,1,0,NA
-0.231168508634999,0,-1.50270748576461,0,0,NA,NA,NA,NA,NA,NA,NA,NA,NA,NA,NA,NA,NA
1.14401684592874,1,0.464914113051868,1,1,1,1.71483466668836,1,1,1,1.72943188455774,1,0,NA,NA,NA,NA,NA
-0.444960875475881,0,-1.20024827551391,0,1,0,-0.258270867231875,1,1,0,0.019437451787356,1,1,1,0.231195348889302,0,1,0
-0.429237403893111,0,1.22013186631712,1,1,1,1.43496420475716,0,1,0,-0.0494190281228108,0,1,0,2.07429466443672,1,1,1
0.0253793014557843,1,-0.651812027089409,1,1,0,0.348981052999486,0,1,0,0.243061180382821,0,1,1,2.01283382271665,0,0,NA
-1.0692521723823,0,-0.26795552796663,0,1,0,-0.32431273539516,1,1,1,-1.07782974545734,0,1,0,-0.89404879765819,0,1,0
-0.456571640834288,0,1.3004726333152,0,1,0,2.35604059513385,1,1,1,2.71881536243281,1,1,0,5.42327244363373,1,0,NA
1.11000382848242,0,-1.61585816272274,0,1,0,-2.33896127217576,0,1,1,0.505557230618029,1,1,0,0.198233790148879,1,1,1
1.65182870430573,1,-1.44583962607981,1,1,0,0.25866182624778,1,1,1,1.55756951599189,1,1,1,1.87737136680567,1,0,NA
1.11425467962836,1,1.84701575739466,1,1,0,2.68399805688882,1,0,NA,NA,NA,NA,NA,NA,NA,NA,NA
-0.424865175188582,1,1.03774501592937,1,1,0,0.546809198653761,0,1,0,-0.14120451694241,1,1,0,2.51352982848165,0,0,NA
0.318479885539619,1,3.26413734990741,0,1,0,3.42123536070981,1,1,1,4.1370273612601,1,0,NA,NA,NA,NA,NA
0.098489648944743,0,-0.906414574222973,0,1,0,0.0243574731104602,0,1,1,0.874225813607937,0,1,0,1.33307564714289,1,1,1
-1.2590274729358,0,-0.514718086154385,0,0,NA,NA,NA,NA,NA,NA,NA,NA,NA,NA,NA,NA,NA
0.257408211140715,1,-0.393930989609364,0,1,0,0.674189696973968,1,1,1,2.37056498334684,1,0,NA,NA,NA,NA,NA
-0.824293327671809,1,0.0348168164306757,0,1,0,-0.790865043792594,0,0,NA,NA,NA,NA,NA,NA,NA,NA,NA
-1.06062421894714,0,-0.699703025313884,0,1,1,-0.513592020048715,1,1,0,-0.105649574298148,0,1,0,-0.327756750737295,0,1,0
0.725505461365908,1,1.63374922711602,0,1,1,3.99587038414898,1,1,1,4.51558904563791,1,0,NA,NA,NA,NA,NA
-0.707931887106341,0,0.593173715043918,1,0,NA,NA,NA,NA,NA,NA,NA,NA,NA,NA,NA,NA,NA
-0.144048750509615,1,0.626372218269749,0,0,NA,NA,NA,NA,NA,NA,NA,NA,NA,NA,NA,NA,NA
-0.973715576881434,0,0.564976637749348,1,1,0,2.40930628651666,1,1,0,3.04615801958162,1,0,NA,NA,NA,NA,NA
0.0559444258531401,1,-0.334730449346185,0,1,0,0.488284493913104,1,1,0,0.287807189257732,1,1,1,1.48716665151394,1,1,0
0.492346553150489,1,1.48954072789511,1,1,1,0.982588218727085,1,1,1,3.21771940289634,1,1,1,3.6082126628616,1,0,NA
0.502545254666909,1,-0.275301930819415,1,1,0,0.518396387780803,1,0,NA,NA,NA,NA,NA,NA,NA,NA,NA
-1.07525797722939,0,0.830318249144308,1,0,NA,NA,NA,NA,NA,NA,NA,NA,NA,NA,NA,NA,NA
1.25804225002658,1,0.587472864532002,1,0,NA,NA,NA,NA,NA,NA,NA,NA,NA,NA,NA,NA,NA
1.49297171304439,0,-0.337731238710866,0,1,0,1.09744694606136,0,1,1,1.10284076520023,1,1,1,2.25538478895612,1,1,1
0.372910426410749,1,0.927130250886047,1,1,1,1.43962226458475,0,1,0,1.93313305746526,0,0,NA,NA,NA,NA,NA
0.157479547884347,0,0.497875099772813,0,1,0,0.296138929146406,1,1,0,1.71372804325339,0,0,NA,NA,NA,NA,NA
0.0773429033210805,1,1.00878153816074,0,1,1,0.875932896567183,1,1,1,3.02599432019777,1,1,1,5.43949735066597,1,1,1
0.257545945939747,0,2.02908630671601,0,1,0,1.55813745715568,1,1,0,2.56875226698279,1,1,0,4.01211444239264,1,0,NA
0.376423588722638,1,1.96099330691171,1,1,1,0.95321689246681,1,1,1,1.93883280574204,1,1,0,2.87920664100398,1,1,0
0.136823618948169,0,0.359274704372908,0,1,0,-0.822741167398329,1,0,NA,NA,NA,NA,NA,NA,NA,NA,NA
0.653823170914733,1,1.22703814681268,0,1,0,-0.337810246829148,1,1,1,1.81093701883997,1,1,1,2.49784055684807,1,1,1
-0.335768542377534,0,-1.23019036121488,0,1,0,-2.2489119185656,0,1,1,-2.17713575823889,0,1,0,-3.4904693889334,1,1,0
1.12934492850217,1,1.26498891202542,1,1,1,3.7117385683688,1,0,NA,NA,NA,NA,NA,NA,NA,NA,NA
-0.0376828117706237,1,0.570800143313234,1,1,0,0.924147352482244,1,1,0,1.58479937102039,1,1,0,2.2299941085178,1,1,1
-1.75569401653616,0,-0.802256361412313,0,1,0,0.377086029740626,1,1,0,0.00125514032714891,0,1,0,-1.26362876783103,1,1,0
-0.0997203693834034,0,-0.456118053504588,0,1,0,-0.601706504112103,0,1,0,-1.29388422126096,0,1,1,0.456775680603482,0,1,0
0.447020452653874,0,-0.89278803421923,1,1,1,-0.0499280740764395,0,1,0,-1.36157091132921,0,1,0,-1.77074267155774,1,1,0
1.2300316728337,1,1.53534419965524,1,0,NA,NA,NA,NA,NA,NA,NA,NA,NA,NA,NA,NA,NA
0.0602104326151076,0,1.15788868759218,0,1,1,0.974327658560054,1,1,0,3.54330010824829,1,1,1,4.67283968685783,1,0,NA
-1.940069201671,0,-0.427560273656379,1,1,1,0.437797301635361,0,1,1,0.597494669804008,1,1,0,-0.141226185038934,0,1,1
0.00483176592536138,0,1.14239213256647,1,1,0,0.223328774348047,1,1,1,0.746954713368526,1,1,1,2.03191580268299,0,0,NA
-1.19921192196747,0,1.68009355700331,0,1,0,0.529256246842979,0,1,0,1.84984822624442,0,1,0,1.28880139749998,1,1,1
-0.976105703649749,0,2.02651389373067,1,1,0,2.31424754388241,1,0,NA,NA,NA,NA,NA,NA,NA,NA,NA
-1.02562705123497,1,-0.263065343208283,0,1,0,-1.61294219061742,0,1,0,-1.14843246100445,0,1,1,-1.27811216700932,0,1,0
-0.799226924512563,0,-0.600012563385084,1,1,0,-0.0366662140205857,0,1,0,0.729518509122275,1,1,0,2.20938623722499,1,1,0
1.13712909055669,1,0.856639097048364,1,1,1,-0.808052303497519,0,1,0,2.22680421562474,0,0,NA,NA,NA,NA,NA
-0.831528899543843,0,-1.78510795745987,1,1,0,-2.84816195418058,0,1,0,-2.59853244497476,0,1,0,-3.97428384624993,0,1,0
-0.439062773952966,1,1.01431814532396,1,1,0,0.857554723414907,0,1,0,2.6401090672566,1,1,0,2.48597674600693,1,0,NA
0.184173461400253,1,1.41107782661168,1,1,1,2.21884197412873,1,0,NA,NA,NA,NA,NA,NA,NA,NA,NA
0.89037962557919,0,-0.516073356304589,1,1,0,1.87880280123488,1,1,0,1.34799299850987,1,1,1,2.23675844662788,1,0,NA
-0.666705010074985,0,-0.108319362354451,0,1,0,0.524817457835982,0,1,0,1.60561463049464,1,0,NA,NA,NA,NA,NA
-0.826223863869995,0,0.0685163358599101,0,0,NA,NA,NA,NA,NA,NA,NA,NA,NA,NA,NA,NA,NA
-0.518615722213841,0,-0.0328923129701152,0,1,0,-0.189667796613011,0,1,0,-0.749908100307671,0,1,0,0.0786222898853501,0,1,0
-1.17171869923338,1,-1.08280951740089,0,0,NA,NA,NA,NA,NA,NA,NA,NA,NA,NA,NA,NA,NA
0.920033349469812,1,1.8592013901414,0,1,1,1.23046547598419,1,1,0,2.40029855532141,1,1,1,5.18155773370558,1,0,NA
-2.18195813409894,0,-2.51590230579073,0,1,0,-0.594860999590419,0,1,0,0.961958810737687,1,1,0,-0.127283226736136,1,1,0
-0.5276920773549,0,-0.57547573338039,0,1,0,0.68396429707299,0,1,0,-0.629217109913277,0,1,0,-1.14522019446412,0,1,1
-1.44114002209388,0,-1.08673593510101,0,1,1,-2.92288489461801,0,1,1,-1.09962030867926,0,1,0,-0.896039065092315,0,1,0
-1.95678478418978,0,-0.73806648789219,0,1,0,-0.627046997384836,1,1,0,1.08032574672649,1,1,0,0.193774079797172,0,1,1
0.0286581970792618,1,-2.33088771846393,0,1,0,-0.562628077523744,1,1,0,-0.80611085259888,0,1,0,1.14241727099117,1,1,0
1.53823566132278,1,1.73927591695325,1,0,NA,NA,NA,NA,NA,NA,NA,NA,NA,NA,NA,NA,NA
1.63464035479982,1,1.07887748345969,1,1,0,2.39350967902771,1,1,1,2.64116548201716,1,0,NA,NA,NA,NA,NA
-0.562776208352765,0,0.0182630184618357,0,1,0,0.766876817591971,0,1,0,1.38673424261112,1,1,0,-0.217207035087552,0,1,0
-0.696955708518244,1,-0.677754438105915,1,1,0,0.947149961889012,0,0,NA,NA,NA,NA,NA,NA,NA,NA,NA
-0.538226303471587,0,-2.36716695287575,1,1,0,-0.470227940770647,1,1,0,-1.82977584741316,0,1,0,-0.937403425182213,0,1,0
0.710110231783851,1,0.96594209138625,1,1,1,-0.166428884451012,1,1,0,1.11049310713312,1,0,NA,NA,NA,NA,NA
-2.56169696298002,0,-1.84721191785903,0,1,0,-1.29443469148722,0,1,0,-1.10526752976718,0,1,0,-3.14121158291488,0,1,0
0.24770047442229,0,-1.31705716784394,1,1,1,-0.669364515126702,0,1,1,-2.00924068880141,0,1,1,0.917677333939352,0,1,0
-0.405540381007554,0,2.11223797744563,1,1,1,1.82624977838168,0,1,1,2.30702703554245,1,1,1,5.33112120308325,1,1,1
-0.743938496851104,1,0.486956107675046,1,1,0,0.654207877454197,0,1,1,2.36271750125902,1,1,0,2.03021810678647,0,1,0
-2.00612003132012,1,-0.357416825120937,0,1,0,-0.0341624296209491,0,1,0,-0.230322061809945,1,1,0,0.542855994260714,0,1,0
-0.205826417782953,0,0.91226858855608,1,0,NA,NA,NA,NA,NA,NA,NA,NA,NA,NA,NA,NA,NA
-1.64905677245587,1,-1.83256985516051,0,1,0,-0.495423587901441,0,1,0,-0.832918701462237,1,1,1,0.214339321720814,1,1,0
-0.0153078731923365,0,0.544915198580406,1,1,0,-0.850568200848566,0,1,0,-0.536160622483903,0,1,0,-0.397143706001486,0,1,0
-0.894901677513419,0,-0.592491600860069,0,1,1,0.550107898137399,0,1,0,1.27894247220387,1,0,NA,NA,NA,NA,NA
0.0463197241835662,0,0.203675972206894,0,1,0,-0.282503431170142,0,1,0,0.171409012214355,0,1,0,0.78456940958959,0,1,0
0.461004079383783,0,0.846240533851623,0,1,0,-1.05361730319814,0,1,0,-1.28720902146934,0,1,0,-0.0868139168632119,0,0,NA
-0.503738767197944,0,0.548681853241048,1,1,0,-0.461983486804685,0,0,NA,NA,NA,NA,NA,NA,NA,NA,NA
-1.022398456216,0,0.324842704042096,0,1,1,-0.897523786888949,0,1,0,-0.219242056137583,1,0,NA,NA,NA,NA,NA
-0.61174222903031,0,-0.918646165814161,0,1,0,0.192621080693544,1,0,NA,NA,NA,NA,NA,NA,NA,NA,NA
-0.667393503214493,0,-0.387784722293859,1,1,0,-0.788866665284893,0,1,1,-1.34070794890491,0,1,0,-2.26447057719658,0,1,0
-1.49327582905547,0,-1.61935016654963,0,1,0,-1.4985141909319,0,1,0,-2.67164370522267,0,1,0,-3.3436808512155,0,1,0
-0.780618213906196,0,-0.697946169175227,0,1,0,-2.43186995862528,1,1,0,-1.48006989345022,0,1,0,-2.36756838998886,0,1,0
-0.193405134857153,1,0.376937834575515,0,1,0,1.24857866729551,1,1,1,0.0938355221301288,1,1,0,0.606691414414747,1,1,0
-0.220833309799399,1,-0.478183256034442,0,1,0,-0.0622895055436284,1,1,1,0.748784574457705,0,1,0,1.73857699989953,1,1,0
0.329541739887292,1,0.252916679870514,1,1,1,3.00838996329417,1,1,0,2.18067205373487,1,1,1,5.18732879022577,0,0,NA
1.29187572312354,1,1.33425883878901,1,1,0,1.21766663131586,0,1,1,2.61698241829129,1,1,1,6.55743928845716,1,0,NA
0.333671031663867,1,0.922031301355653,1,1,1,1.24048728703452,1,0,NA,NA,NA,NA,NA,NA,NA,NA,NA
1.47578697474206,1,1.40601865021358,1,1,1,1.50340356093978,1,1,0,3.77044793323075,1,0,NA,NA,NA,NA,NA
-0.647925964720306,1,0.171866975375509,1,0,NA,NA,NA,NA,NA,NA,NA,NA,NA,NA,NA,NA,NA
1.35066841000033,1,2.5777447690628,1,1,1,0.894690634004,1,0,NA,NA,NA,NA,NA,NA,NA,NA,NA
0.593408907817607,1,0.573489680434139,0,1,0,-0.513548847006018,0,1,0,1.66281620231894,1,1,1,2.3255098935549,1,0,NA
-1.19170888523403,1,0.628528763297788,1,1,0,-0.383965696341178,0,1,0,-1.00020902405468,0,1,0,-0.107835745367361,0,1,0
0.402171012485224,0,-0.492425456050773,1,1,0,0.511266960961379,0,1,1,1.14562612749416,1,0,NA,NA,NA,NA,NA
-1.23769284056948,0,-1.42193474603204,0,0,NA,NA,NA,NA,NA,NA,NA,NA,NA,NA,NA,NA,NA
0.947230675691712,1,3.34530256834874,1,1,0,4.03152421013312,1,0,NA,NA,NA,NA,NA,NA,NA,NA,NA
-0.539746145027583,0,-0.20467495633063,0,1,0,0.0059527674056094,0,1,0,0.628796682851566,0,1,0,0.218648517155339,1,1,1
-0.236110187036619,0,0.237037324062355,1,1,1,0.769932353721502,1,1,0,1.41582455111926,1,1,1,2.29474046899542,1,0,NA
-0.679536488943232,0,2.01615023134381,1,1,1,0.0939992474571314,0,0,NA,NA,NA,NA,NA,NA,NA,NA,NA
-0.852178292364297,1,-0.21302925891071,0,1,1,0.411236085573701,1,1,0,-0.648753786395408,1,1,1,2.59952589712014,1,1,1
1.70213970919678,1,1.53321573698018,0,1,0,2.51436398359033,1,1,1,2.48929809044689,0,1,1,4.62739541042139,1,0,NA
0.991804522902772,0,0.936637090212374,1,1,1,-0.171773652555242,0,1,0,0.103479462762181,1,1,0,0.640228940138018,0,1,0
0.675213077027448,1,2.18104012477085,1,1,1,3.08514239231682,1,0,NA,NA,NA,NA,NA,NA,NA,NA,NA
0.0736199590039371,1,-1.30143716016316,0,1,0,-1.38206218939659,1,1,1,-2.51431896847153,0,1,0,-1.10273590207824,0,1,0
0.736333814551808,1,0.281932376869779,1,1,0,1.79067504093641,1,1,0,2.61345296390092,1,1,1,3.18837477848685,1,0,NA
0.661712776915951,0,0.60033648698848,1,1,0,2.30324856852531,0,1,1,2.54170944675941,1,0,NA,NA,NA,NA,NA
1.60352059838129,1,1.87029101691375,1,1,0,2.16495491213234,1,0,NA,NA,NA,NA,NA,NA,NA,NA,NA
0.85003977821244,1,0.401210751632897,1,1,1,1.57835822106636,1,1,0,3.03939029345309,1,0,NA,NA,NA,NA,NA
-0.206189006457514,0,2.27545609726969,1,1,0,3.03572606094268,0,1,0,1.35006814965649,1,1,1,2.22388849131027,1,1,1
-0.214892943259896,0,-0.805661103369296,0,1,0,-1.5284491988622,0,1,0,-2.90440674467661,0,1,0,-0.745446777820951,1,1,0
-0.468072564336127,0,-0.212919898753641,0,1,1,-0.604096049762953,0,1,0,-1.2064757244156,0,1,0,-1.88723890236589,0,1,1
-0.363738560815834,1,0.355248833556773,1,1,1,2.25037202200874,0,1,1,0.480928236174305,1,0,NA,NA,NA,NA,NA
-0.236683939495527,1,-0.607191422614468,0,0,NA,NA,NA,NA,NA,NA,NA,NA,NA,NA,NA,NA,NA
1.22288074959827,1,0.612563774445135,0,1,0,-0.494909444807608,0,0,NA,NA,NA,NA,NA,NA,NA,NA,NA
-2.32835963269809,0,-0.0116834029531236,0,1,0,-0.602087183599455,0,1,0,0.579116720213531,0,1,0,1.6671155377482,1,1,1
-0.701845828410341,0,0.169559711450302,1,1,1,-0.316192320937278,1,1,0,0.555028998536016,1,1,1,1.5549637107888,1,1,1
-0.132880719366657,0,0.886866581266769,1,1,1,1.99586947784186,1,1,1,2.46004489174117,0,1,0,3.2034872419559,1,0,NA
-1.2832584037532,0,0.0593974687223331,1,1,1,1.20571815789299,1,1,1,2.84648390426202,1,1,0,1.98641344308886,1,1,0
1.61910061010553,1,1.15088455193015,1,1,1,1.99585146196026,1,0,NA,NA,NA,NA,NA,NA,NA,NA,NA
-0.233948301011858,1,0.746432088536961,1,1,0,0.607529848014259,1,1,0,1.95860841255749,1,1,1,3.09913839384912,1,1,1
-1.11691813121359,0,-1.79737899367231,1,0,NA,NA,NA,NA,NA,NA,NA,NA,NA,NA,NA,NA,NA
-0.891613786810676,0,-0.130752076399744,0,1,0,-0.593252022503619,1,1,0,0.472284219975115,0,1,0,-0.433924038582651,0,1,0
0.87239516251344,0,0.277975010083741,1,1,1,0.366310480884453,0,1,1,2.3664288543397,1,1,0,3.09878848963955,0,1,1
1.86900934050409,1,4.39422625886156,1,1,1,4.98172761634393,1,0,NA,NA,NA,NA,NA,NA,NA,NA,NA
-0.124268503812241,1,0.974214964714587,0,1,0,0.236357864781884,0,1,0,-0.111023008040646,1,1,0,1.32453005525801,1,1,1
0.107028807376313,1,1.59351612481463,1,1,1,1.57864969230043,0,0,NA,NA,NA,NA,NA,NA,NA,NA,NA
-0.948535060055103,1,-0.889602927949622,0,1,0,0.0429101545150522,1,1,0,-0.491283126847547,0,1,0,-1.1610706335291,0,1,0
1.31664471072918,1,1.0676770314915,1,1,1,1.13079509042739,1,1,1,3.32839550994638,1,0,NA,NA,NA,NA,NA
0.722656926345969,1,0.917156879229848,1,0,NA,NA,NA,NA,NA,NA,NA,NA,NA,NA,NA,NA,NA
-2.32925346285753,0,-0.37119329897313,0,1,1,0.0141076141604457,0,0,NA,NA,NA,NA,NA,NA,NA,NA,NA
-0.645232545817526,1,0.780450755152703,1,1,0,-0.0571022200588451,1,1,1,0.414100280438933,0,0,NA,NA,NA,NA,NA
-0.234117494341529,0,1.12937278769158,0,1,1,1.44691161657185,1,0,NA,NA,NA,NA,NA,NA,NA,NA,NA
-1.10816067338053,0,-0.210816186699954,1,0,NA,NA,NA,NA,NA,NA,NA,NA,NA,NA,NA,NA,NA
-0.273224175602157,1,-1.2448892763135,1,1,1,-1.21506430778994,0,1,0,-2.03776925448859,0,1,0,-1.38239166392692,0,1,0
-1.13344115426419,0,0.803909389595716,0,1,1,-1.32417641862845,1,1,0,-0.363734098157991,0,1,0,0.46753689376331,0,1,1
0.359307953730572,0,0.175373239601115,1,1,1,1.37169843892343,1,1,0,1.65658128073738,0,1,1,1.28851367148312,1,0,NA
0.335644763865137,1,-0.230121084239847,0,1,0,0.908725474690155,1,0,NA,NA,NA,NA,NA,NA,NA,NA,NA
0.81098435313938,0,1.15161491658606,1,1,0,1.57267739051804,1,1,1,1.31843137365415,0,0,NA,NA,NA,NA,NA
0.41645613593357,1,1.30148327234532,0,1,0,1.86889649671917,1,0,NA,NA,NA,NA,NA,NA,NA,NA,NA
1.59411403885386,1,1.23250578378956,1,1,1,1.69647951893402,1,1,1,1.88669232087057,1,0,NA,NA,NA,NA,NA
-0.386137877288101,0,-0.337791725493117,0,1,0,-0.273059811252262,0,1,0,-0.806099590756787,0,1,0,-1.14945758117556,0,1,0
-2.15330336743643,0,0.239174960755034,0,1,1,-0.44042684054086,0,1,0,0.619823711400394,1,1,0,0.711239956006412,1,0,NA
0.025659213079887,1,2.2060369307445,1,1,1,2.27639531789043,0,1,1,1.60596820483549,1,1,1,2.76462192648238,1,0,NA
0.649848845025497,0,1.09229372332675,0,1,0,3.01560200671131,1,1,1,0.725758951954285,1,1,1,3.25743077811239,1,1,1
-0.401235599512803,1,0.826458874735253,1,1,0,1.04191666302619,1,1,0,0.688607621923814,1,1,0,0.59249983793767,0,1,1
1.40087647763291,1,0.916271702525918,0,1,0,-0.872686481862975,1,1,0,1.37807338927785,0,1,1,1.58301962560664,1,1,1
1.09476867868607,1,-0.994532606025302,0,1,0,0.452914474981282,1,0,NA,NA,NA,NA,NA,NA,NA,NA,NA
0.537493298921215,0,-0.11796434870596,1,1,1,0.666877054836281,1,0,NA,NA,NA,NA,NA,NA,NA,NA,NA
0.0697747577746106,1,-1.36443472681735,1,1,0,-0.980957139442101,0,1,0,1.58839462828698,1,1,1,0.28640615882699,0,0,NA
-0.551500633193785,0,0.750665241929476,0,1,0,-0.437726718852593,1,1,0,0.561066758747631,0,1,1,0.654126047694165,0,1,0
-0.176943367781943,1,-0.652311704421877,1,1,0,0.811630482300797,1,1,1,-0.327561505811896,0,1,0,1.52511890403328,1,0,NA
0.469177847669925,1,1.099292084506,1,1,0,0.815861323686462,1,1,1,2.874670431667,1,0,NA,NA,NA,NA,NA
0.96779678824769,0,-0.694557029168407,0,1,0,0.97424873392447,0,1,1,0.787590191240971,1,1,0,1.16939005066041,1,1,1
-0.296114656814332,0,1.51583503278871,1,1,1,1.01102379149174,1,1,1,3.11890070983134,1,0,NA,NA,NA,NA,NA
-0.728253258423636,1,1.41502529247819,1,1,1,-1.272820112561,1,1,1,-0.0939953648459145,0,1,0,-0.146004926562383,0,0,NA
2.4756058618661,1,1.5477314667073,1,1,0,1.05906623984289,1,0,NA,NA,NA,NA,NA,NA,NA,NA,NA
0.5185571703497,0,1.16859397927453,0,1,0,-0.54356919888855,0,0,NA,NA,NA,NA,NA,NA,NA,NA,NA
-0.903603205337453,0,-1.19212459844807,0,1,0,-2.36527840229677,0,1,0,-2.95105491347138,0,1,0,-3.87447044611288,0,1,0
0.930979056343251,1,0.977715403063361,1,1,1,2.01628310535041,1,1,1,1.02437890901651,1,1,1,2.99013982457584,1,1,1
0.061686497897853,0,-0.601301119412802,1,1,0,1.07131098302435,1,0,NA,NA,NA,NA,NA,NA,NA,NA,NA
0.826789248521633,1,0.234157073474452,1,1,1,1.91929869564572,1,1,1,2.24429194968519,1,1,1,5.0434652020391,1,0,NA
0.0517969525608289,1,1.43409391912822,1,0,NA,NA,NA,NA,NA,NA,NA,NA,NA,NA,NA,NA,NA
-0.0584290512452095,0,-0.0467166190510494,0,1,0,0.679642614108533,1,1,1,0.903518287679209,1,0,NA,NA,NA,NA,NA
0.0906116207122605,1,-0.144333067798347,0,1,0,-2.22916427419203,1,1,0,-2.59862338206515,0,1,0,-3.41119461686315,0,1,0
0.412780797052548,1,-1.77137787066587,0,1,0,-1.37784840956294,0,1,0,-1.44977193317922,0,1,1,-2.84999438927196,0,1,0
-0.61008573154393,0,-0.79496595637655,1,1,0,0.0935056541816099,0,1,1,-0.953796860212416,1,1,0,-0.356303099808168,0,1,0
-0.65536323027314,1,-0.490954973772426,0,1,1,-1.1674110563347,1,1,0,-1.48507486942284,0,1,0,-1.70055504079024,0,1,0
-0.184779206139361,1,-0.240714104791165,1,1,0,0.924982354725105,1,1,1,0.919952066427883,0,0,NA,NA,NA,NA,NA
0.171301431637089,1,1.26106820799245,0,1,0,1.64001065617353,1,1,1,2.1973146232447,0,0,NA,NA,NA,NA,NA
-0.317376455269396,0,0.910124024699479,1,1,0,-0.673871900223499,0,0,NA,NA,NA,NA,NA,NA,NA,NA,NA
0.316984562457902,1,-1.06938672840475,0,1,1,-0.519982945270746,0,1,0,-0.984924388990541,0,1,0,-0.274250187390154,0,1,0
-1.101735412602,0,-0.575813277772985,0,1,1,0.61121082756294,1,1,0,0.165139970408501,1,0,NA,NA,NA,NA,NA
-1.43095845286738,0,-2.7344879585231,0,1,0,-1.16418183500089,0,1,0,-2.42408369181662,1,1,0,-3.40167732970343,0,1,0
1.89201063250808,1,0.860349502519153,1,1,0,3.06431406058636,1,1,1,2.7141556192747,1,1,1,5.36654411313005,1,0,NA
0.397877113060311,1,0.725685324696961,1,1,0,3.12226282231889,1,1,1,4.66077877161846,1,1,1,5.3487489489425,1,0,NA
-0.397028133394579,0,-0.0306906872092185,1,1,1,0.293605224205492,1,1,0,-0.425960625418506,1,0,NA,NA,NA,NA,NA
-0.279957848490363,1,-0.932932088714589,1,1,1,-0.45821913600714,0,1,0,-1.88333389177383,0,1,0,-1.21920663295303,0,1,0
0.78511853104356,1,-1.54113328500029,1,1,1,0.444614085532528,0,1,0,-0.403460873651677,0,0,NA,NA,NA,NA,NA
-0.210320814229356,0,1.13539226870153,1,1,1,-0.401819210119239,0,1,1,-0.483780337237751,0,1,0,-0.586570382760344,1,1,1
0.192114963876683,1,0.479370233087165,1,1,0,0.743426672955906,0,0,NA,NA,NA,NA,NA,NA,NA,NA,NA
-0.264725626098451,0,2.15521988266901,1,0,NA,NA,NA,NA,NA,NA,NA,NA,NA,NA,NA,NA,NA
-0.501391057936759,0,0.858494621837916,0,1,1,0.726115354265065,0,1,0,0.566101355490794,0,1,1,1.89928542264268,1,0,NA
0.602189813520256,1,0.546508269305854,1,0,NA,NA,NA,NA,NA,NA,NA,NA,NA,NA,NA,NA,NA
0.141494558350148,0,0.264479209302537,1,1,0,-0.502566979095354,1,1,0,1.28942900000566,0,1,1,2.48319029911456,1,1,0
1.30181266697034,1,1.43546804455733,1,0,NA,NA,NA,NA,NA,NA,NA,NA,NA,NA,NA,NA,NA
-1.12539685767474,1,-0.117087045640908,0,1,1,1.60670137748541,1,1,1,0.228192437247785,0,1,0,0.00507721451685406,1,1,0
-0.135307406049395,0,-1.50405547754626,1,1,0,-1.48145278481331,0,1,0,-1.63822619937513,0,1,0,-1.57661569762749,0,1,0
-0.208988948819788,0,-0.275417191868079,0,1,0,-2.21453405383854,0,1,0,-3.75156172823544,0,1,0,-1.87848294478587,0,1,0
-1.07486233391367,0,0.0687626457775184,0,1,1,0.0364194855515278,1,1,1,1.05350916380171,1,1,0,1.60352238312946,0,1,0
0.997858726258268,1,-0.127006899558065,1,1,1,0.732347652244666,1,1,1,0.544079453188944,1,1,1,1.83664072663837,1,1,1
-0.107399749074144,0,-0.228642640589865,1,1,0,-1.80869202001009,0,1,0,0.713014231993004,1,1,1,-0.0359736388257712,1,0,NA
-1.38555799043147,0,-1.14473730901371,0,1,0,1.0547285919123,1,1,0,0.287670172011634,1,1,0,1.16497167074075,0,1,0
-0.59214062739422,1,-1.44058673546688,0,1,0,-1.10409592723739,0,1,1,1.65300537739455,0,1,0,0.721968262072636,1,1,1
-1.10533356064609,1,-1.05717928817142,0,1,0,-0.265276769423756,0,1,0,-1.52406980694204,0,1,0,-1.91605110581055,0,1,0
1.03908851261442,1,-0.454010616271773,0,1,0,0.225994644321059,0,1,0,-0.709126864839523,0,1,0,-0.935769722000589,1,1,1
2.54290445686211,1,1.16225763911481,1,1,1,3.25706697093003,1,1,1,4.18760418026004,1,0,NA,NA,NA,NA,NA
-0.673715819136411,1,0.581549798580464,1,1,0,1.33853356792291,1,1,1,1.9633550195939,1,1,0,4.31458042505423,1,0,NA
-0.0922300081017977,1,1.14730899783254,1,0,NA,NA,NA,NA,NA,NA,NA,NA,NA,NA,NA,NA,NA
0.279735034290658,0,-0.0974776931325139,1,1,0,-0.0154341518648393,0,1,1,-1.25734167166555,1,1,0,-0.0784708054610522,1,1,1
2.70895941900681,0,1.29972509121703,1,1,1,1.08848104835931,0,0,NA,NA,NA,NA,NA,NA,NA,NA,NA
-2.32900346367574,0,-1.13374689396389,0,1,0,-2.11406580606506,0,1,0,-3.3455699798768,0,1,0,-2.68497393753522,0,1,0
-0.513955735696316,0,1.56911249341228,1,1,0,0.34184213082484,1,1,1,1.72188769074363,1,1,1,1.47409506885744,1,0,NA
-1.20279475722774,1,-0.136278223389696,1,1,0,0.449978203570598,0,0,NA,NA,NA,NA,NA,NA,NA,NA,NA
-0.227624806236914,0,-0.559463730897271,0,1,0,0.439040255637298,1,1,1,0.175957375917171,1,1,0,-0.986617985006058,0,1,0
-0.275899217586007,0,-0.723531639617105,0,1,0,-0.863362588043278,1,1,0,0.596384516952275,0,1,0,0.898135309075573,1,1,1
-0.72980880602493,0,-0.954388585701218,0,1,0,-1.42639334791093,0,1,0,-0.629585817911702,0,1,0,-1.80291501270162,0,1,0
1.83415571752355,1,1.39851907614285,0,1,0,1.54589239169507,1,1,1,2.97681901288923,1,0,NA,NA,NA,NA,NA
0.257065337064977,1,1.42416366512801,1,0,NA,NA,NA,NA,NA,NA,NA,NA,NA,NA,NA,NA,NA
2.39358537418796,0,2.15743699391631,1,0,NA,NA,NA,NA,NA,NA,NA,NA,NA,NA,NA,NA,NA
0.823616626218353,1,0.202351232080737,1,1,1,1.71565437654991,1,1,1,4.8434894632261,1,0,NA,NA,NA,NA,NA
-1.26531215025604,1,-0.304756253553258,0,1,0,0.013912170306203,0,1,0,0.411808469840733,1,0,NA,NA,NA,NA,NA
-0.753491215068184,0,-1.19087097096449,0,1,0,-1.54261914323288,0,1,0,-2.32457040506692,1,1,0,-2.24753421842742,0,1,0
0.273038419162952,1,-0.137320855845233,0,1,1,-0.244164908714282,0,1,0,-0.653665773002638,0,1,1,1.12809875231447,1,1,1
-0.577898941085042,0,0.586523049766942,1,1,1,2.06159084212922,1,1,1,2.13496279390732,1,1,0,2.18894372833225,1,1,1
0.35428968907761,1,1.62873657292395,1,0,NA,NA,NA,NA,NA,NA,NA,NA,NA,NA,NA,NA,NA
0.732572641958218,1,0.770071086913776,1,1,0,-0.557434416244187,0,1,0,-0.515900587056852,0,1,1,1.68890745962553,1,1,1
0.421122276651071,0,-0.668386156017533,0,1,0,0.304678285523346,0,1,0,-0.909629581103296,1,1,0,0.361611187288451,1,1,1
-0.13461283417085,1,1.00475056924768,0,1,0,0.542687380101221,1,1,0,1.65063352106498,1,1,0,-0.253702252065455,0,0,NA
-0.643538933862576,1,0.303392844700624,0,1,0,-0.0101223754072162,1,1,0,-0.360902465996154,0,1,1,0.0295940516350345,0,0,NA
-1.28932068916416,0,0.733767242294774,0,1,0,-0.196948408126432,0,1,0,-1.22302055029786,0,1,1,-2.81585061461409,0,1,0
0.340894898598314,0,0.438766926029289,0,1,0,1.01291294231427,1,1,1,2.25031233163234,1,1,1,3.02946253901157,1,1,1
0.922335674092897,1,2.15841561058609,1,1,1,-0.388255876803714,1,1,1,2.02567223644608,1,0,NA,NA,NA,NA,NA
-0.0796694097451784,1,-0.419476597842294,1,1,0,1.63195784260311,1,1,1,2.91812618383916,1,1,1,2.03003362040116,1,0,NA
0.75361765272448,0,1.98060546923728,1,1,1,3.71362015680713,1,0,NA,NA,NA,NA,NA,NA,NA,NA,NA
2.227529683524,1,0.815623523710242,1,1,1,1.30600874710027,1,1,1,3.12545615496818,1,1,1,4.49184708625196,1,0,NA
1.93382128195771,1,1.16196612413462,1,1,1,5.54108129581062,1,1,1,5.43539096515624,1,1,1,7.57522378720166,1,0,NA
-0.494905476776135,0,0.131698076927544,0,1,1,-0.312447396482822,0,1,0,-1.1448760928713,0,1,0,-1.21431204187824,0,1,0
0.546711841395066,1,0.890908290386678,1,1,1,1.67595076498637,1,1,1,1.53477448987503,1,1,1,2.12682114497129,1,0,NA
-0.702210637746134,1,-1.01097652125921,0,1,0,-1.37639257272862,0,1,0,-0.335308417073572,0,1,0,0.184706958790515,0,1,0
0.68981342390161,0,-0.128342041935972,1,1,1,0.505441636214627,0,1,0,0.948377804515729,1,1,1,0.484734780824444,0,1,1
-0.0583631400767486,1,0.445668850081692,0,1,1,0.82898267858829,1,0,NA,NA,NA,NA,NA,NA,NA,NA,NA
0.277587578066646,1,-0.438106356479922,1,1,0,0.872904136457689,0,1,1,1.41450823786536,1,1,1,2.51625844201967,1,0,NA
-0.859014614409201,0,0.376598686497048,1,1,1,-0.505770843419856,1,0,NA,NA,NA,NA,NA,NA,NA,NA,NA
1.20537791583264,1,0.0337862887713888,1,1,0,1.38591324635767,0,1,1,-0.257127274973555,1,1,1,0.610912907471864,1,1,1
-0.0841799664768694,0,0.544201019729438,1,1,1,-0.526481694865093,1,1,1,0.230564972278345,0,1,1,0.25726377910429,0,1,1
-0.445919957955063,0,0.378646220918961,1,1,0,-0.100237293725773,1,1,1,-0.493755107683361,0,1,1,-0.834260782411218,0,0,NA
-0.0766213726151868,0,0.387666351469145,0,0,NA,NA,NA,NA,NA,NA,NA,NA,NA,NA,NA,NA,NA
0.0763983799958751,0,-0.63434230438189,1,1,0,0.516269200498736,1,1,0,0.243010157790835,1,1,1,0.792458967296986,1,1,1
1.63686401169385,1,1.74562204939739,1,1,1,2.66342952281172,1,1,1,4.21321698451726,1,0,NA,NA,NA,NA,NA
-1.11072398833375,1,-0.517643071456346,0,1,0,-0.718357418685576,0,1,0,-0.225388111745188,0,1,0,0.305279481134978,0,1,0
2.45899120349098,1,0.743425155747573,1,1,0,3.00537797871499,0,1,0,3.46981121733342,1,0,NA,NA,NA,NA,NA
-0.773312386463012,1,-1.08319633784385,0,1,1,0.234319126999195,0,1,0,-1.63659093070896,0,0,NA,NA,NA,NA,NA
0.174643374960065,1,1.02067995591613,1,1,1,1.60724190658812,1,1,1,1.98866946913879,1,0,NA,NA,NA,NA,NA
-2.05814136474925,0,-0.48633456307529,0,1,0,-1.35643774135493,0,1,0,-0.805211216547516,0,1,1,-2.78543936511287,0,1,0
-0.654460530329722,0,-1.56727742786058,0,1,0,-1.27155189318128,0,1,0,-0.499964604280616,0,1,0,-0.938210004129206,1,1,0
0.731773364128733,1,1.10747320805892,1,1,0,0.530018217140949,1,0,NA,NA,NA,NA,NA,NA,NA,NA,NA
0.50523305857902,1,-1.27641019713395,0,1,1,-0.686184620148764,0,1,0,-0.57660524987537,1,1,1,-1.34745839552934,1,0,NA
0.410572221752549,0,0.229798427873473,0,1,1,-1.10072754314273,1,1,1,-0.149277203538263,0,0,NA,NA,NA,NA,NA
-0.466765303532686,1,-0.00569768158045836,1,0,NA,NA,NA,NA,NA,NA,NA,NA,NA,NA,NA,NA,NA
-1.84357246605783,0,-2.22909470180694,1,1,1,-1.47781400146364,0,1,0,-2.67205347627359,0,1,0,-3.15448766408849,0,1,0
-1.07282462705942,0,-0.131651939040433,1,1,1,0.123886590650432,0,1,0,0.156587407036977,0,1,0,0.598171765073076,0,1,1
-0.229828765324043,1,-0.971649365942185,0,1,1,-0.603314956065472,1,0,NA,NA,NA,NA,NA,NA,NA,NA,NA
0.6216371749907,0,1.61671628070751,1,1,1,3.01227116902275,1,1,1,3.42959782184146,1,0,NA,NA,NA,NA,NA
0.837445481389698,0,-0.642171621230303,0,1,0,1.64423104574243,0,1,0,0.505039098787165,1,0,NA,NA,NA,NA,NA
-0.302888049153909,0,-2.75256447320577,0,1,0,-3.81261966284271,0,1,0,-0.989689779733351,0,1,0,-1.70060418969997,0,1,0
-0.151552534412389,0,-0.314976664837542,0,1,0,-0.322107841655047,0,1,1,1.18064102504643,1,1,1,1.13999259390638,1,0,NA
-0.162851522523741,0,-0.170956293233199,0,0,NA,NA,NA,NA,NA,NA,NA,NA,NA,NA,NA,NA,NA
0.0578455329557257,1,0.614323749175508,1,1,0,0.933041256204759,1,1,0,2.96516183243934,1,0,NA,NA,NA,NA,NA
1.53714488558615,1,2.14116379524626,1,0,NA,NA,NA,NA,NA,NA,NA,NA,NA,NA,NA,NA,NA
-0.726712528090392,0,2.55788539447604,1,1,0,0.352273191756938,0,0,NA,NA,NA,NA,NA,NA,NA,NA,NA
-0.204762719552353,1,2.3205668360618,1,1,0,1.36069599214077,1,1,1,1.65713934632842,1,1,1,1.41048555880827,1,0,NA
0.078726292442996,1,1.17880298903309,1,1,0,1.42356482177353,1,0,NA,NA,NA,NA,NA,NA,NA,NA,NA
-1.33826589318506,0,-0.966188988260464,0,1,0,0.442570793442337,1,1,1,0.918531576061273,0,1,1,0.629015951099055,0,1,0
-0.921029235202948,1,1.78645046975469,0,1,0,1.15742936805189,1,0,NA,NA,NA,NA,NA,NA,NA,NA,NA
0.200261948609106,1,-0.0314439776584983,0,1,0,-0.0703270411647526,0,1,0,1.41865826570922,0,1,1,1.47960658950231,1,1,1
0.427069127739095,1,0.0440116430443948,1,0,NA,NA,NA,NA,NA,NA,NA,NA,NA,NA,NA,NA,NA
1.14009020938031,1,1.47074517936672,0,1,0,1.69319510143678,1,1,1,3.09380698470682,1,1,1,3.05865305904129,1,1,1
-0.465705956438507,1,0.66005722044603,1,0,NA,NA,NA,NA,NA,NA,NA,NA,NA,NA,NA,NA,NA
1.45390062123435,1,0.947018954828479,1,1,0,1.6042260454594,1,1,1,2.9321553715756,1,0,NA,NA,NA,NA,NA
-0.864556217319535,1,-1.04802317479761,0,1,0,0.928702553948029,1,1,1,0.827932891607767,1,1,0,2.85996267130016,1,1,1
-1.59628307950226,1,-1.35774178135149,0,1,0,-2.24047895020015,0,1,0,-1.80260562623675,0,1,0,-3.64646536512781,0,1,0
-1.94601344555199,0,-0.802560495020142,0,1,0,0.420037756446298,1,1,0,0.279587084703889,0,1,0,2.7803146295057,1,1,0
1.10405027494058,0,0.312550528066024,1,1,1,0.842777069975755,1,1,0,2.58440226720508,1,1,1,3.57993489667887,1,0,NA
0.304872111305456,1,-0.47961504296391,1,1,0,0.00159732313737826,0,1,0,-0.311760445483451,0,1,0,-1.14693396833876,0,1,0
-0.130421889948526,1,-0.937768416037821,1,1,0,0.656042344980982,1,1,1,1.11721681563691,1,0,NA,NA,NA,NA,NA
-0.293613387011894,1,0.46258857190232,0,0,NA,NA,NA,NA,NA,NA,NA,NA,NA,NA,NA,NA,NA
1.58625545540677,1,2.64724966567256,1,1,1,3.53726976607208,1,0,NA,NA,NA,NA,NA,NA,NA,NA,NA
1.20114550405925,1,0.231980022840359,1,1,1,1.5309820814475,1,1,0,2.0949709708121,1,1,1,3.41790191728866,1,0,NA
-1.00373971119925,0,0.131915868903427,1,1,0,0.97085859641167,1,0,NA,NA,NA,NA,NA,NA,NA,NA,NA
-1.39101698281623,0,-1.27023536620922,1,1,0,1.9253001683429,0,1,0,2.62536452237513,1,1,1,2.47174971401961,1,1,1
1.08529588092986,0,-0.662982113441765,0,1,0,1.35699700894946,1,1,1,1.02492925469247,1,0,NA,NA,NA,NA,NA
0.560611806017343,0,-0.302962036850813,0,1,0,-0.27862256755808,1,1,1,0.157585240842184,1,1,0,1.47014770271264,0,1,0
-0.510980985089714,1,-0.632076513289643,0,1,1,-1.12488667617148,1,1,0,-1.73097104459414,0,1,0,-2.71256050377619,0,1,0
0.396451965571097,0,0.45496354645657,1,1,0,2.76506728974385,1,1,1,2.82059076392482,1,0,NA,NA,NA,NA,NA
-2.02323110391136,0,-0.69081068335687,0,1,0,-0.950226934744278,0,1,0,-1.0965995627072,0,1,0,-3.16537619640389,1,1,0
-0.665141472933446,1,0.436980039314096,0,1,1,0.577276601033321,0,1,0,0.671188938401633,0,1,1,1.03808810160823,0,0,NA
0.435007205526097,0,-0.558762730222921,0,1,0,0.465209762480845,0,1,1,0.185010796801868,0,1,1,2.18663076547169,1,1,0
-0.0729116390239619,0,1.09352795345004,0,1,0,0.359361434721953,0,1,1,-1.29124462717891,1,1,1,2.29460672670158,1,0,NA
-1.28188764411534,0,-0.469403267297152,0,1,0,-2.33051190103712,0,1,0,-1.82956722897533,0,0,NA,NA,NA,NA,NA
1.01526613067697,1,0.465970842300301,1,1,1,2.431523736545,1,1,1,4.22849976596723,0,0,NA,NA,NA,NA,NA
1.16305933920202,0,0.948611798475278,1,1,0,0.898771695636676,0,1,1,0.378410143096262,0,1,1,0.894931218378092,1,0,NA
-0.940039838457001,1,-0.416037518309269,0,1,0,-0.53324841779514,0,0,NA,NA,NA,NA,NA,NA,NA,NA,NA
-0.185466629123019,1,1.59473162737845,1,1,1,2.22709007982355,1,0,NA,NA,NA,NA,NA,NA,NA,NA,NA
0.730613939460249,1,0.424211464375265,0,1,1,2.02873695718664,1,0,NA,NA,NA,NA,NA,NA,NA,NA,NA
0.863724842718663,1,0.530583775885961,0,1,0,1.34313657307817,1,1,1,0.982684544454407,1,1,0,2.88250965203931,1,1,1
-0.528747614634865,0,-0.599626950637363,1,1,0,-0.0935487408861241,0,1,0,-1.20413527025451,1,1,1,-0.726311965569393,0,1,0
-0.878539839568099,1,0.0371454307735126,1,1,0,0.944000811038507,1,1,0,-0.0189789831246363,0,1,0,0.352691625523874,0,1,0
0.345075406845387,1,2.3074193998765,1,1,1,1.36928131209414,1,1,0,3.04716884133232,1,1,0,3.40622911173918,1,1,1
-1.91601821802967,0,-0.34765584538764,0,1,0,-0.0352748794688749,0,0,NA,NA,NA,NA,NA,NA,NA,NA,NA
-0.950077589348363,0,1.2733881256676,1,1,1,-0.660725518574987,0,1,0,0.259699949642644,1,1,1,0.665408575430323,1,1,1
0.773587127057442,0,-0.246342250299683,0,1,0,-0.0817818998601826,0,1,0,-0.0718576565346431,1,1,1,0.132740451621323,0,1,0
-1.7037984055143,0,-2.04304113081847,0,1,0,-1.78899732796441,0,0,NA,NA,NA,NA,NA,NA,NA,NA,NA
-1.20077712678264,0,-0.166509334886791,1,1,1,-0.550759456400722,1,1,0,-1.0185875236124,0,1,0,-1.71151887065569,1,1,0
-0.240785063614367,0,0.160979159856267,0,1,1,0.149285922848965,0,0,NA,NA,NA,NA,NA,NA,NA,NA,NA
-0.302073501137212,0,1.2706865485714,1,1,1,-0.581716075910955,1,1,0,1.02341767991298,1,1,1,2.46517657490669,1,0,NA
-1.75404475768728,0,-2.60644519897573,0,1,0,-0.848468396223583,0,1,1,-0.469172766180257,0,1,0,-2.42715913347073,0,1,0
0.50937884189092,1,0.420129048227853,1,1,1,2.1263406922913,1,1,1,4.10400284630926,1,0,NA,NA,NA,NA,NA
-1.02145633708376,0,-0.558324254990136,0,0,NA,NA,NA,NA,NA,NA,NA,NA,NA,NA,NA,NA,NA
-0.158058937403218,1,0.248936358221179,1,0,NA,NA,NA,NA,NA,NA,NA,NA,NA,NA,NA,NA,NA
-0.196572207000955,0,-1.26673650391776,1,1,0,-0.852562882754288,1,1,1,-0.285582823009945,0,1,0,-0.498633468336829,0,1,0
0.696628740831187,1,0.379416745974161,1,0,NA,NA,NA,NA,NA,NA,NA,NA,NA,NA,NA,NA,NA
-0.0659814597136106,1,0.866885302438515,0,1,0,-0.304560617678205,0,0,NA,NA,NA,NA,NA,NA,NA,NA,NA
-0.13434798554826,1,1.13116921117286,0,0,NA,NA,NA,NA,NA,NA,NA,NA,NA,NA,NA,NA,NA
1.65474084400222,1,0.564368227113026,0,1,1,1.40695892593432,1,0,NA,NA,NA,NA,NA,NA,NA,NA,NA
0.371894882020314,1,1.48161985556384,1,1,1,1.46931124968354,0,1,1,3.64655810849121,1,0,NA,NA,NA,NA,NA
0.623540462610103,1,1.45612375321806,1,1,0,2.92799400888837,1,1,1,1.81068319762956,1,0,NA,NA,NA,NA,NA
0.474898626830697,1,1.14141476792161,0,1,0,2.01592423383752,1,1,1,0.823911307033216,1,1,1,2.96059037566334,0,0,NA
0.571634626645242,0,0.340130471792552,1,1,0,-0.537235651001755,0,1,0,-1.25794354069205,0,1,1,0.382300161782068,0,1,1
1.33573646703799,0,3.21787980971435,1,1,1,3.89118657228202,1,1,1,3.93488186566996,0,0,NA,NA,NA,NA,NA
-0.0571041609665933,0,-0.473378169379907,0,1,1,-0.982082765176537,1,1,0,0.599654682410195,0,1,1,-0.26910487080274,0,1,1
0.242843946422432,1,1.32143459993767,0,1,1,3.00487328735984,1,0,NA,NA,NA,NA,NA,NA,NA,NA,NA
1.96963413281427,1,-0.0565052662629231,0,1,1,1.50320929013266,1,1,1,2.3874769076903,1,1,1,4.23198122209347,1,0,NA
-0.530038313429479,0,0.125712195236292,0,0,NA,NA,NA,NA,NA,NA,NA,NA,NA,NA,NA,NA,NA
1.29100897953624,1,0.537728680866429,1,1,0,1.36535777346452,1,0,NA,NA,NA,NA,NA,NA,NA,NA,NA
-0.607078196072321,1,0.843789077277451,1,1,0,0.501428001329619,1,1,1,2.23352494852679,1,1,1,0.55420665760713,1,0,NA
1.71013967532023,1,1.08758353697136,1,1,0,1.69017978625737,1,0,NA,NA,NA,NA,NA,NA,NA,NA,NA
-0.666247379760654,1,-0.921711608384443,0,1,0,-0.347046083744747,1,1,0,-0.0184270216639248,0,1,0,-0.0127903100590876,0,1,0
-0.814372276715255,0,-0.41105114895324,0,1,0,-1.08249666068834,0,1,0,0.9450927386714,1,1,0,1.15384218182932,1,1,0
1.03640262444953,1,0.495373117614705,1,0,NA,NA,NA,NA,NA,NA,NA,NA,NA,NA,NA,NA,NA
0.964931532612911,0,-0.0989227883847461,1,1,0,0.679831339027738,1,1,1,2.41663876963458,1,0,NA,NA,NA,NA,NA
0.551710837460081,1,0.671214235343889,1,1,1,1.01830970546172,0,1,1,2.97636674199526,1,1,1,2.6518217013549,1,0,NA
0.273188529340283,1,0.530968141767815,1,1,0,0.108958798998167,0,1,0,-0.135682277234691,0,0,NA,NA,NA,NA,NA
0.2418598033419,1,-0.862958221033188,1,1,0,-0.0981051336378087,1,0,NA,NA,NA,NA,NA,NA,NA,NA,NA
2.05476070604651,1,0.228274110790295,1,1,0,0.88731468496734,1,1,1,0.640930943315502,1,1,1,2.24256725232094,1,0,NA
-1.43253449521809,0,-1.58473519147893,0,1,0,0.451039407633905,0,1,0,-0.982856316780685,0,1,0,-3.80316626748943,0,1,0
-0.986336317053269,0,0.930431431285462,0,1,0,1.83669637027948,0,0,NA,NA,NA,NA,NA,NA,NA,NA,NA
-1.27914012290609,0,-1.78358620945448,0,1,0,-2.25452243053691,0,1,0,-1.4425347986341,0,1,0,-1.9255889853435,0,1,0
0.960755490376344,0,1.05583064054987,1,1,1,2.38740911283382,1,1,1,2.31440777533849,1,0,NA,NA,NA,NA,NA
-0.245641935333867,1,0.998901023230812,1,1,1,1.7449542236621,1,0,NA,NA,NA,NA,NA,NA,NA,NA,NA
-0.130008455896796,0,1.75766649184386,1,1,1,1.06673646186953,1,1,1,1.99098866115574,0,0,NA,NA,NA,NA,NA
1.78330681833913,1,0.599801467162216,0,1,1,-0.259028954368481,0,1,0,-0.118408596319586,0,1,1,2.32184273125028,0,0,NA
-0.579026452784536,0,-2.00709502022504,0,1,0,-2.51700720244937,0,1,0,-2.67996404188388,0,1,0,-3.66382574184849,0,1,0
2.02279460124328,1,2.33923161841147,1,1,1,3.60877903349671,1,1,1,3.82293841137048,1,1,1,6.35093330900469,1,0,NA
-1.40944081364363,1,0.671930078450206,0,0,NA,NA,NA,NA,NA,NA,NA,NA,NA,NA,NA,NA,NA
1.31783561304849,1,1.00089784983217,1,1,1,2.54349194340622,1,1,1,2.76221224419939,1,0,NA,NA,NA,NA,NA
0.323121002574827,1,1.10889708982885,1,1,1,1.62069900267048,1,1,0,2.49478780980448,1,0,NA,NA,NA,NA,NA
-0.388600519991625,1,-0.978784656896297,0,1,0,-0.704784333886587,1,1,0,0.0300490233940364,1,1,0,-1.14225503643786,0,1,1
-0.172836903387074,1,-1.2469956090198,0,1,0,0.303053162737438,0,1,1,-0.591061682390872,1,1,0,0.833432247345559,0,1,0
1.33897466777892,1,-1.18981956838586,1,1,0,-0.36192783679468,0,1,0,-0.150584290947593,0,1,0,0.0610215076330154,1,1,1
1.70380587237689,1,2.15901168306845,1,1,1,3.44525587102498,1,1,1,3.27307248942703,1,0,NA,NA,NA,NA,NA
-1.67846782105134,0,0.167827409136246,0,1,0,-1.5158620742083,0,1,0,-0.299909705719234,0,1,0,-0.905218847730294,0,1,0
3.42109460835705,0,1.5662499726939,1,1,0,2.52755067692976,1,1,1,3.91029187771383,1,1,1,6.06292270534589,1,0,NA
2.57794265437777,0,1.19009092677276,1,1,1,0.0379938596109641,1,1,1,1.79021739373652,1,0,NA,NA,NA,NA,NA
-0.52532183465562,0,-0.80933576748837,0,1,0,-2.22909256553633,1,1,0,-0.626756991243285,0,1,0,-0.771760140773272,1,1,0
-0.0643819052069338,0,0.588370761167732,1,1,0,-0.00870710654602169,1,1,0,2.17648068622902,1,1,1,3.02918518085401,1,1,1
-0.663547355536672,1,2.29863710713748,1,1,1,1.19438762794091,1,1,0,2.52701322952459,1,1,1,2.46876004654619,1,0,NA
-0.0930010885901879,1,1.67604767709732,0,1,0,0.86793516533754,1,1,1,3.3904977534244,1,0,NA,NA,NA,NA,NA
0.739859438245835,1,2.35264073446204,1,0,NA,NA,NA,NA,NA,NA,NA,NA,NA,NA,NA,NA,NA
0.103362814930562,1,0.403403234837368,0,1,1,0.565684942169574,1,0,NA,NA,NA,NA,NA,NA,NA,NA,NA
0.192006998204335,1,2.21417919999471,1,1,1,1.72247612309633,1,1,1,4.54707989886764,1,0,NA,NA,NA,NA,NA
1.47880760269639,1,-0.421908950270587,1,1,1,3.08515307090176,1,1,1,3.6027124099072,1,0,NA,NA,NA,NA,NA
-2.20386847858085,0,-2.17029552874887,0,1,0,-2.50017901088444,0,1,1,-4.5549579735169,0,1,0,-2.76448642753184,0,1,0
-0.491443047401821,0,-0.687324268950344,0,1,0,-1.7177486735068,0,1,0,-1.00206601867249,0,1,0,-1.28650096316144,0,1,0
0.144417271262889,1,0.84889404003398,1,1,1,1.46443799795405,1,1,1,2.44945511800921,1,0,NA,NA,NA,NA,NA
-0.783100637317684,0,1.07007790539445,1,1,1,3.09305030998268,0,1,0,1.69255222277766,1,1,1,3.522362486961,1,0,NA
1.06096624028704,1,0.331319787469462,1,1,0,-1.47833602937279,0,1,0,-2.1685463640845,1,0,NA,NA,NA,NA,NA
-0.445505642122027,0,0.643208403934909,1,0,NA,NA,NA,NA,NA,NA,NA,NA,NA,NA,NA,NA,NA
-0.429180153772765,0,1.14506549327229,1,1,1,1.34135452325285,1,1,1,3.44466427250743,1,0,NA,NA,NA,NA,NA
1.18901180052985,1,0.514875811867308,1,1,1,1.77386883033871,1,0,NA,NA,NA,NA,NA,NA,NA,NA,NA
0.834294073061504,1,-1.1904632777084,1,1,0,1.9066045070686,1,1,0,4.08484491563533,1,1,1,2.08716302159326,1,0,NA
-0.150307477864079,1,0.941448305024279,1,1,1,0.896284349760545,1,1,1,0.824533526073346,1,1,0,2.9527514748772,1,1,1
-0.327757132786462,0,-1.98169436181969,0,1,0,-0.612516585177162,0,1,0,0.0309962060200046,0,1,0,-1.38520463767035,0,1,0
-1.44816529018399,0,-0.944374113699581,1,1,0,-2.14154922630107,1,1,0,-1.10681288090104,0,1,0,-3.14685528525931,0,1,0
-0.697284584551622,0,-1.65097200024018,0,1,0,-1.60401358071786,0,1,0,-2.14407111378913,0,1,0,-2.16625194283653,1,1,0
2.59849023212988,0,0.802059027914571,1,1,1,3.80704860537733,1,1,1,5.93574844491725,1,1,1,7.54466903254598,1,0,NA
-0.0374150136340493,1,0.490055994455483,1,1,0,0.1274145338483,0,0,NA,NA,NA,NA,NA,NA,NA,NA,NA
0.91349189044332,0,0.996780250478417,1,1,0,0.306189250531547,1,1,1,0.834718658850295,0,1,0,2.09610699720429,0,1,1
-0.184526498264729,0,0.404969789450982,1,1,0,0.766716212147878,1,1,0,-0.123978446090045,0,0,NA,NA,NA,NA,NA
0.609824296161446,1,2.74861010231815,0,1,0,3.48133273706171,1,1,1,2.10068424353496,1,0,NA,NA,NA,NA,NA
-0.0527268089879745,0,1.59055674419826,0,1,0,0.166615133580201,1,1,0,3.74790424505468,1,1,1,1.85679097927321,1,1,1
1.36392195568146,0,-0.380073290473382,1,0,NA,NA,NA,NA,NA,NA,NA,NA,NA,NA,NA,NA,NA
-0.503633417134383,0,0.749821735197616,0,1,0,-1.03618709848121,1,0,NA,NA,NA,NA,NA,NA,NA,NA,NA
-1.7090601686817,1,-0.862363438757049,0,0,NA,NA,NA,NA,NA,NA,NA,NA,NA,NA,NA,NA,NA
0.898549683127699,1,0.80176778609212,1,1,0,0.623427800126392,1,1,0,1.25612615004734,1,1,1,1.82637316289898,1,1,1
-0.237734026494317,0,-0.100599667902585,0,1,0,-1.19461944718849,0,1,0,-2.21115500500217,0,1,0,-2.17857575780609,0,1,0
1.46340758053025,1,0.544384794296219,1,1,0,0.692255834486186,1,1,0,3.50859230048551,1,0,NA,NA,NA,NA,NA
0.124378266479307,0,-0.178282717483556,0,1,0,-2.95729150890862,0,1,0,-2.12571305072637,0,1,0,-0.250570042144183,0,1,0
1.45374084383311,0,0.804632238596527,1,1,1,0.238928186794049,1,1,0,2.97737288675531,0,0,NA,NA,NA,NA,NA
0.350226959507424,0,0.819661061464595,1,1,1,-0.298659987009035,1,1,0,-0.210482459911898,0,1,1,-0.37933269590349,1,1,0
-0.349025479659772,1,-0.536489754117075,1,1,1,0.100398987175718,1,0,NA,NA,NA,NA,NA,NA,NA,NA,NA
0.725598607819829,0,0.891763477627387,0,1,0,-0.680842636142658,0,1,0,0.926990206538045,1,1,1,2.04725329212723,1,1,1
-0.45923842962147,0,0.605218887817176,1,1,1,1.08558711489068,1,1,0,1.12157331583413,1,1,1,2.90816229056662,1,0,NA
1.68475923125394,1,1.16452383231875,1,1,1,1.48677275663925,1,0,NA,NA,NA,NA,NA,NA,NA,NA,NA
0.146584016803509,1,1.07089309903342,0,1,1,0.963358709015322,1,1,0,0.617883378816463,1,1,1,1.63106726824787,1,0,NA
-2.02985709292959,0,-0.798593199624208,0,1,1,0.103792031692895,0,1,0,-0.706204790390778,0,1,0,-1.14682629243656,0,1,1
-0.472170080106029,0,-0.076032221976089,1,1,0,-0.1177220098963,0,1,0,-0.212323314005785,0,1,0,0.242791424434089,1,1,0
-1.63237192678704,1,1.27134347076589,0,0,NA,NA,NA,NA,NA,NA,NA,NA,NA,NA,NA,NA,NA
-2.1783553060946,0,-3.17603979325405,0,1,0,-2.41672619345322,0,1,1,-0.86664265594528,0,1,0,-1.66355067114369,0,1,0
0.0592086510876087,1,-0.388121975809307,1,1,0,2.41283840392229,0,1,1,3.3038676854036,1,1,1,3.51639770284235,1,0,NA
0.647860636697636,1,1.32130219158202,1,0,NA,NA,NA,NA,NA,NA,NA,NA,NA,NA,NA,NA,NA
-0.761426888665313,0,-0.905091972559359,1,0,NA,NA,NA,NA,NA,NA,NA,NA,NA,NA,NA,NA,NA
-1.32884232612394,1,-0.98458931948444,0,1,0,-0.230913590713384,0,1,0,-1.53639022082864,0,1,0,-3.63945404489149,0,1,0
-0.602030747228367,1,-0.591599574156833,0,1,0,-0.68357712310129,0,1,1,-0.382081115501339,0,1,0,-0.360046180123817,0,1,1
-1.55052527235048,0,0.254318079742113,0,1,1,0.0685690229251808,0,1,1,-1.16524562851288,0,1,0,-0.38530591115763,1,1,0
0.703001795150071,1,0.994966008333462,1,1,1,1.14190337729325,1,0,NA,NA,NA,NA,NA,NA,NA,NA,NA
0.574503005108308,1,-0.689206603087659,1,1,0,0.197186114837283,0,1,0,1.21339448850513,1,1,1,1.85864399734483,1,0,NA
-1.59529150956621,1,0.000653891444201138,0,1,1,0.0124816546207475,1,0,NA,NA,NA,NA,NA,NA,NA,NA,NA
-0.624068861570706,1,0.232910685794381,1,1,1,-0.372163812803491,1,1,1,1.14078324963979,1,1,1,2.06665892003767,1,0,NA
1.04721605508961,1,0.656249200021855,1,1,1,2.73763641084675,1,1,1,2.7810968666267,1,0,NA,NA,NA,NA,NA
-0.168059235328074,0,0.170353238632746,1,1,0,0.291347759554972,1,1,0,-0.66130627714658,1,1,0,0.922324138399211,0,1,1
0.00951589246488359,1,0.346204980726637,1,1,0,1.86002023724194,0,1,1,0.250846651722365,1,1,1,1.75585865984197,1,0,NA
0.417240223978003,1,1.7341993371613,1,1,0,3.1284166081213,1,1,1,4.07858269832166,1,1,1,4.68416881225721,1,0,NA
0.626834196680769,1,-1.30440930583795,0,1,0,0.0357837138754289,0,1,0,0.463856081160814,1,1,1,1.66874523509347,1,1,0
1.20624313870859,1,0.290506163623265,1,1,0,0.679163296174824,0,1,1,0.615417702851551,1,0,NA,NA,NA,NA,NA
0.772565368613624,0,-1.73286891238523,0,1,0,-1.10553200940511,0,1,0,-1.53355794238322,1,1,0,-0.185504664229158,0,1,0
-1.37756706406485,1,-0.647538355803925,0,0,NA,NA,NA,NA,NA,NA,NA,NA,NA,NA,NA,NA,NA
-0.362426925315183,1,0.266180030382312,1,0,NA,NA,NA,NA,NA,NA,NA,NA,NA,NA,NA,NA,NA
0.302298495796781,1,0.680472344445132,1,1,1,1.69434669304173,1,1,1,0.742107544012194,0,1,1,2.50246186947642,1,1,1
-0.109079876118132,0,0.835478614371322,1,1,0,1.52271659107921,1,1,1,1.52608715651412,1,1,1,3.211367823059,1,1,1
-2.17916528120393,0,-1.71042179603586,0,1,0,-1.869441786989,0,1,0,-1.66567412805532,0,1,0,-3.93080545441777,0,1,0
-0.758114724994385,1,0.735664413337149,0,0,NA,NA,NA,NA,NA,NA,NA,NA,NA,NA,NA,NA,NA
1.01455115132308,1,1.30786660493746,1,1,0,1.13538209113689,1,0,NA,NA,NA,NA,NA,NA,NA,NA,NA
0.158047162065185,0,1.865926743901,1,0,NA,NA,NA,NA,NA,NA,NA,NA,NA,NA,NA,NA,NA
-1.47256043761472,0,-0.717385302846024,1,0,NA,NA,NA,NA,NA,NA,NA,NA,NA,NA,NA,NA,NA
0.215926206229537,0,-0.583642976124936,1,1,0,-0.682898461968068,0,1,1,1.21377770856868,0,1,0,1.70927821979638,1,1,1
-0.158707473207847,0,-1.99941114843474,0,1,0,-1.89658414007316,0,1,0,-1.66286028752922,0,1,0,-2.76179907430866,0,1,0
0.671853873401115,1,0.535665871724037,0,1,0,1.23982314951694,1,1,0,1.07033025601161,1,0,NA,NA,NA,NA,NA
2.10655860175097,1,1.41773549081428,1,1,1,4.09571102722532,1,1,1,4.66420821687946,1,0,NA,NA,NA,NA,NA
-1.51590013106286,0,-0.239296459231374,0,1,1,-2.12673297797604,0,0,NA,NA,NA,NA,NA,NA,NA,NA,NA
-0.505063521990801,0,0.162796009160439,1,1,1,0.59417488277813,1,1,0,0.676615088589236,1,1,1,1.72644195076853,1,1,1
-0.138762940342402,0,-1.9950522752857,0,1,1,-2.01231598421212,0,1,0,-0.675673181305824,0,1,0,-1.16713871124378,0,1,0
-2.13620500038377,0,-1.24682908299168,0,0,NA,NA,NA,NA,NA,NA,NA,NA,NA,NA,NA,NA,NA
-0.031219995960159,0,1.0378800213089,0,1,0,1.46892317230647,1,1,1,2.72947653114962,1,1,0,3.15290299550134,1,0,NA
-0.593169037912431,0,0.364527605178245,1,1,1,0.740054494495054,0,0,NA,NA,NA,NA,NA,NA,NA,NA,NA
2.23560276857964,1,1.6306193873641,1,1,1,3.16387114893407,1,1,1,3.416224086438,1,1,1,4.33620347235438,1,0,NA
-2.91797621388336,0,-1.12738840096383,0,1,0,-0.500120335047816,0,1,0,-0.228779932416643,0,1,0,-1.25158625405168,1,1,0
1.48822116820748,1,0.898740252761911,1,1,1,3.08955709191522,1,1,1,3.06300818102172,1,1,1,3.55665278793839,1,0,NA
1.00802466769112,0,2.37543589481587,1,1,1,4.05015692606643,1,1,1,3.73741259889161,1,0,NA,NA,NA,NA,NA
0.735091629620298,0,1.12729413604737,1,1,0,-0.120783081317531,1,1,0,0.864381356310887,1,0,NA,NA,NA,NA,NA
0.146811992724805,0,-0.0520168936179857,0,1,0,-1.229947262314,1,1,1,-0.348281770766976,0,0,NA,NA,NA,NA,NA
-0.710800295204202,0,-0.798262305865132,0,1,0,-1.13037107337668,0,1,0,-0.653110430489987,0,1,0,-0.830999036631626,1,1,0
1.10563140078162,0,1.41190334412382,1,1,0,0.439355165319967,0,1,0,1.45890102792303,1,1,1,2.94243182298972,1,0,NA
-0.885747065035595,1,-0.459837573338442,0,1,1,-1.20157990902912,0,1,0,-1.37049755306144,0,0,NA,NA,NA,NA,NA
0.694761817861876,0,-0.548177977743878,0,1,1,0.6313954595445,1,1,1,2.0095986820631,1,0,NA,NA,NA,NA,NA
0.402639185314637,0,0.578010181834214,1,1,1,0.891083444499706,0,1,1,1.72268388280168,1,1,0,2.53109985674152,0,0,NA
1.07623819643517,1,2.26746325941548,1,1,1,2.71011116943821,1,1,0,4.05142788657731,1,1,1,6.25341513480075,1,0,NA
-0.596546431488492,0,-0.479859398898427,1,1,0,-0.217730492735431,1,1,1,1.52741520213281,0,1,1,3.5321168665719,1,0,NA
-0.580987627977025,1,-0.479574242669928,0,1,0,-0.721891990354539,0,1,0,1.36873623400398,0,1,0,1.47458861580692,1,1,1
0.302076563812211,0,-0.917923032843282,0,1,0,0.339671227019039,0,1,0,-0.455603808163644,0,1,0,0.822579754633366,1,1,0
0.305685155514337,1,0.109641621682213,0,1,0,-0.43124878488312,1,1,0,-0.554382449144685,0,1,0,1.64787157247638,1,1,1
1.37399835400225,1,1.7232755711272,1,0,NA,NA,NA,NA,NA,NA,NA,NA,NA,NA,NA,NA,NA
0.485399428386068,1,2.28760690777213,1,1,1,3.65883748433278,1,0,NA,NA,NA,NA,NA,NA,NA,NA,NA
0.144840039347648,1,0.967113063484599,0,1,1,0.180341720265403,0,1,1,1.53784477940842,1,1,1,4.36352089923543,1,1,1
0.842619843915447,0,1.77573822717714,1,1,1,0.7825436764834,0,1,1,3.23467523754006,0,1,1,3.49486540447518,1,0,NA
-0.543607815762762,1,-0.553897429076192,1,1,1,0.624871274347922,1,1,1,2.68357969844884,1,1,1,2.34170250870132,1,0,NA
1.0929718962791,1,1.10892356211897,1,1,1,2.79891664773988,1,1,1,4.13166689852091,1,1,1,6.9101073629918,1,0,NA
-1.02254160386159,0,1.87122376891011,0,1,1,-0.0013496164652238,0,1,0,2.01698089096687,0,1,1,2.58603216282813,0,1,1
0.338147371372873,1,-0.225596859033937,0,1,0,0.0953236861655954,0,1,0,0.238654172886666,1,1,1,-0.639167081616555,0,1,0
-1.70684576361273,0,-1.13993435615575,0,1,0,-1.23875942733025,0,1,1,-1.19122556021207,0,1,0,-1.85407749490477,0,1,0
0.246449258206672,1,1.28810805385484,1,1,1,1.6180879942466,1,0,NA,NA,NA,NA,NA,NA,NA,NA,NA
-1.56796313114203,0,-0.531082522732594,1,1,0,-2.08696765057806,0,1,0,-2.58893930694725,0,1,0,-2.18642238385227,0,1,0
-0.231484944965333,0,-1.30920280006837,0,1,0,-0.947992003480248,0,1,0,-1.35062225710539,0,1,0,-1.89005096513294,0,1,0
-1.75745545006646,0,-2.03409681380483,0,1,0,-1.27298168152415,0,1,0,-2.01550148456732,1,1,0,-1.51415550167813,0,1,0
-0.639619829898748,0,-1.03191265820703,0,1,0,1.19338527632085,0,1,0,-0.370669334390232,1,1,0,-1.04185399917735,1,1,0
-0.776166909934286,0,-0.604943421927425,0,1,0,-0.197772144345493,0,1,0,-0.810043590875613,0,0,NA,NA,NA,NA,NA
0.554774652987968,1,-0.560852178899862,0,1,0,0.0140433275855992,0,1,1,-0.611685542928308,0,1,0,-0.204167387333793,0,1,0
-0.582122130085705,0,0.192593678822235,0,1,0,1.3917702899501,0,1,0,0.898927216996528,1,1,0,2.56455842236437,0,1,1
-0.768595101872549,0,0.546493426014299,0,1,0,1.21722517916536,1,1,0,1.62117424797036,0,1,0,1.21208179475203,1,1,0
1.22151568781476,1,1.74800221357332,1,1,1,2.61692891300053,1,0,NA,NA,NA,NA,NA,NA,NA,NA,NA
1.66917040967207,1,0.958083843649406,1,1,1,2.54349708809827,1,0,NA,NA,NA,NA,NA,NA,NA,NA,NA
1.09348038421025,1,-1.08022987537939,0,0,NA,NA,NA,NA,NA,NA,NA,NA,NA,NA,NA,NA,NA
-1.49124250514145,0,0.337595483765845,1,1,1,-0.0537382046432968,0,1,0,1.37252731998474,0,1,1,1.66758869000427,0,1,1
1.27665308259526,0,1.79717233876176,1,1,1,2.42355994817353,1,1,1,4.60926472640021,1,1,1,5.2551590217461,1,0,NA
-1.2285375707397,0,-0.945184181874046,1,1,0,1.70633179650086,1,1,0,1.40882340860392,1,1,1,2.55831127243847,1,0,NA
-0.0719510219818068,0,1.75714603243897,1,1,1,1.01103663713639,1,1,1,2.88926428093272,1,1,1,5.35398099746834,1,0,NA
0.734458203312735,1,0.829664892700014,0,1,1,0.094112369118899,1,1,0,2.00699515408986,1,1,1,1.75914995262104,1,0,NA
-0.213887080390025,0,0.452803227798331,0,1,0,0.822691183593958,0,1,0,0.892221680110621,0,1,1,1.08010253298692,1,1,0
-0.150392803617815,1,-0.0202547144652142,1,1,0,0.675939647518407,1,0,NA,NA,NA,NA,NA,NA,NA,NA,NA
0.125382426230553,0,1.3621583643358,1,1,0,1.56574196553462,0,1,0,1.96843164665601,1,1,0,2.850213645441,1,1,1
0.427858022106523,1,-0.163409785124317,0,1,0,0.109612296393202,0,1,0,1.66052831026105,1,1,1,2.90007332453051,1,0,NA
0.411350679073257,0,1.4608579877559,1,0,NA,NA,NA,NA,NA,NA,NA,NA,NA,NA,NA,NA,NA
-1.72636125386664,1,-1.22821810960936,1,1,1,-0.0437765714556374,0,1,0,-0.499752602796408,0,1,0,-0.542459441637294,1,1,0
-0.175648234059894,0,0.516131058765844,0,0,NA,NA,NA,NA,NA,NA,NA,NA,NA,NA,NA,NA,NA
0.286838523204975,1,0.676932300796585,1,1,0,-0.0149496682129469,1,1,0,0.912699205571444,1,0,NA,NA,NA,NA,NA
0.590740011639347,1,0.140589867786042,1,1,0,2.04049662898218,1,0,NA,NA,NA,NA,NA,NA,NA,NA,NA
-0.31736028416263,0,-1.68602838294591,0,1,0,-1.17754538961195,0,1,0,-1.49524604113342,0,1,0,-1.31561851832765,0,1,0
-0.702651640434172,1,-1.58636214538143,1,0,NA,NA,NA,NA,NA,NA,NA,NA,NA,NA,NA,NA,NA
-1.36758780159598,0,-0.949916591034587,1,1,1,0.278048688526192,0,0,NA,NA,NA,NA,NA,NA,NA,NA,NA
-0.728807248919832,0,-0.988436753847411,0,1,1,-0.653478668823694,0,1,0,-0.768395948716513,1,1,0,-1.90730376491867,0,1,0
-0.121524925642922,0,0.636687935192294,1,1,0,-0.998138130737662,0,1,1,0.855779039037936,0,1,1,0.378983920287306,0,1,1
-0.635206048873192,0,0.135756713394907,1,1,0,1.2286990403937,1,1,1,0.655004200153892,0,0,NA,NA,NA,NA,NA
0.594702688120578,1,0.0701337728079845,1,1,0,2.43179026135058,0,1,1,1.32758544433461,1,1,0,3.92879366476947,1,0,NA
0.367501230897759,1,-0.503906732088023,0,0,NA,NA,NA,NA,NA,NA,NA,NA,NA,NA,NA,NA,NA
-1.60873843468627,0,-0.56408894956132,1,1,0,-0.345884444988055,0,1,0,-0.391995817345269,0,1,0,-1.92147197656901,0,1,0
0.317331844798329,1,0.256599164990154,0,1,1,-0.252250608219813,0,1,1,-0.681425614918901,0,1,0,0.250297579352904,0,1,0
0.541704658217943,0,1.22236687381142,1,1,1,1.30852321047086,1,1,0,3.17207305748391,1,1,1,4.47302567467041,1,0,NA
-0.261326989914513,0,0.577227265778,0,1,0,-0.269087742438694,0,1,0,0.273956496271023,0,0,NA,NA,NA,NA,NA
-0.0264957619663642,1,0.886741936383228,0,1,1,2.57830295793175,0,1,0,0.906516983766866,1,1,1,2.88261277475754,1,0,NA
-0.432238306953734,1,0.313108561850506,1,1,1,1.52883997969839,0,1,1,1.81854381223758,1,0,NA,NA,NA,NA,NA
-0.293386742786612,1,1.50603099939796,1,1,0,2.14764368210851,1,0,NA,NA,NA,NA,NA,NA,NA,NA,NA
-1.00704012536731,0,0.774638935286879,0,1,1,0.559643403244704,1,1,0,-1.3874930213154,1,1,0,-0.724058951262352,0,1,0
0.425207599639901,1,0.648476946331257,1,0,NA,NA,NA,NA,NA,NA,NA,NA,NA,NA,NA,NA,NA
-1.22481659233549,0,-0.646379513073952,0,1,0,1.6894158070322,0,0,NA,NA,NA,NA,NA,NA,NA,NA,NA
-0.590464655327117,0,-0.0634114868151784,1,1,1,0.119925394477586,0,1,1,0.339664232017116,1,1,0,1.19045220435361,0,1,1
-0.91363806913849,0,-1.82065266639794,0,1,0,-0.29608349042667,0,1,0,-0.469203446022078,0,1,0,-0.765075306350457,0,1,0
-0.870917714356669,0,0.137490034309367,0,1,0,-0.727713005688186,0,1,1,-1.14135129659108,0,1,0,-0.388289565935871,0,1,0
-0.368555639793572,0,-0.873775301015804,0,1,0,-0.651899864116482,0,1,0,-1.57189038467721,0,1,0,-0.808304780630512,0,1,0
-0.485252516092759,1,0.121071000506866,0,1,0,0.66157076736575,0,1,1,0.593723609211294,1,1,1,2.26462923735574,1,1,1
-0.699961879182035,1,0.257624003236647,0,1,0,-1.03394888454115,1,1,0,-1.05775003198903,0,1,0,-0.820421926957158,0,1,0
-0.253433896782625,1,0.431063591135266,0,1,0,0.0924063135737162,0,0,NA,NA,NA,NA,NA,NA,NA,NA,NA
-1.58489760807918,0,-0.837551136216427,0,1,0,-0.909625411755235,0,1,0,-0.967411848369995,0,1,0,-2.5861703975083,0,1,0
0.111038367521325,1,-0.201948205917866,0,1,0,-0.340362188830534,0,1,0,0.516129664577537,1,1,1,0.275425986568234,1,1,1
0.631846158956852,0,-1.84428855478072,0,1,0,-0.474035047650823,1,1,0,0.598229359923013,1,1,0,0.744059668574087,0,1,0
-1.28309869203391,0,0.445860905351785,0,1,1,0.491409037513063,0,1,1,-1.41379173119108,1,1,1,-0.559661589516973,0,0,NA
-1.41310062159301,0,0.0421757559869756,0,1,0,-0.562618241047126,0,1,0,-0.61574215233312,0,1,0,-0.282888173288879,0,1,1
2.23199711011046,1,3.90726366701398,1,1,1,4.47911532129873,1,1,1,5.71349464678684,1,0,NA,NA,NA,NA,NA
0.239507240812717,1,0.16163092823335,0,1,0,0.549138404422354,1,1,0,2.17295968035829,1,1,0,2.82587975198902,1,1,1
0.0531929269048023,1,0.808018059531509,0,1,1,0.879304003340134,1,1,1,0.779001883870996,1,1,1,3.48000544106171,1,0,NA
-0.198507455577018,0,-0.426441163755694,1,1,1,0.214153454866817,1,1,1,0.497329164871715,0,1,0,-0.177955238630752,0,1,1
0.492647761120744,1,0.250703274330922,1,1,1,1.2361848926721,0,1,1,-0.345010846292489,1,1,0,0.397136358414917,0,0,NA
0.037241061093232,0,-0.0679916256251728,1,0,NA,NA,NA,NA,NA,NA,NA,NA,NA,NA,NA,NA,NA
-0.545911952356732,1,0.888904384921217,0,1,0,2.18719683094335,1,1,0,2.27984874804702,1,1,0,1.55411629819299,0,1,1
-0.432476067022042,0,-0.728772830241728,1,1,0,-1.027618335528,0,1,0,-1.48004006572231,0,1,1,-2.25300340300874,0,1,0
-0.344484706333552,1,0.469800696069771,1,1,0,0.938449090146926,0,1,1,2.60410889666233,0,0,NA,NA,NA,NA,NA
-0.319669395772421,0,0.629219374867989,1,1,1,0.951228477043655,1,1,0,4.02192739753076,1,0,NA,NA,NA,NA,NA
-0.751698873596972,1,1.13812606543983,0,1,0,2.52311398852034,1,1,1,2.74092448813526,1,0,NA,NA,NA,NA,NA
1.07410152344092,1,-0.659709823389211,0,1,0,-0.0154000260723282,1,1,1,0.96149156567327,1,1,1,3.20122297073899,1,0,NA
0.0938221556594885,0,2.11194446244875,1,1,0,2.48265659614918,1,0,NA,NA,NA,NA,NA,NA,NA,NA,NA
-0.773066829488245,0,-2.7185752910653,0,1,0,-4.27568804599545,0,1,0,-2.34019099073334,0,1,0,-3.44737573775839,0,1,0
0.591248734948418,1,1.15382435724927,0,0,NA,NA,NA,NA,NA,NA,NA,NA,NA,NA,NA,NA,NA
0.350228478678131,0,0.527575571504538,1,1,0,0.45744947983164,1,1,1,1.08674621032411,1,1,1,2.98987750400981,1,1,0
-0.137579581182907,1,0.826325490935464,0,0,NA,NA,NA,NA,NA,NA,NA,NA,NA,NA,NA,NA,NA
0.400881867040071,1,-0.781032420116928,0,1,0,-2.46928582847732,0,1,0,-1.82561113450654,0,1,0,-0.802399890155682,0,1,1
-0.906378995284437,0,0.735610031021559,0,1,1,1.29977834938504,0,1,0,1.04338422706525,1,1,1,3.03592254608162,1,0,NA
-0.198840252562068,1,0.776157313197521,1,1,1,3.43216992775568,1,0,NA,NA,NA,NA,NA,NA,NA,NA,NA
-0.999154704327225,0,-1.16672996875419,1,1,0,-2.57454424738702,0,1,0,-2.81568186558055,0,1,0,-4.11625149240043,0,1,0
-1.1838104344236,1,-1.62314335362889,0,1,0,-1.44427077313366,0,1,1,-2.21321889493762,1,1,0,-3.13077763716349,0,1,0
-0.331398650181689,0,-0.619274749213619,0,1,0,-1.10329316372013,0,1,0,0.708638612188518,0,1,0,0.144618273884518,0,1,0
0.168024801248484,0,0.267474250729678,1,1,0,1.03090157701246,1,1,0,1.43770310341168,0,0,NA,NA,NA,NA,NA
-0.913005530683512,0,0.73293053831666,1,1,0,-0.790747620547871,1,1,0,0.0417437505107363,0,1,1,-0.219959855047491,1,1,0
-0.17505812828446,1,-1.12775308502274,0,1,0,0.305268162767449,0,1,0,0.435138283517509,1,1,0,2.02584132389825,1,1,0
-1.83044612088624,0,-0.253878537460249,0,1,0,-0.142347429842926,1,1,0,1.56432269497381,0,1,0,1.01391079326384,0,0,NA
-0.446737251934726,1,0.144431676361986,1,1,0,1.10251168388915,0,1,1,1.99000837980955,0,1,1,1.66590985451388,1,1,0
1.17066727472609,0,0.0239180516834279,1,1,0,0.444033414811199,1,1,1,0.991746119397123,0,1,0,0.9570583169141,1,0,NA
-1.15141589767973,0,-0.822282921519592,0,1,0,-1.08873656202288,0,1,0,-0.842272587514781,0,1,0,-0.467916457253282,0,1,0
-1.19293202004669,1,-0.0733349569859942,0,1,1,0.118166372533502,1,1,0,0.684939713632408,1,1,1,1.03502735669433,0,1,0
-0.21986145850709,0,1.63424728369783,0,1,0,-0.284096152161243,0,1,0,0.318125215245963,0,1,0,0.190113066938156,1,1,1
0.534670732983126,1,1.17918863661564,0,1,1,1.27754278271716,1,1,1,2.38425305029439,0,1,1,2.53550670508568,1,0,NA
1.23610916552029,1,0.22508130352154,1,1,1,1.21370163745936,1,1,1,2.81095255594405,1,1,1,4.06456308898671,1,0,NA
2.65374072860382,1,3.16762755206096,1,1,1,3.8125537413651,1,0,NA,NA,NA,NA,NA,NA,NA,NA,NA
0.800893238074751,1,0.723229877366637,1,0,NA,NA,NA,NA,NA,NA,NA,NA,NA,NA,NA,NA,NA
0.671453526553663,1,-0.680670663652817,1,1,0,1.97321894362911,1,1,0,0.0491274748220529,1,1,1,2.488828027744,1,1,1
2.02792411706594,1,2.37867401819816,1,0,NA,NA,NA,NA,NA,NA,NA,NA,NA,NA,NA,NA,NA
-0.300924303869464,0,0.474423244057406,0,1,1,2.2462305585597,1,1,1,2.95797998671016,1,0,NA,NA,NA,NA,NA
-0.213349405510672,0,1.44314769470869,0,1,0,2.01420059578921,1,0,NA,NA,NA,NA,NA,NA,NA,NA,NA
0.253270149612449,1,0.283391598289868,1,0,NA,NA,NA,NA,NA,NA,NA,NA,NA,NA,NA,NA,NA
-1.42008804484053,0,-0.803878254586362,1,1,0,-2.36967661768135,0,1,0,-1.44519554919889,0,1,0,-1.07943910289356,0,1,0
-1.83543665542799,0,-2.61693837868461,0,1,0,-2.55243625890039,0,1,0,-4.32129767668153,0,1,0,-4.05365303967137,0,1,0
1.80678937403827,1,1.84262453085836,1,1,1,1.90367539813276,1,1,1,3.44320920784676,1,0,NA,NA,NA,NA,NA
-0.574995742510381,1,-0.165013252195337,1,1,1,1.61072634204621,1,1,1,3.09234227324156,1,0,NA,NA,NA,NA,NA
-0.457880856793051,0,-1.29914725624433,0,1,0,-2.64952664634746,0,1,0,-1.63241436311538,0,1,0,-0.339692122647489,1,1,0
-0.992955765989436,0,-0.864957438336885,0,1,0,-1.60732037466071,0,1,0,-1.16385866213882,0,1,0,-1.94375045791977,0,1,0
0.144072596665995,1,-0.381475424576517,0,1,0,0.40727643737902,0,1,1,1.48522116121531,1,1,1,3.66899081713782,1,0,NA
0.591140522435689,1,-1.12793483776514,0,1,0,-1.11862984906279,0,0,NA,NA,NA,NA,NA,NA,NA,NA,NA
-0.228611237873408,0,-0.516997621704343,1,1,0,2.08717463001021,1,1,1,1.99998718063671,1,1,0,4.51341440575489,1,1,1
0.0147046935473733,0,-0.627844880508252,1,1,1,-0.868867422703825,1,1,0,-0.490645841673812,0,1,0,-1.71084782514237,0,1,0
0.951392914928735,1,2.14711127848045,1,1,1,2.64513861516699,1,1,1,4.79547970750383,1,0,NA,NA,NA,NA,NA
-0.0107680770137928,1,0.732504762529316,0,1,0,0.76353897689009,1,1,0,0.563075489695614,1,1,1,2.17455268952316,1,1,0
-0.561343472177005,1,-0.196405727449838,0,1,1,-1.61086997458408,0,1,0,-2.64036170400411,1,1,0,-0.342080647282516,1,1,1
-0.0606100814465088,0,0.758311645845089,1,1,0,0.750560329754287,1,1,1,0.719192766205789,0,1,0,-0.0546373668076767,1,1,1
-0.842326346047997,0,-0.310356564675663,1,1,1,0.463076876534618,0,1,0,2.83347304055206,0,1,0,3.99121342785475,1,1,1
0.101888083639531,1,-1.83014345927506,0,1,0,-1.56837685890266,1,1,0,-2.46355480484847,0,1,1,-0.295355232423778,0,1,0
-0.897925784148349,1,1.11689473740621,1,1,0,2.64079335958743,1,0,NA,NA,NA,NA,NA,NA,NA,NA,NA
1.39392544527667,1,3.05671349341921,1,1,1,3.3036679215652,1,0,NA,NA,NA,NA,NA,NA,NA,NA,NA
-2.48652390438096,0,-0.825291503543847,1,1,1,-2.01038371567599,0,1,0,-2.40967090842117,0,0,NA,NA,NA,NA,NA
0.401294135810678,0,-0.66687862442324,0,1,0,0.690353659190634,0,1,0,0.397812389412532,1,1,0,1.30692905958624,1,1,0
-0.488027222960909,1,0.893882064977105,1,0,NA,NA,NA,NA,NA,NA,NA,NA,NA,NA,NA,NA,NA
1.9871488081498,0,2.16785622741159,1,0,NA,NA,NA,NA,NA,NA,NA,NA,NA,NA,NA,NA,NA
-0.234463430687309,0,-1.15094354130707,0,1,0,-2.54951365183879,1,1,0,-1.00270734710579,0,1,0,-2.39934463316433,0,1,0
0.481837360399392,1,0.830864448521642,1,1,1,2.10407196918128,1,0,NA,NA,NA,NA,NA,NA,NA,NA,NA
0.386893969204339,0,0.667365482589986,1,1,0,1.63786857902452,1,1,1,2.97109654243555,1,1,1,4.06751399997083,1,0,NA
0.247672409336777,0,-2.53327495234843,0,1,0,-1.73978346530669,0,1,0,-0.368010920510615,0,1,0,-0.276007037425755,0,1,0
0.518119835350654,1,0.0642566275481136,1,1,0,0.733220131663963,1,1,0,0.470744610399068,1,1,0,0.680689636836648,0,0,NA
1.99741373388409,1,1.59908058134463,1,1,1,2.75544986902471,1,0,NA,NA,NA,NA,NA,NA,NA,NA,NA
0.927508823680672,1,0.468157223600229,0,1,0,-0.786347837561749,1,1,1,1.05059242270537,0,1,1,1.2778706020002,1,1,1
0.19642414887758,1,-1.31555347353946,1,1,0,0.659465166831836,1,1,0,3.50561030366263,1,1,1,2.80839638273866,1,1,1
1.79026621898744,1,1.55578712285845,1,1,1,1.49603530147851,1,1,0,2.44717647700096,1,1,1,3.62275962254684,1,0,NA
0.58319774918996,1,0.535591237504194,1,0,NA,NA,NA,NA,NA,NA,NA,NA,NA,NA,NA,NA,NA
0.650333599101656,0,2.56279564892371,1,1,1,3.11277324170607,1,0,NA,NA,NA,NA,NA,NA,NA,NA,NA
1.2450301486185,1,1.86196683162676,1,1,1,0.333433190684199,1,0,NA,NA,NA,NA,NA,NA,NA,NA,NA
0.161106626019968,1,3.2658099578204,1,1,1,2.13534606292134,1,1,0,4.40657461018086,1,0,NA,NA,NA,NA,NA
0.725490691457639,0,0.522234815577558,0,1,0,-0.217398569464482,0,1,0,1.43175952563886,1,1,1,1.87593189537222,1,1,1
-0.274480218132268,0,-0.706060922143969,0,1,0,-2.48364892340462,0,1,0,-1.03244463979964,0,1,0,-1.54641021765941,0,1,0
0.124836065396146,1,0.322881980145067,1,1,0,1.45482798861446,1,1,0,1.35296815138106,1,1,1,3.14260099509221,1,1,1
0.0396426273274589,1,0.83138839009211,0,1,1,0.130652700498822,1,1,1,1.27186171196601,1,0,NA,NA,NA,NA,NA
-0.63973303753229,1,0.526556312784826,0,1,0,0.0200992016513435,1,1,0,1.80451071984094,1,1,1,2.48961553356427,1,1,1
2.03465321892986,1,1.5803297597237,1,1,1,1.7984616371572,1,0,NA,NA,NA,NA,NA,NA,NA,NA,NA
-0.558897599388836,1,-0.721086550081321,0,1,0,0.653553091926324,0,1,0,-0.39399700539823,1,1,0,-0.1479712995842,1,1,0
-0.355779410672021,1,-1.02258766536752,0,0,NA,NA,NA,NA,NA,NA,NA,NA,NA,NA,NA,NA,NA
1.32441739035745,0,1.42764889838744,0,1,1,2.17163537713551,1,1,1,3.36554873455936,0,1,1,4.25032816079934,1,1,1
-0.0206222292289781,0,0.817249010227702,0,1,0,1.99670722655488,1,1,1,3.24696686723671,1,1,1,3.93637298422663,1,1,1
1.16812642718924,0,-1.35523641495573,1,1,0,2.00080279301311,1,1,1,0.807143897742538,0,1,0,1.36130645041348,0,1,1
-0.607357120914811,0,-1.26802545461131,0,1,0,-1.53872811629744,0,1,0,-0.834034800178505,0,1,0,-1.67777097263738,0,1,0
-0.0128416593054387,1,0.497528377159566,1,1,0,1.09388679506541,1,0,NA,NA,NA,NA,NA,NA,NA,NA,NA
-0.250936878426421,1,-0.0553519648138795,1,1,0,1.67087705709687,0,1,0,1.23270636683353,0,1,1,3.26801647505474,1,1,1
-0.969113640406662,1,-0.520538462923907,0,1,0,-1.11524771136481,0,0,NA,NA,NA,NA,NA,NA,NA,NA,NA
-0.30331195336701,0,1.10914048456639,1,1,0,0.946192200407625,1,0,NA,NA,NA,NA,NA,NA,NA,NA,NA
-0.655267139665184,1,1.98767959934051,0,1,0,2.95257735558329,1,0,NA,NA,NA,NA,NA,NA,NA,NA,NA
0.857447324947049,1,0.708026005165642,1,1,1,1.52934826181926,1,1,0,2.17736290362513,1,1,1,3.5106126400022,1,0,NA
-0.290983583023627,1,-0.576613194887389,1,1,1,-0.509088543038307,0,1,0,-0.15760993183608,0,1,0,0.541152720472958,1,1,0
-0.0827812044442989,1,0.442025817358232,0,1,0,-0.474547304141239,1,1,0,0.0491044428093343,0,1,1,-1.03164077951793,0,1,0
-0.827844692804802,0,-0.592370346245737,1,1,1,0.604725075419714,1,1,0,-0.631849926153264,0,1,0,-1.01257026437189,0,1,0
0.215199005610929,1,0.560228893681903,1,0,NA,NA,NA,NA,NA,NA,NA,NA,NA,NA,NA,NA,NA
-1.61193635690363,0,-0.725883558944541,0,1,1,-3.1441256364376,0,1,0,-2.98894346415211,0,1,0,-3.01004285002221,0,1,0
-2.94987178428323,0,-2.50860853182853,0,1,0,-1.27985183613516,0,1,0,-1.25336022337711,0,1,0,-3.84242309642184,0,1,0
1.88010634326583,1,1.23294006361609,1,0,NA,NA,NA,NA,NA,NA,NA,NA,NA,NA,NA,NA,NA
0.757261697422699,1,-0.538287097366867,1,1,0,0.107857640368885,0,1,0,1.89383002057811,1,1,0,2.55478577205935,1,1,1
0.634728634060444,0,-0.183354067577859,1,0,NA,NA,NA,NA,NA,NA,NA,NA,NA,NA,NA,NA,NA
-2.23650826580299,0,-1.87426930660703,0,1,0,-0.082613440571933,0,1,0,-0.573909654206922,1,1,0,-1.96760197558909,0,1,0
0.677129117027189,0,0.975732409992337,0,1,0,0.370089675976786,1,1,0,2.50373937125227,1,1,1,1.36463154037962,1,0,NA
0.519814270578053,1,1.01828709318392,1,1,1,1.17072236185055,1,1,0,2.59467845561655,1,1,0,5.24950938278219,1,0,NA
-0.0776550413999491,0,0.455064394918401,0,1,0,-1.09326844167811,0,1,0,1.38363237713316,0,1,1,-0.844158556389698,0,1,0
0.825038762653747,1,2.08907383619319,1,1,1,1.76447405030146,1,1,1,3.78851830418082,1,1,1,5.337656691699,1,0,NA
1.1205690307062,1,2.32710592470616,1,0,NA,NA,NA,NA,NA,NA,NA,NA,NA,NA,NA,NA,NA
-0.122163599186946,0,0.173445566901083,1,1,1,0.975906265627716,0,1,1,0.482452060043523,1,0,NA,NA,NA,NA,NA
1.94533707765883,1,1.98630280554343,1,1,1,3.90691533646513,1,1,0,2.81943628537796,1,0,NA,NA,NA,NA,NA
0.988362699499805,1,0.225090825197837,1,1,1,1.69309828624543,0,1,1,1.72762421141813,1,0,NA,NA,NA,NA,NA
1.22438538128579,0,0.208790989846332,1,1,0,0.283750779001809,1,1,1,0.313060769537514,1,1,0,2.01222003693752,1,0,NA
-0.315117614832637,0,-0.5350610737147,0,1,0,-0.222408538972839,0,1,0,0.920081377151138,0,1,0,-0.209221503143048,0,1,0
-0.131122855661501,0,-0.67754394259604,0,1,0,-1.35264044507963,0,1,0,-1.51410385959502,0,1,0,-0.66641466250259,0,1,0
-0.922585422453901,0,-0.635195140904578,0,1,0,-1.34089586345117,1,0,NA,NA,NA,NA,NA,NA,NA,NA,NA
0.407369085480355,0,-1.03030653483071,0,1,0,0.0238091025286946,1,1,0,0.102593328907996,1,1,1,0.492975023529389,1,1,1
0.264011434380507,1,0.486896376228659,0,1,1,-0.659485076871472,0,1,0,-3.10084758999763,0,1,0,-2.03810771094521,0,1,0
0.0912835539416647,1,0.989458018604103,1,1,0,2.59792822384685,1,1,1,3.49603615788203,1,1,1,4.14034066801464,1,0,NA
-0.680687428865753,0,-1.02031492967075,1,1,0,1.25945315239588,1,1,1,0.258597313463041,1,1,0,0.449684571180601,0,1,0
-0.231969495130984,0,-1.91806214515154,0,1,0,-1.36286711923724,1,1,0,-1.1128576620301,0,1,0,-1.17821106668222,1,1,0
1.98511178276459,1,-2.05976975494258,1,1,0,-0.35036682323278,0,1,0,-1.49007921070818,1,1,1,-1.52233548764735,0,1,0
-0.929159357105225,0,2.2397316377993,1,1,1,1.23780345677756,1,1,0,2.04316250131075,1,1,1,3.55760226713864,1,1,1
-0.406090232626196,0,-1.03324304316668,0,1,0,-1.43511521867349,1,1,0,-1.87587404705114,1,1,0,-1.05658968346189,0,1,0
-1.40343255381246,0,-0.651900720301196,0,1,0,-0.500581816546013,0,1,0,-1.56069734190394,0,1,0,-2.28396831137721,0,1,0
-1.24072906757593,0,-0.202206662007117,0,1,0,-1.5963339603071,0,0,NA,NA,NA,NA,NA,NA,NA,NA,NA
-0.286765201435186,0,0.0162957698463725,1,1,1,-0.559147348426893,1,1,0,0.162623228949821,0,1,1,-0.489592135538781,1,1,0
-0.391287301787077,0,-0.801342625176986,1,1,0,-0.729448152685914,0,1,0,-1.15834012812274,0,1,0,-1.70930818350699,0,1,0
-0.616901564232573,1,-0.447993104770057,0,1,0,-0.168980162140335,0,1,1,0.756642523803459,0,1,0,0.664981354548095,1,1,0
-0.773844309532882,0,-1.29522487444883,1,1,0,-0.643360925145716,0,1,0,0.0816111807547443,0,1,0,-1.17838617729279,1,1,0
-0.196626923218971,1,-0.643135397202069,0,1,0,-1.95378945454225,1,1,0,-0.625287041970121,0,1,0,-1.64135396697391,1,1,0
1.13402054312043,0,-0.638704840366389,1,0,NA,NA,NA,NA,NA,NA,NA,NA,NA,NA,NA,NA,NA
-0.357801185526678,0,-0.644621042053508,0,1,0,-0.679812199004885,1,1,1,1.20496988850031,1,1,1,4.96312950676371,1,0,NA
-1.2832038636231,0,-0.0868724628064492,1,1,0,-1.06274924972071,1,1,0,0.715342954591927,0,1,1,1.12102918818827,1,1,1
-1.06905180450069,0,-0.847765594086172,0,1,0,-1.17779415179269,1,1,0,0.0561727482419645,1,1,1,-1.57859640211414,0,1,0
-2.00434764907113,0,-1.23115259163923,1,1,1,0.277108847368662,0,1,0,-2.50371321286355,0,1,0,-3.28692090223408,0,1,0
-1.71051632221807,0,-0.298438911945284,0,1,0,-1.57337946163999,0,1,0,-2.49792691444308,0,1,0,-4.67930476046464,0,0,NA
-0.747420182762966,0,-0.972635201905708,0,1,1,-0.42858903674275,0,1,0,-1.2462445163511,0,1,0,-0.252648877791372,0,1,0
-0.976415461234376,1,-0.0347383188289879,1,1,0,1.99108355557249,0,1,0,1.20440108729855,1,1,0,1.74212977559062,1,0,NA
-1.14902611060112,1,0.192157918301212,0,0,NA,NA,NA,NA,NA,NA,NA,NA,NA,NA,NA,NA,NA
1.98924365380742,1,0.942718456821635,1,1,1,2.21556216419809,1,0,NA,NA,NA,NA,NA,NA,NA,NA,NA
1.7511310826985,1,2.28831792455311,1,1,1,2.20854147764255,0,0,NA,NA,NA,NA,NA,NA,NA,NA,NA
2.56440930061295,1,2.17445781653582,1,0,NA,NA,NA,NA,NA,NA,NA,NA,NA,NA,NA,NA,NA
0.776495901541338,1,1.02710916039635,1,1,0,2.536650273588,1,1,1,3.09414254950722,1,1,0,2.37108810174318,1,0,NA
-0.161248544839263,0,0.22936028020299,0,1,1,0.491459257512943,0,1,0,-1.04406258873656,0,1,0,-0.0438739526434839,0,0,NA
-1.04326069445062,0,-1.62309833900438,0,1,0,-0.245047947562107,1,1,0,-0.593475774274415,1,1,0,-1.20146987778423,0,1,0
-1.10076626213621,1,-0.171584549030688,1,1,0,0.508142762246188,0,1,1,0.306907469189744,1,0,NA,NA,NA,NA,NA
-0.496873947470779,1,0.832190061501178,0,1,0,0.444474096650307,0,1,0,1.30233380676592,1,0,NA,NA,NA,NA,NA
1.28052092659645,1,0.53875420483992,1,0,NA,NA,NA,NA,NA,NA,NA,NA,NA,NA,NA,NA,NA
0.666470562339114,1,-0.555546552224664,0,1,0,-0.564483682186564,0,1,0,0.813768703590376,1,1,1,0.643892944846845,1,1,0
0.889500197272317,0,-0.237362906787146,1,1,0,0.453957253861437,0,1,0,-0.198116123024105,1,0,NA,NA,NA,NA,NA
-0.187121427736611,0,1.2991974816389,0,0,NA,NA,NA,NA,NA,NA,NA,NA,NA,NA,NA,NA,NA
-1.55363634292591,0,-1.14556895272635,0,1,0,0.661765156205664,0,1,0,-1.3902881559745,0,1,0,-2.08427161537737,0,1,0
0.326402671779581,0,2.00369198323816,0,1,1,2.2945170156434,1,0,NA,NA,NA,NA,NA,NA,NA,NA,NA
-0.214611972064497,0,-1.25635552325687,1,1,0,-0.161160562531901,0,1,0,1.46704095160311,0,1,0,-0.0767559236530476,1,1,0
-0.303958307149332,0,-1.47344804390178,0,1,1,-1.52846583394696,0,1,0,0.228808953393377,1,1,0,-0.353841103590651,0,1,1
2.18417322839228,1,0.32823657945805,1,1,0,0.44701630243032,1,1,1,2.67587715577886,1,0,NA,NA,NA,NA,NA
0.869691283218553,1,0.610350075943267,1,1,1,1.79877027958856,1,1,1,1.98772834639657,1,0,NA,NA,NA,NA,NA
-0.228406203687321,0,-0.382466579614328,1,1,0,1.78765722228798,1,1,1,0.595559820789904,1,1,1,1.86123009095995,1,1,1
-1.90344641952332,0,-0.0174487972667134,0,1,0,-0.289878305571125,0,1,0,-0.720003313792012,0,1,0,-1.46909583273734,0,1,1
-0.286641470723756,1,0.128733303172126,0,1,1,0.549502124068814,1,0,NA,NA,NA,NA,NA,NA,NA,NA,NA
0.990388920100186,0,1.42360202968235,1,1,0,1.88166334960878,1,1,1,1.3367443159284,1,0,NA,NA,NA,NA,NA
0.37282099271425,1,1.66017850994518,0,1,0,0.771697152057887,1,1,0,1.41116139490595,0,1,1,1.78407401774412,1,0,NA
0.272107368015517,1,0.128017842197411,0,1,1,0.811097843879211,0,1,0,-0.92394735579609,1,1,1,2.1525128084907,1,0,NA
1.04509363912809,1,0.251712864380566,0,1,1,2.04868091308985,0,0,NA,NA,NA,NA,NA,NA,NA,NA,NA
-0.169009987214824,1,2.46152572645221,1,1,1,-0.294652861014455,1,1,0,1.16277035573514,0,1,1,2.46907008615548,0,0,NA
-0.345802025216759,1,-0.479893142887114,0,1,0,-1.19808619705244,0,1,0,-0.278466785224815,0,1,1,0.131994061551029,0,1,0
-0.253966133668967,0,2.09857840247097,1,0,NA,NA,NA,NA,NA,NA,NA,NA,NA,NA,NA,NA,NA
0.734512927460703,1,0.456134063630404,1,1,0,1.17254182393874,1,1,0,2.09447070319148,1,1,1,5.74730705074461,1,1,1
-0.269348130964323,1,-0.670960558208634,0,1,0,-1.51320886329244,0,0,NA,NA,NA,NA,NA,NA,NA,NA,NA
0.760301142439061,0,-2.02710192503774,0,1,0,-1.6966593367034,1,1,0,-1.30384599806868,0,1,0,-3.17317335388739,0,1,0
-1.2281836193586,1,0.0107766018331597,1,1,0,1.89642429470645,1,1,0,1.4767070241242,1,1,0,2.02289495759257,1,0,NA
-1.27106502138202,0,-0.626440634077769,0,1,0,-0.341498910215907,0,1,0,-0.0769039167273109,1,1,0,0.694177949533828,1,1,1
0.127383608306443,1,1.81889363428103,1,1,1,1.14142958910114,1,1,1,3.04406606211381,1,0,NA,NA,NA,NA,NA
0.760383157988027,1,0.833702937542369,1,0,NA,NA,NA,NA,NA,NA,NA,NA,NA,NA,NA,NA,NA
-0.407652916022205,0,-0.328261759706484,1,1,1,1.17270708753309,0,1,1,1.46472073159623,0,1,0,0.383889525125461,1,1,0
-0.577421344918043,0,-1.82155576910102,0,1,0,-1.42472280064276,0,1,0,-1.00369448420563,0,1,0,-0.967562020281807,0,1,0
-2.83937616690889,0,-0.840878223470778,0,1,0,-1.77730200938482,0,1,0,-3.45670069064062,0,1,0,-5.02241933362315,0,1,0
0.374320874220963,1,2.01792176668745,1,1,1,3.00252209329189,1,1,1,2.86902450456859,1,1,1,3.61044114084091,1,0,NA
-0.902854978742815,0,-2.04280550739362,0,1,0,-2.13337550496629,0,1,0,-0.926386982140015,0,1,0,-2.70499811196161,0,1,0
0.402574906183067,0,-0.168833007577584,1,1,0,0.67875493977698,1,1,1,0.099114020914713,0,1,0,1.54787678456055,0,1,1
1.4272117229534,1,0.275307800885652,1,1,1,1.10136314513412,1,1,0,0.533331102436456,1,1,0,2.29453311208868,1,0,NA
-0.495919045927329,0,-0.249498193111595,1,1,0,-0.437471195612856,1,1,1,0.324200941878689,0,0,NA,NA,NA,NA,NA
0.696725381553881,1,1.44946823023275,1,1,1,1.77922471680541,1,1,0,3.77383201619362,1,1,1,6.63972986097039,1,0,NA
-0.152545773297634,0,0.304010467749538,1,1,1,0.932540236117646,0,1,0,1.78530469469965,1,1,0,2.02044577686198,1,1,1
0.368604635711658,1,2.16674324640426,1,0,NA,NA,NA,NA,NA,NA,NA,NA,NA,NA,NA,NA,NA
-1.15579938527956,0,-0.173698956969838,1,1,1,-0.387520603657173,0,1,1,-0.966281342226063,0,1,0,-0.278159041277933,0,1,0
0.417823594928106,1,1.94759134423658,0,0,NA,NA,NA,NA,NA,NA,NA,NA,NA,NA,NA,NA,NA
1.30496154444897,1,0.54141760166821,1,0,NA,NA,NA,NA,NA,NA,NA,NA,NA,NA,NA,NA,NA
1.79671185562111,0,1.66265162313489,1,1,1,2.98065762824076,1,1,1,2.75129987843844,1,1,1,5.33372817976736,1,0,NA
-1.18738065485708,0,-0.174752998988044,0,1,1,-0.035789452783256,0,1,0,-2.50184397773498,0,1,0,-1.3996726790797,1,1,0
0.533685008357217,0,2.35589887874997,1,1,0,2.26746477445292,0,1,1,2.20346900332524,1,1,1,3.30967522103235,1,0,NA
-0.508024170765753,0,0.351689450768369,0,1,1,-0.61281227822266,0,1,0,0.79904022777271,0,1,0,1.3500796693644,1,1,0
0.522720628103725,0,0.948890783839547,1,1,1,1.88468265884288,1,1,1,2.77502659919583,1,0,NA,NA,NA,NA,NA
-0.178463862456432,0,-1.06885153352413,1,1,0,-0.115103422849859,1,1,0,0.197866247791349,0,1,0,-1.91355155947334,1,1,1
-0.248033265601507,0,0.173417683909025,0,1,1,1.67727553207837,1,1,1,2.47486327192161,0,1,1,1.27967842021518,1,0,NA
0.682099496739719,0,2.87626049364711,1,1,1,1.94901543324998,0,0,NA,NA,NA,NA,NA,NA,NA,NA,NA
0.746201526735843,0,-0.280374659414472,0,1,1,1.12193035541502,0,1,0,0.541808735032387,0,1,1,0.943086730448974,1,1,1
0.279077037786067,0,-1.16153763340355,0,1,0,-1.48179025685553,0,1,0,-0.222827480962126,0,1,0,0.327572082686324,0,1,1
0.46404938204628,1,1.33501172708578,0,1,1,0.262609499908121,1,0,NA,NA,NA,NA,NA,NA,NA,NA,NA
0.378460412533289,0,0.435548972289268,1,1,1,1.22673340430827,1,1,1,1.37194965852608,1,1,1,2.07269110658755,1,0,NA
0.278374001552994,1,-1.3423729391613,1,1,1,-0.370364260910605,0,1,0,-0.602062717729255,0,1,0,-1.34305913955447,0,1,0
0.0912301601069542,1,-0.846017748201629,0,0,NA,NA,NA,NA,NA,NA,NA,NA,NA,NA,NA,NA,NA
0.915610225764827,1,-1.34106086628001,0,1,0,-1.20979024840657,0,1,0,-2.08805918174148,0,1,0,-0.671948020719228,0,1,0
0.709899292255341,1,0.467997659585423,1,0,NA,NA,NA,NA,NA,NA,NA,NA,NA,NA,NA,NA,NA
0.793932838572023,0,0.622600178059656,1,1,1,-0.376461048406231,0,1,0,-0.457957269990883,0,1,0,0.40953869508952,0,0,NA
1.1069684984941,0,1.20587711812451,1,0,NA,NA,NA,NA,NA,NA,NA,NA,NA,NA,NA,NA,NA
0.549337333014554,1,1.58444119231428,0,1,1,2.14321103087051,1,1,1,2.11344358498996,1,0,NA,NA,NA,NA,NA
-0.152998328694666,0,0.682767252321509,1,1,0,2.61214668503674,0,1,1,3.08467309015584,1,1,1,4.04572813613161,1,1,1
-1.08947042324526,0,1.25383571725994,0,0,NA,NA,NA,NA,NA,NA,NA,NA,NA,NA,NA,NA,NA
-0.488032453801593,0,1.5834340554747,0,1,1,0.56378098575259,1,0,NA,NA,NA,NA,NA,NA,NA,NA,NA
-0.869954917300795,0,-0.687022580865043,0,1,0,-2.14396983998161,0,1,0,-1.19334526642214,0,1,1,-3.85470788158278,0,1,0
-0.298508586975253,1,1.02160718748134,0,1,0,1.33716629834345,1,1,0,0.680113933050519,0,1,0,0.774623933868049,1,1,0
-0.525294572640387,1,0.865439386072858,0,1,1,1.17074009877832,1,1,0,1.30031246568693,0,1,0,5.20696183753814,1,1,1
-0.196685815876952,0,-0.441210197258435,1,1,0,1.56149176018913,0,1,1,1.7372597544684,1,1,1,2.09468662530004,1,1,1
-1.02389991827425,0,-1.23032914427937,0,1,0,-0.902079340070736,0,1,0,-0.310579671131787,0,1,1,-1.03655986148761,0,1,0
-0.622302116573955,0,0.617374596137362,0,1,0,0.277437498735783,1,1,0,1.22189476010224,1,1,1,2.03073678145118,1,1,1
0.35558715707793,0,-0.638715481523188,0,0,NA,NA,NA,NA,NA,NA,NA,NA,NA,NA,NA,NA,NA
0.213605953502618,1,1.38554672761052,1,1,1,1.93351949090872,0,1,1,1.65968922867975,1,1,1,4.43730863764664,1,0,NA
-0.404069681572142,1,-0.214591469666881,0,1,0,-0.457266651824503,0,0,NA,NA,NA,NA,NA,NA,NA,NA,NA
1.01282233205102,1,1.32684426019555,1,0,NA,NA,NA,NA,NA,NA,NA,NA,NA,NA,NA,NA,NA
-1.64112944133307,0,-1.94182586675936,0,1,0,-1.69682195503448,0,1,0,-1.23293568042186,0,1,0,-1.80215488485258,0,1,0
0.482758608560415,1,1.08678981948204,1,1,0,1.70794324494597,1,1,1,2.84082048372745,1,1,1,3.75828396564968,1,1,1
1.56983056712062,1,1.74507146465816,1,1,0,3.05184371175593,1,1,1,2.34270207706949,1,0,NA,NA,NA,NA,NA
-0.407847758248619,0,-0.288280144677032,0,1,1,-0.212626576178282,0,1,0,-0.953570241805352,0,1,0,-1.29552912913241,0,1,0
0.387584918040847,0,-0.607535610151388,1,1,1,0.517603554160248,0,0,NA,NA,NA,NA,NA,NA,NA,NA,NA
-0.558288003324279,0,-0.0861953898148382,1,1,1,0.274799484337863,1,1,0,1.26872785824339,1,1,1,1.24307735922215,0,1,0
-0.0220150362400862,0,-0.34855788331763,0,1,1,1.49366153686099,1,1,1,2.86621152561361,1,1,1,2.41820535798351,1,0,NA
0.815603462122397,0,-1.09091449895892,0,1,1,-0.70179967201294,0,1,1,-0.583347264626318,1,1,0,-1.27320000940319,1,1,0
-0.914014481393565,1,-1.32308129814322,0,1,0,-0.369754696568807,0,1,1,0.157037430994975,0,1,0,-0.479701965167516,1,1,0
-0.554820797749138,1,-0.774164731448524,1,1,0,-1.20286544779139,0,1,0,1.06460052508365,0,1,1,-0.077399903429258,0,1,0
0.532223347384848,1,-1.01670292929226,0,1,0,-0.37257369812391,0,1,0,0.401814139677478,0,1,1,0.561410937043148,1,1,0
0.415709689724458,1,0.597584558857394,1,1,1,0.692063134573996,1,1,0,2.3829498320525,1,0,NA,NA,NA,NA,NA
0.806859181812312,1,1.07315811542165,1,1,0,1.93747375889297,1,1,1,3.14269571319833,1,0,NA,NA,NA,NA,NA
1.25274819689651,1,0.20251999387594,1,1,1,1.64980088875749,1,1,1,2.0071389944445,1,1,1,3.3758239483019,1,0,NA
0.769852741781516,1,1.43360642447601,1,0,NA,NA,NA,NA,NA,NA,NA,NA,NA,NA,NA,NA,NA
-1.07763260721319,0,-2.63443872626893,1,1,0,-1.14791599240138,0,1,0,-3.8770595579213,0,1,0,-3.72632689289258,0,1,0
0.153781366543957,1,-0.508493339454966,1,1,0,-0.796043485111748,0,1,0,-0.297487774674655,0,1,0,0.0922434535121267,0,1,0
-0.399087420248963,0,1.36687066074386,1,1,0,1.33018795359,0,1,0,1.46877351603633,1,1,0,1.86787317174511,1,1,1
-0.00585749811279422,1,1.72880124902786,0,1,1,1.45992415062667,1,0,NA,NA,NA,NA,NA,NA,NA,NA,NA
0.917362355389143,0,0.73759711583429,1,1,0,0.402583247285685,0,1,0,1.45421838495511,1,1,1,1.98843590491423,1,1,1
0.276155443869339,1,1.04571220641219,1,1,1,2.12669077638638,1,1,1,3.92758130594677,1,1,1,5.67204187517957,1,0,NA
0.155188360208886,1,1.24884856046207,1,1,1,0.979705437203169,1,0,NA,NA,NA,NA,NA,NA,NA,NA,NA
-0.120114745397783,1,-0.533261324049173,0,1,0,-0.429838368864647,1,1,1,-0.243299798113693,0,0,NA,NA,NA,NA,NA
0.397018504856981,1,0.477464345334377,0,1,0,3.20922364076861,1,1,1,2.64747664340293,1,1,1,4.32579896039308,1,0,NA
-1.17862518855815,0,-1.82667400276966,1,1,0,-2.58172464606131,0,1,0,-3.03882705284959,0,1,1,-3.50313275835243,0,1,0
-0.421548024007117,0,0.275566487539659,1,1,0,-0.481885517403986,0,1,0,-0.682848492648083,0,1,0,-0.46228452027866,0,0,NA
1.61657603604283,0,0.530111598184999,1,1,1,0.578603202072324,0,1,1,1.63182771170515,1,1,0,2.50217727762645,1,1,1
0.616122843297705,0,0.846016907407181,1,0,NA,NA,NA,NA,NA,NA,NA,NA,NA,NA,NA,NA,NA
-0.9617940267648,0,-0.0434163571044307,0,1,0,0.855164316385102,1,1,0,0.875232262638369,1,1,0,-0.710852614567034,0,1,0
-1.22855665934927,0,0.825082236594414,0,1,0,1.53194349018624,0,1,0,1.36908841077683,1,1,1,1.7100531010369,1,1,1
-0.959330253589292,0,-0.284931343073048,0,1,1,-0.742314171687696,0,1,1,-0.456324282845222,0,1,0,-0.355048548704477,1,1,0
0.580156856563299,0,-0.0159364750680409,0,1,0,-2.08309098768509,0,1,0,-1.58371122318629,0,1,0,-1.43249538278289,0,1,0
0.433158964582613,1,1.40020731815219,1,1,1,2.90391722301117,1,0,NA,NA,NA,NA,NA,NA,NA,NA,NA
-0.568582303141119,0,1.06299082440399,1,1,0,0.760509660516307,1,1,0,1.32864203229101,0,1,0,-0.543130179979919,1,0,NA
-0.368684340898934,1,0.968288232966009,0,1,0,1.44372722852445,1,1,1,2.09389296304646,1,1,1,2.68533885683209,1,1,1
0.978228069525606,1,-0.0320656456706855,0,1,0,-0.142995234257668,0,1,0,1.2622335915919,1,1,0,2.0258888287797,1,0,NA
-0.307073609966018,0,-1.61488393549462,1,1,0,-0.493007938246214,0,1,0,0.739543057723214,1,1,0,0.194096512891792,1,1,1
-0.0584092798451658,1,1.26977136497773,1,1,1,1.46877470159698,0,1,1,1.50655094480668,1,0,NA,NA,NA,NA,NA
0.352533747158679,1,1.32219387695675,0,1,1,2.12240542999636,1,1,1,2.7226827137603,1,1,1,3.42106262765253,1,0,NA
-0.182327630508894,1,1.34821380376998,0,1,0,0.760664185146932,1,1,1,1.43902068169244,1,1,1,2.53700907190273,1,1,1
-0.735026404402801,0,-0.606960105535333,1,1,0,-1.63916117720952,0,1,0,-0.0557433997763424,0,1,0,-1.22327673910932,0,1,0
-0.41294127515641,0,-1.52520315220891,0,1,0,-1.04600645777117,0,1,0,-2.26246457330174,0,1,0,-2.71124722680789,0,1,0
-1.08100043519868,0,1.541102792012,1,0,NA,NA,NA,NA,NA,NA,NA,NA,NA,NA,NA,NA,NA
0.469312616007674,1,1.67840099499231,1,1,1,0.701167551663379,1,0,NA,NA,NA,NA,NA,NA,NA,NA,NA
1.33204012251754,1,0.268052758476018,1,1,1,1.21023938276746,1,1,1,0.832191582085895,0,1,0,1.8544789250222,1,0,NA
0.244262635869097,0,0.194413418167474,0,1,0,-0.0522394751432953,1,1,1,-0.989257177846834,0,1,0,2.29757755815196,1,1,0
0.81272922619384,1,0.764691304448668,1,1,1,-0.139651684722709,0,1,0,0.548622599175483,1,1,1,2.40410931049275,1,1,1
-0.651135024934329,1,-0.224106060426675,0,1,0,-0.454990206025149,0,0,NA,NA,NA,NA,NA,NA,NA,NA,NA
-0.140308776263568,0,0.501998275637694,0,1,0,1.39254915560447,1,1,1,2.45674014292219,1,0,NA,NA,NA,NA,NA
-0.13611215659361,0,-0.84985259708174,0,1,0,-0.560595722284012,0,1,1,-1.93304687098842,0,1,0,-0.474499937330207,1,1,0
-1.43064062509921,0,-1.29725248228738,0,0,NA,NA,NA,NA,NA,NA,NA,NA,NA,NA,NA,NA,NA
0.08889294253109,0,-0.5450918565719,1,1,0,1.20705749173107,1,1,0,0.464779231542534,1,1,1,2.6635165640279,1,0,NA
0.479237258969012,0,1.40050273570761,1,1,0,2.52454127739575,1,1,1,0.64922315631875,1,1,1,1.53158892670276,1,1,1
0.683406455538803,1,3.26468246963613,1,0,NA,NA,NA,NA,NA,NA,NA,NA,NA,NA,NA,NA,NA
1.3156540407747,1,-0.413047613811504,1,1,1,1.32170572801013,0,1,1,1.0872761948279,0,0,NA,NA,NA,NA,NA
-1.4726494367775,1,-0.506316545587654,1,1,0,-0.897630158377501,0,1,0,-0.113309129254656,0,1,0,-0.54072607935977,1,1,0
0.617651459020608,0,0.835101256849988,0,1,0,-1.04451157258278,0,1,0,-0.539638618459324,1,0,NA,NA,NA,NA,NA
0.717074072832601,0,1.35168151371167,1,1,0,1.5986440655936,1,1,1,2.78603288928051,1,1,1,5.05913772167678,1,0,NA
-0.210025808024777,0,0.0797557581198406,0,1,0,1.31678953774623,1,1,0,2.38796457644974,1,1,1,4.4041922520163,1,0,NA
0.602459332748625,1,0.969574889101598,0,1,0,2.93196344636456,1,0,NA,NA,NA,NA,NA,NA,NA,NA,NA
-1.4145324747417,0,-1.97730941093511,0,1,0,-1.27588746664176,0,1,0,-2.12665562074267,1,1,0,-3.59439319400272,1,1,0
0.214394673940768,1,-2.41545279589688,0,1,0,-2.72701672321426,0,1,0,-1.76129094958723,0,1,1,-2.76351021997723,0,1,0
-3.12908819139171,0,-3.32070511912244,0,1,0,-3.80140884677256,0,1,0,-5.60709080241304,0,1,0,-4.49028862409211,0,1,0
0.31205830314547,1,-1.39506223517474,1,1,0,1.17425816261943,0,0,NA,NA,NA,NA,NA,NA,NA,NA,NA
1.60156345500434,1,1.2732450655135,1,1,1,1.5613353014924,1,1,0,0.822361362074147,0,1,0,0.63532608473843,1,0,NA
1.54198702770824,1,1.56449971562135,1,1,1,1.61137805895553,1,1,1,2.72260655414974,1,0,NA,NA,NA,NA,NA
-2.6596693797359,1,-0.892438345427431,0,1,0,0.0605691403636316,0,1,0,-1.06743997605537,1,1,1,-2.56313329477668,0,1,0
0.535026842684138,1,1.74079833960912,1,1,1,1.80941556935918,1,1,1,2.49870125924137,1,1,1,3.33704020656281,1,0,NA
-0.349720994346983,0,-0.718828513644657,0,1,0,0.594601944533023,1,1,1,0.3226209462822,0,1,0,0.038599894214991,0,1,0
-0.0250080580964582,0,1.43795267802318,1,1,1,0.896654972070505,0,1,1,0.223507411325705,0,0,NA,NA,NA,NA,NA
-2.2161334557135,0,-1.68156133179959,0,1,0,-2.72065383541016,0,1,0,-3.77509697306889,0,1,0,-4.41159394577207,0,1,0
0.385040501175137,1,0.852396152490721,0,1,1,1.82707463387533,1,1,1,1.63837199984908,1,1,1,2.90728896146382,1,0,NA
-0.526720687742884,0,-1.07926210000008,0,1,0,1.17982138357489,0,0,NA,NA,NA,NA,NA,NA,NA,NA,NA
0.373889488898866,1,-1.29877814312835,0,1,0,0.936193136668076,1,0,NA,NA,NA,NA,NA,NA,NA,NA,NA
-0.191218200356621,0,1.17050323145064,0,1,0,1.02487242952174,0,1,0,1.13959007181837,0,1,1,0.0302574878324213,1,0,NA
-1.02543755537228,0,-2.81025565129855,0,1,0,-1.28130161592572,0,1,0,-1.88604488076185,0,1,0,-4.08316741751746,0,1,0
0.333196336107161,1,2.99064819437489,1,1,0,3.38392444485629,1,0,NA,NA,NA,NA,NA,NA,NA,NA,NA
0.595069071311139,1,0.196764646457945,1,1,0,0.969462283440535,0,1,0,2.7010248747774,1,1,1,3.23958704246447,1,1,1
0.0543192874307289,0,0.447054316327589,0,1,0,0.304293248583587,1,1,1,1.47318440561541,1,1,1,1.46717329344596,1,1,1
0.567101587438083,1,0.737605697952239,1,0,NA,NA,NA,NA,NA,NA,NA,NA,NA,NA,NA,NA,NA
-0.464010628735977,1,-0.0117945341722865,1,1,1,-0.409458875385783,1,1,1,0.962588232890924,0,1,0,0.943730819814453,0,1,1
1.28480081505999,1,1.67447804283896,1,1,1,2.72338862850809,1,1,1,3.82749148116763,1,0,NA,NA,NA,NA,NA
-0.35797228180566,0,-0.7328874162356,0,1,1,-0.69210954352889,1,1,1,-0.435115604394267,1,0,NA,NA,NA,NA,NA
-0.579651889845945,0,0.541877802199046,1,1,1,-0.614021851194215,1,1,0,-0.110330864411375,1,1,1,1.02510389081965,0,0,NA
1.04159278248064,1,0.723408044335008,0,1,0,1.1735306666531,1,1,1,2.17977091449659,0,1,1,1.93609326229386,1,1,1
1.11488218107788,1,-0.465106980107797,0,1,1,0.779118119148577,0,0,NA,NA,NA,NA,NA,NA,NA,NA,NA
0.680655637101081,1,-0.36276517855883,1,1,0,0.32502532668535,1,1,1,1.2526876406764,0,1,0,1.48901551619914,1,1,1
0.220506659926104,1,-1.61403737222048,0,1,0,0.210149753072196,0,1,1,-1.27602674915635,1,1,0,0.676145531741617,0,1,1
1.5948859846481,1,3.14902759591037,1,1,1,3.77298831712806,1,0,NA,NA,NA,NA,NA,NA,NA,NA,NA
-1.0106408939135,1,-0.514340417784214,0,1,0,-0.322024570667025,1,1,0,0.178247891005737,1,1,0,1.96913228379764,0,1,1
1.1377699929415,1,1.04545348349698,1,1,1,1.01368404577461,1,1,0,1.91285275666095,1,1,0,4.28828141245665,1,0,NA
1.71439383448494,1,1.01358051842175,1,1,0,1.16790335044364,1,1,1,2.77339871242608,1,0,NA,NA,NA,NA,NA
0.0546095741367307,0,0.271526243020522,1,1,0,0.696079341640305,1,0,NA,NA,NA,NA,NA,NA,NA,NA,NA
0.585722003945402,0,1.97585887430739,1,1,0,1.46557094267931,1,1,0,2.0767592141423,1,0,NA,NA,NA,NA,NA
0.609702193642644,1,1.70257862626865,1,1,1,2.55684662313641,1,1,1,2.8007700961526,1,0,NA,NA,NA,NA,NA
1.19358200831037,0,1.93197876190955,1,0,NA,NA,NA,NA,NA,NA,NA,NA,NA,NA,NA,NA,NA
-0.858810426620774,0,-0.213121764564108,0,1,1,-0.125035417168777,1,1,0,2.02480439539322,0,1,0,2.15512813890399,1,1,1
0.895706193348967,1,1.81697237539326,1,1,1,1.17016366582241,1,1,1,4.38254189142728,1,0,NA,NA,NA,NA,NA
-1.70894706616893,0,-2.10882862320883,0,1,0,-3.4811427737131,0,1,0,-3.56681304039906,0,1,0,-5.5256117846753,0,1,0
2.07690354539009,1,1.20173420015873,1,1,1,1.04634237241818,1,1,1,2.39190271802011,1,0,NA,NA,NA,NA,NA
-0.571339759295446,0,-0.912620596673566,1,1,0,-1.18725910257148,1,1,0,-0.924188772100733,0,0,NA,NA,NA,NA,NA
-0.316190965486705,1,-0.571694865293676,1,1,0,-0.756068226353409,0,1,0,-1.44352915336171,0,1,1,-0.36908363826664,0,1,0
0.258885176649788,0,-0.531802430228792,0,1,0,-1.07917387755033,1,1,0,-0.9475915051027,0,1,0,0.331589461966136,0,1,0
-1.25031206020367,0,-0.742513632873372,0,1,0,-0.893466127749252,0,1,1,0.419353476617992,1,1,0,-0.186703224388701,0,1,0
-0.262894843235988,1,-0.240347271543034,1,1,1,0.782969155353575,1,1,0,1.01089391051246,1,1,1,2.5691245482754,1,1,1
0.0614874404655674,1,1.83674694179639,0,0,NA,NA,NA,NA,NA,NA,NA,NA,NA,NA,NA,NA,NA
-0.339967488178091,0,0.713003134115841,1,1,1,0.397561498394256,1,1,1,0.609848324351325,0,1,1,3.30592914935249,1,1,1
2.02629406134448,0,0.340448747841587,0,1,1,2.07684966448792,1,1,1,2.65838206682453,1,1,1,3.71191382487013,1,0,NA
-1.78676065095644,0,-1.45071908784646,0,1,0,-2.94775734819001,1,1,0,-1.28965382732083,0,1,0,-1.80742774018674,0,1,0
-0.105388415641915,0,0.812516771457139,1,1,1,-0.00973209123422358,0,1,0,0.113449368707621,1,1,1,0.792489549958725,1,1,1
1.17884728859329,1,-1.35357417916778,0,1,1,-0.41241295989448,0,1,1,0.341920871826789,1,1,0,-1.21317075001133,0,1,1
-0.836164804463538,0,-1.02821839616701,1,1,0,0.126773071233612,0,1,1,-0.572645482391397,0,1,0,0.0718013109367459,0,1,1
-0.138951121805986,0,-0.607640076958792,0,1,0,-1.45536457575627,0,1,0,-2.01954526691129,1,1,0,-0.41684452776023,1,1,1
1.94328489677314,1,0.72947077192951,1,1,0,2.39891329863749,1,1,0,3.57221591505362,1,1,1,4.92513482673443,1,0,NA
-1.86734559765039,0,-0.762942725403531,0,1,0,-0.66920718155139,0,1,0,0.47743522753478,0,1,1,0.476003867039309,0,1,0
-0.80359786515808,0,-2.52659596647246,0,1,0,-0.602954338535349,0,1,0,-1.31673481177151,0,1,0,-1.37343548190273,0,1,0
-1.19840856257805,0,-1.96051228298407,1,1,0,-0.841079219151648,0,0,NA,NA,NA,NA,NA,NA,NA,NA,NA
0.62952138428992,1,1.72763092005292,1,1,0,2.75258023335609,1,1,1,3.8059574855884,1,1,1,6.24685468119821,1,0,NA
-0.866128522960584,1,1.11844096337695,1,1,0,1.32266433776767,1,1,1,2.45198959433026,1,0,NA,NA,NA,NA,NA
0.467805602966812,0,-1.05000173716421,0,1,0,0.90634503012581,1,1,1,1.25844118393752,1,1,1,3.53029653789231,1,0,NA
-0.645806382206571,1,-0.245526196822703,1,1,0,-0.653772686514458,1,1,0,-0.639113522777602,1,1,0,0.590516886642009,0,1,0
-0.152525559658479,1,1.67609389926957,1,0,NA,NA,NA,NA,NA,NA,NA,NA,NA,NA,NA,NA,NA
0.856214879376642,0,1.28972583151453,0,1,1,1.59160552434192,1,1,1,4.43942053035224,1,0,NA,NA,NA,NA,NA
0.137003753628528,1,-0.906523055050481,1,1,0,-0.979623341558392,0,1,0,-0.084142826372219,0,1,0,-1.0987586367323,0,1,0
-1.94070545396635,1,0.349168099551762,0,1,0,0.322550785437091,1,1,0,0.924705356326282,1,1,1,1.23899866068344,1,1,1
-0.535887467461224,0,1.82165698845254,1,1,0,0.806769049662726,1,1,1,3.11268988737461,1,0,NA,NA,NA,NA,NA
0.713595097676634,1,0.511702017093282,1,1,0,1.77867867998074,1,1,1,1.12403393121513,1,0,NA,NA,NA,NA,NA
1.86014831963883,1,0.267567630898401,1,1,1,1.75156961674124,1,1,1,2.61527770854502,1,0,NA,NA,NA,NA,NA
-1.11482614497505,0,-0.401915303940294,0,1,0,-0.832641201389012,1,1,1,-0.82675188380229,0,1,1,-2.2389099455254,0,1,0
-0.228621036089534,1,1.40273582360928,1,1,0,0.48744458871719,1,0,NA,NA,NA,NA,NA,NA,NA,NA,NA
-0.0815898798548839,1,0.62314127234458,0,1,1,-0.16472213527665,1,1,0,2.11553089581716,1,1,1,2.51890942840681,1,1,0
-0.732566487362174,0,-1.53166310409538,0,1,0,-0.681230049498903,0,1,0,-1.37452757253116,0,1,0,-1.47863194613625,0,1,0
-1.38263282305576,0,-0.964292444924966,0,1,0,-2.25452149346543,0,1,1,-1.24345790786849,0,1,0,-1.65048359773142,0,1,0
1.83879660034406,1,0.358575520821396,0,1,0,0.770327130281696,1,1,1,0.921501358593008,1,1,0,2.76937448420319,1,1,1
1.47833445941722,1,0.644259010991284,1,1,1,2.50887704573044,1,1,1,2.64217059814427,1,0,NA,NA,NA,NA,NA
-1.40678671660781,0,-0.928197808873858,0,1,0,-2.01668281123813,0,1,0,-1.13605122876621,0,1,1,-1.47827749338295,1,0,NA
-1.88397213212785,0,-0.664228857986736,0,1,0,-0.301968537396105,1,1,1,0.312678207421924,1,1,1,-1.10416984551575,0,1,0
-0.277366227607279,0,-1.05135223229434,0,1,1,-0.193897581885385,1,1,0,0.208976374496634,0,1,0,0.00106707554483428,0,1,0
0.430427805191253,0,-0.241938742767067,0,1,0,0.396386242864307,0,1,1,0.591249019153853,1,1,1,0.489944796428877,1,0,NA
-0.128786668054707,0,-0.734968788334674,0,0,NA,NA,NA,NA,NA,NA,NA,NA,NA,NA,NA,NA,NA
1.1292645954138,1,0.309818079124626,1,1,1,1.48291717382051,1,1,0,0.744152134318276,1,0,NA,NA,NA,NA,NA
-0.246528493011147,0,-0.596663830457998,0,1,0,0.405556387408764,0,1,0,0.341580135113801,1,1,0,0.457361847276114,1,1,1
-1.16554781579066,0,-1.28111074453667,0,0,NA,NA,NA,NA,NA,NA,NA,NA,NA,NA,NA,NA,NA
1.51988229295041,1,1.68285408849876,1,1,1,2.50922150668417,1,1,1,3.02883998382616,1,1,1,4.87657245833913,1,0,NA
-0.234026743812637,0,0.117050037729457,0,1,0,1.04541020035561,0,1,1,0.538872041862339,0,1,0,-1.23052124126444,0,1,0
-0.283973587038927,1,2.6293861429449,1,1,1,0.670386734404532,1,0,NA,NA,NA,NA,NA,NA,NA,NA,NA
-0.263158284120996,0,-0.452189654576097,1,1,0,-1.33459125144335,0,1,0,-0.762873383283596,0,1,0,-1.6426498012938,0,1,0
0.0560043037582182,1,0.0445106127548602,1,1,1,1.81181978648897,1,1,1,0.0685294658686262,1,1,1,3.12905034420078,1,0,NA
-2.31866188966679,0,-2.21409690482008,0,1,0,-1.96272083264833,0,1,0,-2.23075603603231,0,1,0,-4.19624306794761,0,1,0
0.683297132017777,1,1.18793464334886,0,1,0,-1.32912032957063,1,1,1,1.52806788507957,0,1,1,1.24366858777691,1,1,0
0.721231898711608,1,1.03852034705044,1,1,1,1.70969933336876,1,1,1,2.90560326018725,1,0,NA,NA,NA,NA,NA
0.629245190810868,0,-0.160515840221934,1,1,0,-0.20290694472139,0,1,1,-0.407704575849758,0,1,0,2.24872751609917,0,1,1
-0.411125620176541,1,-0.831074131357534,0,0,NA,NA,NA,NA,NA,NA,NA,NA,NA,NA,NA,NA,NA
0.0993084268808665,0,1.66478590460116,1,1,1,2.4992977743779,1,1,0,2.39016431074018,1,1,1,5.03112309803434,1,1,1
-1.4349126716445,0,3.21248156886947,0,1,1,1.50497422709286,1,1,1,1.55825422712424,0,0,NA,NA,NA,NA,NA
0.359780354270464,0,0.45201882732713,1,1,1,0.131279856773861,1,0,NA,NA,NA,NA,NA,NA,NA,NA,NA
-0.817055357054789,0,-0.126877146179162,1,1,1,1.8303336751532,0,1,1,1.69527051758465,0,1,1,3.68979404872466,0,1,1
1.31689292485862,1,1.16231234640499,1,1,1,0.634551638593503,1,1,0,-0.441950650844517,0,1,0,2.32212701928256,0,0,NA
-0.9258235679908,1,0.0968107314065821,0,1,0,0.239012450505517,1,1,0,0.0466699232992845,1,0,NA,NA,NA,NA,NA
-2.05908538293546,0,-0.16512833850364,1,1,0,0.80763808111207,0,1,0,0.267787623821463,0,1,0,0.215456251507617,1,1,0
0.172659183962971,0,-0.0619700710436648,1,1,1,0.316153043207427,0,1,0,1.01001406054999,1,1,0,2.76819291248458,1,1,1
-1.63055613264585,0,-3.43935978634955,0,1,0,-3.18108768362502,0,1,0,-3.09367465310475,0,1,0,-3.5315401905675,0,1,0
-0.927846619109304,0,0.732322657042693,0,1,0,0.990699233802668,1,0,NA,NA,NA,NA,NA,NA,NA,NA,NA
0.804032290142514,0,0.624521155375229,0,1,0,2.16977439000639,1,1,1,3.08736486476298,1,0,NA,NA,NA,NA,NA
1.8723317486393,1,1.50170786139815,1,1,1,1.06667373650721,0,1,1,2.43556790990302,1,0,NA,NA,NA,NA,NA
-0.262678090014843,0,-1.32864488832,0,1,0,-2.39787237974704,0,1,0,-2.72265105662394,0,1,0,-3.44354983636933,0,1,0
0.971651297680579,1,0.774656048916396,1,1,1,0.895129174972035,0,1,0,2.31452590921514,1,0,NA,NA,NA,NA,NA
-1.37736386169196,0,-0.873121156920384,0,1,0,-1.14218590893374,0,1,0,-2.02410753404888,0,1,0,-0.873239600282185,0,1,0
1.73050131428387,1,2.30058129211425,1,1,1,2.16460890229949,1,0,NA,NA,NA,NA,NA,NA,NA,NA,NA
-0.00508718145513425,1,0.889505491191653,1,1,0,-0.428065431495144,1,1,0,1.92775416500839,1,0,NA,NA,NA,NA,NA
-0.779880243419497,0,-1.50098393408603,0,1,0,0.0958514226626921,0,1,0,0.276588466360636,1,1,1,0.549533505930596,1,1,1
0.397543921415631,0,1.71998521952565,1,1,1,2.71334521317199,1,1,1,2.98873959589785,0,1,1,5.75908299593418,1,0,NA
-0.809248936707142,0,-0.522938827708868,0,1,0,0.502509231573644,0,1,0,-0.537339275482255,1,1,0,1.84959232349188,1,0,NA
0.050323030248645,1,0.13037290603544,1,1,0,-0.0230849524262592,1,1,1,1.60974059456723,1,1,1,3.57980348216783,1,1,1
0.101772041721814,1,0.544366747128679,0,1,0,-0.583399421928953,1,1,1,0.902792747317412,0,0,NA,NA,NA,NA,NA
1.16912354606323,0,2.51519323868304,1,1,1,2.92235560209003,1,1,1,2.55521120794416,1,0,NA,NA,NA,NA,NA
-0.566591093897041,0,-0.250120093025695,0,1,0,0.974739612283301,0,1,0,0.351818533856019,1,1,1,1.08628597966132,1,1,1
-0.375340288323561,0,-0.314988460099334,1,1,0,0.748536556378534,1,1,0,1.7040879486138,1,0,NA,NA,NA,NA,NA
0.123993538996108,0,0.326801622070305,0,1,0,0.901299574775907,0,0,NA,NA,NA,NA,NA,NA,NA,NA,NA
0.897374477733325,1,2.18648403261816,1,1,1,2.06548533238474,1,0,NA,NA,NA,NA,NA,NA,NA,NA,NA
1.89559699317342,1,2.00014842716756,1,0,NA,NA,NA,NA,NA,NA,NA,NA,NA,NA,NA,NA,NA
1.58218645567045,1,0.927636530265766,0,1,0,0.00197223124773016,0,1,0,2.29405678096908,1,1,1,3.60338834362254,1,1,1
0.960255353783174,1,0.717434075516425,1,1,1,0.95828277719763,1,1,1,1.37004838265214,1,0,NA,NA,NA,NA,NA
-1.90307697710446,0,-0.572252265233103,0,1,0,-1.5301297594256,0,1,0,-1.77625162959078,0,1,0,-2.83970036771079,0,1,0
0.947324753875237,1,0.75380804576025,1,1,0,3.35672901064334,1,0,NA,NA,NA,NA,NA,NA,NA,NA,NA
0.753420372173012,0,1.72215679808202,1,1,1,2.58949407721851,1,1,1,2.81880722577277,1,0,NA,NA,NA,NA,NA
-0.697797127021826,0,-2.17929942021942,0,1,0,-1.47720863101871,0,1,0,-0.931877559966933,0,1,1,-3.37061945562837,0,1,0
-0.564930211034253,1,0.748186674587921,0,1,0,1.36208008087254,1,1,0,2.03649423887179,1,0,NA,NA,NA,NA,NA
-1.36915034494198,0,-0.944365861187878,0,1,0,-1.67976937100732,1,1,0,-2.10362064088405,0,1,0,-1.64145591618156,1,1,0
-0.0125469747796106,1,0.668417923304288,0,1,0,1.17742524348977,0,1,0,1.20138082764377,1,1,1,2.24067265783621,1,1,1
0.0906300156783073,1,-0.195516554044676,1,1,0,0.0894078933647424,0,1,0,0.0978898136926257,0,1,1,0.0759097947679307,0,1,1
-1.75355046064458,0,-3.34896165109516,0,1,0,-2.70739320706545,0,1,0,-3.18892981566877,0,1,0,-4.25783041600932,0,1,0
-1.58133763297504,0,-0.251368797418421,0,1,0,-0.871274168415795,0,1,0,-1.61025368800994,0,1,0,-2.59454921543715,1,1,0
0.174485077417376,1,-1.69537337103387,0,1,0,-0.935137281179212,0,1,0,-0.867590042596095,0,1,1,1.16516702078146,0,1,0
-1.02688393836773,0,-1.53279042242062,0,1,0,-1.62433853834491,1,1,0,-1.04112116406872,0,1,0,-2.86185182347722,0,1,0
-0.299216322369481,0,-0.808949073607359,0,1,0,0.20810745591205,0,1,1,0.155357056413351,0,1,0,0.210370459316689,0,1,0
1.00771668611063,1,0.525846391259486,1,1,1,2.38461304870877,0,1,1,3.23780665367583,1,0,NA,NA,NA,NA,NA
-0.42591120128335,0,-0.572800911676998,0,1,0,-2.00529138211618,0,1,0,-1.77151019224803,0,1,0,-1.51611576900321,0,1,0
0.127064314826948,0,-0.114839562874257,0,1,0,-0.6262177412851,0,1,0,-0.0686680136085268,0,1,0,-0.581846314344494,0,1,0
0.615771024583157,1,2.42005515696935,1,1,1,4.12084590914099,1,0,NA,NA,NA,NA,NA,NA,NA,NA,NA
-1.12465771102114,0,-0.730655728929309,0,1,1,0.602174043772617,0,1,1,-1.36394615168366,0,1,0,-1.17651383578661,0,1,0
1.24267702194518,1,1.88813867228341,1,1,1,2.09291135458966,1,1,1,3.88215493797719,1,0,NA,NA,NA,NA,NA
0.917015357279716,1,-1.64850381753955,0,1,0,-0.396417606178994,0,1,0,-0.139544079697042,1,1,1,-0.119088707962381,1,1,0
1.27296529299446,1,0.816465668820334,1,0,NA,NA,NA,NA,NA,NA,NA,NA,NA,NA,NA,NA,NA
-0.42620110290016,1,-0.181757173815568,0,1,0,0.384622096779555,1,1,0,-1.05007475411002,0,1,0,-0.0260210482179574,0,1,0
-1.46431958960135,1,0.289527521389647,0,1,0,-0.560047301957102,1,1,0,-0.257119522264055,1,1,0,-0.687402936099686,0,1,0
0.511162949780878,0,0.24486604864248,1,1,1,-0.70945479538853,0,0,NA,NA,NA,NA,NA,NA,NA,NA,NA
0.618532251784249,1,1.43848301673987,1,1,0,1.43391892404458,1,1,0,4.26079739958122,1,1,1,4.73426774224342,1,0,NA
2.54036862385644,1,1.24481601166747,1,0,NA,NA,NA,NA,NA,NA,NA,NA,NA,NA,NA,NA,NA
1.71949292604995,1,1.04494061503559,1,0,NA,NA,NA,NA,NA,NA,NA,NA,NA,NA,NA,NA,NA
-0.464882764513658,0,-0.930047927223457,0,1,0,-0.0272558713236405,0,1,0,0.866952422152694,0,1,0,0.649647438707228,1,0,NA
-1.00677729019296,1,0.895612283977016,0,1,0,0.835697587472701,0,1,0,1.3540179534438,1,1,1,2.57911209916202,1,0,NA
0.620988963443898,1,-1.3900252257734,1,1,0,2.14625256477598,1,1,1,2.1337631017218,1,1,1,2.58425565876099,1,1,1
1.99324249254339,1,0.0612377974674705,1,1,1,2.83875285155271,1,0,NA,NA,NA,NA,NA,NA,NA,NA,NA
-1.18313396550829,0,-1.97259650425987,0,1,0,-0.981001985460165,0,1,0,-0.617458339562964,0,1,0,-0.345527783658015,1,1,0
-0.780501608586493,0,0.946941133006848,0,1,1,1.58744088987613,1,1,0,1.89950574262634,1,1,1,2.3879816975859,1,0,NA
1.74769498790242,1,2.1692101061986,1,1,1,2.76398593579486,1,0,NA,NA,NA,NA,NA,NA,NA,NA,NA
1.83718698216698,1,-0.361565761984208,1,1,0,1.05728776423598,1,0,NA,NA,NA,NA,NA,NA,NA,NA,NA
0.194556414446477,0,-0.355116972411397,0,1,1,0.553722811635652,0,1,1,0.403860704595274,0,1,1,1.98203533272909,1,1,1
-1.62023028423844,0,0.0783916414305904,0,1,0,1.27364045141346,1,1,0,-0.794862736497642,0,0,NA,NA,NA,NA,NA
-0.542570527423244,0,0.861500076020541,1,0,NA,NA,NA,NA,NA,NA,NA,NA,NA,NA,NA,NA,NA
1.16741884047502,1,2.39059945863414,1,1,0,4.19305730734585,1,0,NA,NA,NA,NA,NA,NA,NA,NA,NA
2.15373357487731,1,1.4853306174469,1,1,1,4.00863487109693,1,1,1,6.50425811409173,1,1,1,8.72487190508004,1,0,NA
-0.0158765401725334,1,1.5232277369252,1,0,NA,NA,NA,NA,NA,NA,NA,NA,NA,NA,NA,NA,NA
-0.631445133964004,0,-0.180538837990327,0,1,0,-0.935264147317696,0,1,0,-0.35303850331265,0,1,1,1.48665983039522,0,1,1
0.30528731624952,1,0.559387075680566,1,0,NA,NA,NA,NA,NA,NA,NA,NA,NA,NA,NA,NA,NA
0.144878603892084,0,-1.04588201701818,0,1,0,-1.95930033158256,0,1,0,-0.295686332412245,0,1,1,-0.883291459869677,0,1,0
-0.909335306190533,1,-0.277806688473108,0,1,0,-0.261193726221739,0,1,0,0.874206201339228,1,1,0,2.07422048752353,1,0,NA
0.591884173719186,1,0.759490248967291,1,1,0,-0.571625425910481,1,1,1,1.44542982567925,1,1,1,3.54698375087912,1,1,1
1.39044430779123,1,3.24486986955559,1,1,1,2.50282721224984,1,1,1,4.29851771578123,1,0,NA,NA,NA,NA,NA
0.0131204272854507,1,0.852296567360904,0,1,0,0.944210075697779,0,1,0,0.375923284323067,1,1,1,1.0163943599141,1,1,0
0.625750200559898,1,1.97428951053732,1,1,1,2.94368899376688,1,0,NA,NA,NA,NA,NA,NA,NA,NA,NA
0.252085033197336,1,0.834856514239167,1,1,1,-0.28568006326386,0,1,0,1.45805864470974,0,1,1,0.901146459630244,0,1,1
0.461566093810851,1,-0.782088135019461,0,1,0,-0.735635197718058,0,1,0,0.258031987281038,0,1,1,-0.750305013212342,0,1,0
-0.21362309040986,1,-1.39967365653518,0,1,0,0.0442152365463738,0,1,0,-0.0168423272885958,0,1,0,-1.56817573548049,0,1,0
1.19787605791361,1,1.91027617048717,1,0,NA,NA,NA,NA,NA,NA,NA,NA,NA,NA,NA,NA,NA
0.231803133441912,1,1.51461836914075,1,0,NA,NA,NA,NA,NA,NA,NA,NA,NA,NA,NA,NA,NA
-0.502841451950738,0,-1.57050576624238,1,1,1,0.098669376317557,0,1,1,0.212290360850623,0,0,NA,NA,NA,NA,NA
0.630457130487061,1,1.18038763667794,0,1,1,0.516970108707336,0,1,1,2.90664150472459,1,0,NA,NA,NA,NA,NA
0.957297525780924,1,2.57762157554687,1,1,1,2.40973998353172,1,0,NA,NA,NA,NA,NA,NA,NA,NA,NA
-0.0744828631416607,0,-1.06134793206741,0,1,0,-1.98459569986224,0,1,0,-2.8499388569923,0,1,0,-1.74066977017701,0,1,0
-2.67816441082093,0,-1.73893340438654,0,1,0,-1.60120985610735,0,1,0,0.494998743898089,0,1,0,-0.428838868407648,1,1,1
1.63616438658732,1,3.01498102632538,1,1,1,4.1329634134893,1,1,1,3.75149668851847,1,0,NA,NA,NA,NA,NA
-0.750630548636383,0,-0.0363659620078624,0,1,0,-1.55895490879569,0,1,0,0.626575437622885,0,1,0,1.01368962527958,1,1,0
-0.349143907623776,1,-0.573053510068091,1,1,0,0.0114119794173026,1,0,NA,NA,NA,NA,NA,NA,NA,NA,NA
1.61863073979497,1,0.869181541677406,1,1,0,1.31901002554443,1,1,1,2.91671756341392,1,0,NA,NA,NA,NA,NA
-1.89803988850216,0,-2.82885063897738,0,1,0,-4.04649941430875,0,1,0,-4.19389628631608,0,1,0,-7.07785961790582,0,1,0
-1.1065443604311,1,-0.728146660222593,0,1,1,-1.58809987281119,0,1,0,-0.796966071123525,0,1,1,-0.271660069016055,1,1,1
-0.749450708751393,0,0.573198729038079,0,1,0,-0.262102913090692,0,1,0,-0.622414941662156,1,0,NA,NA,NA,NA,NA
-1.31288137012789,1,-1.27830377348021,0,1,0,-0.374037624278199,0,1,0,0.312587846632883,0,1,0,-0.814613688124301,1,1,0
1.10328832396475,1,0.676987489231971,0,1,0,0.591015425153694,1,1,1,0.686737436956611,0,1,0,1.65137543312019,1,0,NA
1.26449613364349,1,2.29397290725506,1,1,1,2.24041767663674,1,0,NA,NA,NA,NA,NA,NA,NA,NA,NA
0.500876131100523,1,-0.492804084373092,0,1,1,0.311429040907626,0,1,0,1.20321553419929,0,1,0,0.688375666651932,1,1,1
-0.43940582572685,1,-0.231587131705914,0,1,0,-0.239593761628923,0,1,0,0.44787286634667,1,1,0,1.11150838351718,1,1,0
-0.423679975612137,0,0.970605435116789,1,0,NA,NA,NA,NA,NA,NA,NA,NA,NA,NA,NA,NA,NA
-0.568073072207334,0,-0.423822047823981,0,1,0,-0.666766789479205,0,1,0,-1.08937863913282,0,1,0,-0.165359860939968,0,1,0
-0.524706366281828,1,-0.183065510639446,0,1,1,-0.62743582528776,0,1,0,0.475053143255471,0,1,1,1.0716309323622,1,1,0
0.482825593869976,1,1.59569619299796,1,0,NA,NA,NA,NA,NA,NA,NA,NA,NA,NA,NA,NA,NA
0.909263365392755,0,0.881048910430663,0,0,NA,NA,NA,NA,NA,NA,NA,NA,NA,NA,NA,NA,NA
-0.456577687018755,1,-1.59363318031743,0,1,0,0.0338963344920261,0,1,1,0.510595224927623,1,1,0,1.25174198129314,0,1,0
0.318990398966857,1,1.79730328259637,1,0,NA,NA,NA,NA,NA,NA,NA,NA,NA,NA,NA,NA,NA
-2.38579275089487,0,-2.89402279057572,0,1,0,-1.22754701569853,0,1,0,-3.52144947860105,0,1,0,-3.26490938625238,0,1,0
0.075836973157585,0,0.277044637546422,0,1,1,0.413289690736006,0,1,1,0.911991626766759,1,1,1,1.43480930281756,0,1,0
-0.878441856374896,1,-0.279100144129938,1,1,1,0.684904984404015,1,0,NA,NA,NA,NA,NA,NA,NA,NA,NA
1.09853317980309,0,2.8194863789348,1,1,1,1.92505955262141,1,1,1,2.67881009265126,0,0,NA,NA,NA,NA,NA
1.18582440763367,1,1.69016342547921,0,0,NA,NA,NA,NA,NA,NA,NA,NA,NA,NA,NA,NA,NA
-2.19649538110396,0,-0.077176825570183,1,1,0,1.19916863482277,1,1,1,-1.04287151243366,0,0,NA,NA,NA,NA,NA
0.92231751847207,1,0.503997927459678,0,1,0,0.961318447734784,1,1,0,1.31681379981489,1,1,1,2.33516289216973,1,1,0
-0.565728393717844,1,0.435398289571122,1,1,0,1.56193105962043,0,1,0,1.74639791978543,0,0,NA,NA,NA,NA,NA
-0.163941021677803,0,-1.12151504461822,0,1,0,-1.92231143985939,0,1,0,-0.982464819416586,1,1,1,-1.57276970906214,0,1,0
0.898500827015439,0,2.97661420429966,1,1,1,2.46724128195265,1,0,NA,NA,NA,NA,NA,NA,NA,NA,NA
0.68916731902298,0,1.32512219490463,1,1,1,3.16961318868996,1,1,1,2.68001861904688,1,0,NA,NA,NA,NA,NA
-0.819023245342681,0,0.649227144303266,0,0,NA,NA,NA,NA,NA,NA,NA,NA,NA,NA,NA,NA,NA
0.320066756976218,1,0.853115572528462,1,1,1,1.24002960066887,0,1,0,2.54698303747062,1,1,1,3.89160037937247,1,0,NA
-0.467075231215858,0,-1.12956958948904,0,1,0,-2.17025201850237,0,1,0,-3.2121591006771,0,1,0,-1.68267546002184,0,1,1
1.25185533604649,1,2.38286099686145,1,1,1,1.38686828220113,1,1,1,2.30397485660825,1,1,0,4.03853022394689,1,0,NA
-1.57147258552999,0,-0.283363107886964,0,1,0,0.210864575010369,1,1,0,-0.584456311211357,0,1,0,0.0177933164573194,0,1,0
0.819754452082411,1,0.579316360910228,1,1,1,2.10484957926554,1,0,NA,NA,NA,NA,NA,NA,NA,NA,NA
1.39109608819633,1,0.547692711932045,1,1,0,2.62070742902471,1,0,NA,NA,NA,NA,NA,NA,NA,NA,NA
-2.60952500918578,0,0.0632916386754521,0,1,1,-0.474923295781168,0,1,0,-1.07192114962272,0,1,0,-1.46321260601836,0,1,0
0.647746596960509,1,-0.085266921648882,1,1,0,0.78563652057922,0,1,0,0.890751709104914,0,1,0,2.21434083837699,0,1,1
-0.362979582071462,1,-0.637006589180941,0,1,1,-0.49742305857037,0,1,0,-0.588582472472274,0,1,0,-0.878721523554605,0,1,0
0.110221751018043,1,-1.56679186807023,0,1,1,0.374547670481412,0,1,1,0.11849670953391,0,1,0,-0.455448914407984,0,1,0
-0.270074147559846,0,0.859969610333365,1,1,0,1.49053367701622,1,1,1,2.82695692264925,1,1,1,4.20547291509547,1,0,NA
0.692097306933716,1,1.07888111207545,1,1,0,1.91507026982799,1,1,0,4.75371097842174,1,0,NA,NA,NA,NA,NA
0.928280305471999,1,-0.164336526725963,1,1,1,0.445067459367582,1,1,0,2.32381510358846,1,1,1,2.73538850890731,1,0,NA
0.593130101339695,1,-0.000117691421017141,1,0,NA,NA,NA,NA,NA,NA,NA,NA,NA,NA,NA,NA,NA
-0.106292768822515,0,0.0355737161310746,0,0,NA,NA,NA,NA,NA,NA,NA,NA,NA,NA,NA,NA,NA
-0.42412912886889,1,-0.457087102683044,0,1,0,1.9067193018919,0,1,1,0.465875447997216,0,1,0,1.69631158782808,1,1,0
-0.14031375201881,0,-0.563944967074988,0,1,1,-0.497596637452234,1,1,1,0.78080973380878,0,1,0,0.100545580223497,0,1,0
-0.227291151311803,0,1.84066743206306,1,1,1,1.54624495889103,1,1,0,0.321017414848485,1,1,1,2.47959825361422,1,1,1
0.205061938233205,1,0.412745761617545,0,1,1,-0.602867992148863,1,1,0,0.781652129201248,1,1,0,0.541558179594055,1,0,NA
-0.824595488543724,0,0.970077794905328,1,1,1,-0.27971275029645,0,1,0,0.571660084332119,0,1,0,1.75237200768396,1,1,1
0.584580583678504,0,1.03576819202518,1,1,1,1.43291148485982,0,1,1,2.06486525711712,1,1,1,2.22091025978996,1,0,NA
-0.998298665870284,0,-1.00048134813414,1,1,0,0.337953621171422,1,1,1,0.491883660255442,0,1,0,2.00117268795708,0,1,1
-1.48428150612725,0,-0.673817094363563,0,1,0,-1.41728044136037,0,1,0,-2.51185397810769,0,1,0,-2.45377414128549,0,1,0
0.25777748308749,1,0.596081245499105,1,1,0,2.22907868233809,1,1,1,2.12551853497902,1,0,NA,NA,NA,NA,NA
0.415290004058814,0,-0.427369952155616,0,1,0,-1.47333540019811,1,1,0,-0.370274216781415,1,1,0,-0.269991584693786,0,1,0
1.02541957291262,1,0.202903887615407,1,1,0,2.41800839649891,1,0,NA,NA,NA,NA,NA,NA,NA,NA,NA
0.726076067920901,1,2.43694058528097,1,0,NA,NA,NA,NA,NA,NA,NA,NA,NA,NA,NA,NA,NA
0.219787376146357,1,-0.68158814850177,1,1,0,-1.37084756042309,0,1,0,0.645862255224716,0,1,1,-0.264511001031035,0,1,0
0.691599611796066,0,0.424415443962633,1,1,1,1.78330707943503,1,1,1,0.790904611891585,0,1,1,1.35152359532568,1,1,1
-0.980497735371133,0,0.942019842156067,1,1,1,1.89080105740411,1,1,1,2.33015473123307,1,0,NA,NA,NA,NA,NA
-1.14060970386147,0,0.175971277863459,0,0,NA,NA,NA,NA,NA,NA,NA,NA,NA,NA,NA,NA,NA
-1.21548799679483,0,-1.02892864670186,0,1,1,0.0918962679380443,0,1,1,-2.05490113549572,0,1,0,-2.16861595212018,0,1,0
0.0447285363233251,1,1.52109892018354,1,1,1,3.03217975008365,1,0,NA,NA,NA,NA,NA,NA,NA,NA,NA
0.661470374680939,0,1.43885790465848,1,1,1,2.73709037798836,1,1,1,0.903019908061865,1,1,1,2.81954230428327,1,1,1
0.906392247142644,0,-1.26447436183101,1,1,0,0.838993283150736,0,1,0,1.04279857380791,1,1,1,1.74008626641298,1,1,0
1.48370145305015,0,1.04875474798822,1,1,1,1.27278342838491,1,1,1,2.2407382699045,1,1,1,5.47681525708719,1,0,NA
0.329200587574838,1,0.443656803617919,1,1,0,0.141012248501319,1,1,0,1.39286899748355,1,0,NA,NA,NA,NA,NA
-0.128191449344178,1,0.24945654243083,1,1,0,1.75569411275868,1,1,1,2.79988944313749,1,0,NA,NA,NA,NA,NA
-0.661276942989563,0,-0.461724051879168,0,1,0,-1.60984867271033,1,1,0,1.24468637972533,0,1,1,1.17550958994658,1,1,1
0.254068219646731,1,1.7690173775293,1,1,1,3.18122267450173,1,1,1,2.11602775449346,1,0,NA,NA,NA,NA,NA
-0.0643552748031504,0,0.732533987690274,0,0,NA,NA,NA,NA,NA,NA,NA,NA,NA,NA,NA,NA,NA
-0.325129316662193,1,0.282292644613022,0,1,1,0.399052924756864,1,1,0,0.140041970922073,0,0,NA,NA,NA,NA,NA
-0.677023065282562,0,-0.436553289730004,0,1,0,-0.0129439312913288,0,1,1,-0.501812667601708,0,1,0,-0.213395250941776,0,1,1
-1.0058648980287,0,1.18105968824422,1,1,1,2.3590116446368,1,1,1,1.99874106793389,1,0,NA,NA,NA,NA,NA
-0.982946998026845,1,-0.367957438259502,0,1,1,-0.788844346043729,0,0,NA,NA,NA,NA,NA,NA,NA,NA,NA
1.46883036183792,1,-0.00296462250271712,1,1,1,1.19192520253443,0,1,1,1.0112192542153,1,1,1,3.75865117728162,1,1,1
0.250617833293516,1,-1.3344776798052,0,1,0,-0.860673420950604,0,1,0,-0.542027074159944,0,1,0,-1.62411091937064,0,1,0
-0.430071756633296,0,-0.442541515126641,0,1,1,1.24477234464588,1,1,0,-0.312517237317228,1,1,1,-1.97408238060131,0,1,0
-1.57919107955978,0,-1.1054108535521,0,1,0,-2.69736841429505,0,1,0,-3.11239432098448,0,1,0,-3.37275292008246,0,1,0
0.192863736910639,0,-0.833345034220463,0,1,0,-0.149159656548694,1,1,0,0.785133892555619,0,1,1,0.666949143473239,1,1,1
-0.497300055180433,1,-0.354879454575639,0,1,1,-0.389592311175885,0,1,0,0.88795106469988,1,1,0,1.83655146081558,1,0,NA
-0.0858915513421521,0,-0.249664235050874,0,1,0,-1.10499516675531,1,1,1,0.377023464695896,0,1,1,0.645285009161113,1,1,0
-0.207148755289783,0,-2.43684389614589,0,1,0,-1.09664060867582,0,0,NA,NA,NA,NA,NA,NA,NA,NA,NA
0.776055388702504,1,0.679774889114558,0,1,0,1.54806557302384,1,1,1,0.738039408979156,1,0,NA,NA,NA,NA,NA
-0.0686352590528387,0,0.145464021590598,1,1,0,1.89406489875469,1,1,0,2.02002278996223,1,0,NA,NA,NA,NA,NA
-0.178001417030709,1,-1.15161935728546,0,1,0,-0.21275388439484,1,1,0,1.04211024929325,0,1,0,-1.05998104456141,0,1,0
2.3728384785312,1,1.71389465501766,1,1,1,2.51488716972339,1,1,1,5.20117931886538,1,0,NA,NA,NA,NA,NA
1.08720419757735,1,0.454617847230329,0,1,1,3.16326159802942,1,1,1,2.50386782056461,1,1,1,4.17953918262198,1,0,NA
0.130018231301872,0,0.582624248183696,1,1,1,-0.526645382431673,1,1,1,1.32805267923745,0,1,1,0.949975894620555,1,0,NA
-0.731197996627968,1,-0.837553993083176,0,1,1,-0.806026508020467,0,1,0,-2.26449327235132,0,1,0,-2.5614122006309,0,1,1
1.17912968355308,0,0.749866926245716,0,1,0,1.58027878173458,1,1,0,1.42381958469536,1,1,1,2.18389711007274,1,0,NA
-0.932649556192767,1,-0.173181261301813,0,1,0,-0.883673247864455,1,1,1,-1.16535263155414,0,1,0,-0.32758634667136,0,1,0
-0.0480641732276498,0,-0.54840889532102,1,0,NA,NA,NA,NA,NA,NA,NA,NA,NA,NA,NA,NA,NA
0.852585748520976,1,-2.04312965685811,1,1,0,-1.88390311810308,1,1,0,0.032044222163994,0,1,1,-1.41071057120507,1,1,1
-0.411312115325928,1,0.232102904307068,0,1,1,1.21356362013972,1,1,1,0.295505948413204,0,0,NA,NA,NA,NA,NA
-0.367209823908698,0,0.739095118521085,0,1,0,-0.437524823222229,0,1,1,0.979491125112256,0,1,1,0.0831241575114935,0,1,1
0.440309141403076,1,0.179084863485309,1,1,1,-0.653511773645598,0,1,0,1.85215273632454,0,1,0,1.64536834593319,0,1,0
0.139471132630852,1,2.00445327492847,0,1,1,2.66753957991274,1,1,1,4.08584172386096,1,0,NA,NA,NA,NA,NA
-0.249252612008858,0,-1.28575071395288,1,1,0,-0.0634844351294427,0,1,0,0.73959698323664,1,1,0,0.65170968437216,0,1,1
-0.209374034941842,0,-1.26779842248729,1,1,0,-0.931910377054216,0,1,0,-1.90652171856416,0,0,NA,NA,NA,NA,NA
0.250899225803122,0,0.313308693571183,1,1,0,0.153766210140913,0,1,0,-0.158596344053473,0,1,0,0.148123736138361,1,1,0
0.466728667413922,1,-1.19191493534664,0,1,0,1.24835357090001,1,0,NA,NA,NA,NA,NA,NA,NA,NA,NA
1.29426181595304,0,1.70274411816229,1,1,1,2.16016243735123,1,1,1,4.32367963141245,1,1,1,4.64041349783236,1,0,NA
-0.419232279340387,0,-1.06775434012019,1,1,0,0.479164912170185,0,1,0,-1.67993669503459,1,1,0,-0.697706944952295,0,1,0
1.31665945128356,1,1.36971399882919,1,1,0,3.05624236561859,1,0,NA,NA,NA,NA,NA,NA,NA,NA,NA
-1.46521635684288,0,-2.28291934663558,0,1,0,-1.28293750116504,0,1,0,-1.4268349033803,0,1,1,-0.743704621119684,0,1,0
-0.645086569893443,1,-0.354754944403973,1,1,0,0.400595914287568,1,1,1,1.29838864951977,1,1,1,1.52323551574943,1,1,1
-1.35290184950346,0,-1.2602824461899,0,1,0,-2.71282779882254,0,1,0,-1.11910632146562,0,1,0,-3.72517987181193,0,1,0
0.30944156174369,0,1.77601330814198,1,1,1,3.94351468864058,1,0,NA,NA,NA,NA,NA,NA,NA,NA,NA
0.420861380723434,1,-0.789666981746124,0,1,1,-0.636051697593405,1,1,0,-0.00126736753146311,0,0,NA,NA,NA,NA,NA
-1.36602541858539,1,-1.53852139963585,0,1,0,-2.08699779931579,0,1,0,-1.75768919761264,0,1,0,-1.5847936068896,0,1,0
0.0478644721567874,0,0.883688276948173,1,1,0,2.00061110148973,1,0,NA,NA,NA,NA,NA,NA,NA,NA,NA
-0.91386627420982,0,1.41077099181138,1,1,1,2.21439982674777,0,1,1,1.05155310930747,1,1,0,2.65459210051347,1,0,NA
0.493842855094217,1,-0.367393872731074,1,1,0,0.593580161804161,0,1,1,1.00142936694966,1,1,1,3.76011723470591,1,1,1
-1.55491383941194,0,-1.40192830512533,0,1,0,-0.554977918471818,0,0,NA,NA,NA,NA,NA,NA,NA,NA,NA
0.864717315822876,1,1.05656117886313,0,0,NA,NA,NA,NA,NA,NA,NA,NA,NA,NA,NA,NA,NA
-0.044407932368369,1,-0.683514952893327,1,1,1,1.33199371635239,1,1,1,0.740259504866619,1,1,1,2.94423423365467,1,1,1
-1.03594269374147,1,-0.289142938625375,0,1,0,-1.67131273194934,0,1,0,-1.72805951041497,0,1,0,-2.38457051313482,0,1,0
-0.0829221120128502,1,-1.08988203216598,1,1,0,0.0283786926223535,1,1,0,1.45634695498278,1,1,1,2.79698911540859,1,1,1
-0.265667025139044,1,-0.408306915618013,0,1,1,-0.389693766369226,1,1,0,-0.439333655964798,1,1,0,-0.0140783374216956,1,1,1
-0.364461374099185,1,-0.163405876243668,0,1,1,0.403187556756165,0,1,0,3.58147633067983,1,1,1,2.85755137958974,1,0,NA
-1.49734909156591,0,-1.6182076211287,0,0,NA,NA,NA,NA,NA,NA,NA,NA,NA,NA,NA,NA,NA
-0.585210155969012,0,-0.013864613546557,0,1,1,-0.223053812618683,0,1,0,-1.06080288399151,0,1,0,-1.07193731559984,1,1,0
-0.17332762282201,1,-0.699363271465157,1,1,0,-0.231132712720201,1,1,1,-0.144440213997077,1,1,1,0.600320170640653,0,0,NA
-1.48325220728214,1,-0.388903390262594,0,1,1,-0.460576263202157,0,1,0,-0.221310442120712,1,1,0,1.04111213178946,0,1,1
0.302361385182744,0,-0.735632342010325,1,1,1,-0.384639931742477,0,1,0,-0.560840093831491,1,1,1,1.44670922534489,1,1,1
1.37311638605898,1,0.9894676774897,1,1,1,2.05914404392967,0,1,1,3.74190355550037,1,0,NA,NA,NA,NA,NA
0.782087200345919,1,0.487975755634482,0,1,0,0.87934742330613,0,1,1,0.0276558236436946,1,1,0,0.783482824431705,1,1,0
-0.798532957525137,0,-0.99302322889073,1,1,1,-1.14048423683325,0,1,0,-0.710856704747157,0,0,NA,NA,NA,NA,NA
-0.65686621713525,1,-1.16175191283277,0,1,0,-0.351539410042794,1,1,1,-0.570751815753986,1,1,0,-2.76747184302795,0,1,0
-0.465692254480316,0,0.647792082406588,0,0,NA,NA,NA,NA,NA,NA,NA,NA,NA,NA,NA,NA,NA
0.605893415386905,1,1.04465799324981,1,1,0,1.68816311799792,1,1,0,1.94469529418333,1,1,1,2.56256129814926,1,0,NA
-0.0395195372513891,0,-1.06833443360483,0,1,0,0.538934396951587,0,1,0,0.121266486031542,0,1,1,0.417567602749161,1,1,1
-0.945056502792231,1,1.21741793160364,0,1,1,0.893956163899897,1,0,NA,NA,NA,NA,NA,NA,NA,NA,NA
-1.51198461058447,1,-0.938484203514796,0,1,0,-2.26199887254201,0,1,0,-0.81807525672719,0,1,1,-0.115726179744257,0,1,0
0.559297162978602,1,1.9735782119331,1,1,1,3.56417643963249,1,1,1,3.98727103861216,1,0,NA,NA,NA,NA,NA
-1.04396345037488,0,-0.698488789161222,0,1,0,-0.142839224916922,0,1,0,-0.412660180445671,0,0,NA,NA,NA,NA,NA
0.497012072437788,1,0.200331233945936,1,0,NA,NA,NA,NA,NA,NA,NA,NA,NA,NA,NA,NA,NA
0.0730709155813911,1,-1.26398897479446,0,1,0,0.167983329845338,0,0,NA,NA,NA,NA,NA,NA,NA,NA,NA
0.721771014943123,0,-0.655279143252685,0,1,0,-1.84300326130866,0,1,0,0.986861301188816,0,1,0,-0.524644958292984,0,1,0
1.09417150104969,1,1.11959032808623,1,1,1,2.96368907989212,1,0,NA,NA,NA,NA,NA,NA,NA,NA,NA
-1.42329438949761,0,-0.605336924086655,0,1,0,-0.558060684709579,0,1,0,-0.36570400908381,0,1,0,-2.17216233394446,0,1,0
1.02230365754448,1,-0.115641844777562,1,1,1,1.39123052043228,1,0,NA,NA,NA,NA,NA,NA,NA,NA,NA
0.687815078920929,0,0.477890702637327,1,1,1,1.29283292435121,0,1,1,3.60757230936475,1,1,1,3.22051434789143,1,0,NA
-0.307454889660927,0,1.42281494189058,1,0,NA,NA,NA,NA,NA,NA,NA,NA,NA,NA,NA,NA,NA
-0.0197490555703713,1,0.0093184175446579,0,0,NA,NA,NA,NA,NA,NA,NA,NA,NA,NA,NA,NA,NA
0.488398385701636,0,0.101220839616417,0,1,1,0.485873074883749,1,1,0,0.739900790441692,0,1,1,0.285089486384238,1,1,1
0.660500810354084,0,1.45541821589762,1,1,0,2.47966262648255,1,1,1,2.89162955296589,1,1,1,4.96796160085683,1,0,NA
-1.71404332731453,1,1.24289066897134,1,1,1,-0.206771518695645,1,1,0,0.582458460778,1,0,NA,NA,NA,NA,NA
1.45885698110729,1,-0.360535597835218,1,1,1,1.39864667640223,1,1,0,1.21568127476694,1,1,1,2.81612608806872,1,1,1
-1.40789548336394,1,-2.56468472319546,0,1,0,-2.76087882076451,0,1,0,-1.15362304185912,0,1,0,-1.72038477650588,0,1,0
-2.0811641192689,0,-2.74304038854618,0,1,0,-0.800818936560229,0,1,0,0.594158096617181,1,1,1,0.882121387933897,0,1,0
0.954239385650312,0,-0.385852941452075,1,1,1,0.477203557010434,1,1,1,0.394518542835694,1,1,1,0.848450214930348,1,0,NA
-1.51159225445321,1,0.38754050201368,0,1,0,-0.649300041112842,0,1,0,-1.41575351953454,1,0,NA,NA,NA,NA,NA
-0.224143134032667,0,0.165397079794714,0,1,0,-0.645332403369074,0,1,0,0.91846370861006,1,1,1,0.945097001510966,1,1,1
-1.34652889551142,0,-0.868207452198883,0,1,0,-0.912664193485667,0,1,0,-0.990859375020491,0,0,NA,NA,NA,NA,NA
-1.79458430934769,0,-1.013138963476,0,1,0,-0.939287728323793,0,1,0,-1.43180940866392,0,1,0,-3.0519917496031,0,0,NA
-0.442113996050495,1,-0.762942301855948,1,1,1,-0.286018160207583,0,0,NA,NA,NA,NA,NA,NA,NA,NA,NA
0.647112024498933,1,0.489619196110416,1,1,0,1.44644449147101,0,1,1,3.3932753129835,1,0,NA,NA,NA,NA,NA
0.315899380117686,1,0.932570790930233,1,1,0,0.249708975953173,1,0,NA,NA,NA,NA,NA,NA,NA,NA,NA
-0.642473816319186,1,1.24377125499528,0,1,1,2.28252479372559,0,1,1,2.26423867630211,1,1,1,4.64988827179878,1,0,NA
-0.0157570470708231,1,-0.298090077685172,0,1,1,0.60956357187888,0,1,0,1.68569841133656,1,1,1,0.485994021280225,1,1,1
-0.0986951474975073,1,1.12009350471467,1,1,0,2.51340355774348,1,1,0,1.88944783305269,1,1,1,2.86431725546267,1,0,NA
-0.0235244885614462,0,1.0334699852276,0,1,1,-0.0270954068355008,0,1,0,0.445509208594697,1,1,0,0.202762381548277,1,0,NA
-0.446038295193204,0,0.387495373008327,0,1,0,-1.57522635265789,0,1,0,-0.670576458585269,0,1,0,1.25102494272101,0,1,1
0.360949902610342,1,0.718673051049441,1,1,1,2.79657234283169,0,0,NA,NA,NA,NA,NA,NA,NA,NA,NA
-1.08270251099142,0,-2.14219003722597,0,1,0,-1.46545002908044,0,1,0,-4.14513712739846,0,1,0,-3.29786191385641,0,1,0
0.377517395774565,0,0.527576859615999,1,1,0,2.19846833058055,1,1,1,2.89863019560881,1,0,NA,NA,NA,NA,NA
-0.339407704479161,1,-0.718635997835703,0,1,0,-1.38683015142185,0,1,0,-1.42119028011402,0,1,1,-2.4967939152962,1,1,0
-0.335598592028236,0,-0.75210129298595,0,1,0,-1.35575637327289,1,1,0,1.41281942152721,0,1,0,0.166063390802845,1,1,0
0.7058040936338,1,3.18479282984776,1,1,1,2.36360742199649,1,1,0,2.50984551019763,1,0,NA,NA,NA,NA,NA
-0.427571822018134,1,-1.23105811969217,0,1,0,-1.81840443476296,0,1,0,-1.1506932792311,0,1,0,-0.804979592822252,0,1,0
-0.985350251537578,1,0.0681529456035069,0,1,0,2.36253407398377,1,1,1,0.418250129665148,1,1,0,1.44201572442001,0,1,0
-1.20303834151224,0,2.44507541967768,0,1,0,1.49184984339739,1,1,1,0.92552803248731,0,1,1,1.03128634369552,0,1,0
0.669032743364687,1,2.86459561003585,1,1,0,3.2909120119947,1,0,NA,NA,NA,NA,NA,NA,NA,NA,NA
-2.33328737733905,0,-3.64705282545508,0,1,0,-3.80528730173464,0,1,0,-3.9414062517017,0,1,0,-4.84944175337538,0,1,0
-0.416915573563025,0,-1.05573572712593,0,1,0,-2.18189058690394,0,1,0,-2.36202348907264,0,1,0,-3.36505309486503,0,1,0
0.181456387645657,1,-1.48468213196253,0,1,0,-2.0240425776338,0,1,0,-1.28147068252066,0,1,0,-0.822668037837517,0,1,0
-1.37496040815191,0,-0.671097506373611,0,1,0,-3.18322497040344,0,1,0,-1.42271973002109,0,1,0,-1.12953260648481,1,1,0
0.00696295872373336,0,-0.240690817351294,0,1,1,-0.257513548037465,0,1,1,0.635464466861989,1,1,0,0.662379967238897,1,1,0
0.670240018934236,1,-0.386416707326493,1,1,1,0.44568408963755,0,1,1,3.15342708184753,1,0,NA,NA,NA,NA,NA
-1.82442858730991,1,0.215432053645766,0,1,0,-0.7686713712962,0,1,0,-0.370637061488243,1,1,0,-1.15551675687051,0,1,0
-0.887213958856379,0,-2.69556826198813,1,1,0,-1.37552127663574,0,1,1,-0.305332685667204,0,1,0,-0.10979076510138,1,1,0
1.76226244398383,1,1.60363259807679,1,1,1,2.22714117972087,1,1,0,3.44286033666918,1,1,1,2.88143550710051,1,0,NA
-0.65462442147273,0,-0.351665311560107,1,1,0,-0.184173008327164,0,1,1,1.18094957197688,1,1,1,2.45042206484967,1,0,NA
-0.966094459928818,0,0.253897655625471,0,1,0,-0.463517712430852,0,1,1,-1.45064244032094,0,1,0,-1.51288288302975,0,1,0
-0.857718561750186,0,-0.269479936486178,0,1,0,-0.427813676650714,0,1,0,0.673127212701069,0,1,0,0.394545144241418,1,1,1
-0.434319399579906,0,0.295991112402934,0,1,0,-1.4027536301077,0,1,0,-0.371081141428219,0,1,0,-1.23148955765331,1,1,0
0.185919886253164,1,-0.293468529895692,1,1,1,0.707079312071341,0,1,0,0.94259441904886,0,1,1,2.2925219316178,1,1,1
-0.703667266915411,0,-0.224040457773416,0,1,0,-0.898822576514988,0,1,0,0.108281402037826,0,1,1,0.405825377686681,1,1,0
0.201719599167546,1,0.819459998714638,1,0,NA,NA,NA,NA,NA,NA,NA,NA,NA,NA,NA,NA,NA
0.701952747275458,1,2.46064270084592,1,1,0,2.78721949941055,1,0,NA,NA,NA,NA,NA,NA,NA,NA,NA
0.336181512220115,0,-0.355376800867832,1,1,1,0.41898740204912,1,1,1,-0.297190519061624,1,1,1,0.642564253430624,0,0,NA
0.74982570129541,1,0.593674385655966,1,0,NA,NA,NA,NA,NA,NA,NA,NA,NA,NA,NA,NA,NA
-0.800882335188553,0,-1.6916354178662,0,1,0,-0.663280027795417,1,1,0,-1.01944412711274,0,1,0,-2.1126992999519,0,1,0
-0.122741393064011,0,3.25610418407904,0,0,NA,NA,NA,NA,NA,NA,NA,NA,NA,NA,NA,NA,NA
0.664288591501356,1,1.05053070674506,0,1,0,0.471005500772172,1,0,NA,NA,NA,NA,NA,NA,NA,NA,NA
0.0549578832347883,1,1.97315215039134,1,1,1,1.15385754785747,1,1,1,4.18739189216172,1,1,1,5.64063025194817,1,0,NA
0.212695033841387,1,-0.124781195222096,1,1,0,0.180684886257974,1,1,0,-0.879702251820425,0,1,0,-0.924034931309919,0,0,NA
0.0508606797200874,1,-0.659382177940867,0,1,0,1.08820297545263,1,1,1,2.08606873751835,0,0,NA,NA,NA,NA,NA
0.182916850669564,0,-0.381338808690457,1,1,0,-0.0737802206080111,1,1,0,0.0943730886427502,1,1,1,-1.48051772883519,0,1,0
-0.0246729283718233,0,1.15240250795533,1,1,1,0.0181569186743267,0,1,1,-0.010537613693155,1,0,NA,NA,NA,NA,NA
-1.09939099821092,0,0.64648006976805,1,1,0,0.133073806896876,1,1,1,1.02584153195403,0,1,1,1.45432298148123,0,1,0
0.173999331072479,0,1.6785545822529,0,1,1,1.50667807960592,1,0,NA,NA,NA,NA,NA,NA,NA,NA,NA
-0.45536672234928,1,0.813190261003772,1,1,0,-0.573536609190598,1,1,0,-0.374066793788693,1,1,0,0.949149416543572,1,1,0
1.43577886180154,1,1.33268248483166,1,0,NA,NA,NA,NA,NA,NA,NA,NA,NA,NA,NA,NA,NA
-0.529590169612876,1,1.11308354034274,1,1,0,2.04187658327508,1,0,NA,NA,NA,NA,NA,NA,NA,NA,NA
0.152151396071861,0,-0.210424929232618,1,1,1,-1.53242752402202,1,1,0,-0.562743455597631,1,1,1,0.881287081619897,0,1,0
-1.97326132409618,0,2.11704824202208,1,1,0,3.66717155578689,1,1,1,4.39178337473274,1,1,1,2.93140011973236,1,0,NA
-0.658878760701194,0,0.247894062037976,0,1,0,-0.154511977603689,0,1,0,0.267165078027531,1,1,1,0.0805254120622207,0,1,0
-0.828452648882737,0,-1.82491168518427,0,1,0,-3.06779422443969,0,1,0,-2.01232493058723,0,1,0,-2.13961876382725,0,1,1
1.23170354306709,1,2.01596111949212,1,0,NA,NA,NA,NA,NA,NA,NA,NA,NA,NA,NA,NA,NA
-0.151085950935197,1,-0.439182368017429,0,1,1,-0.199050249938093,0,1,0,-0.0298814579478542,0,0,NA,NA,NA,NA,NA
0.144956274656509,0,0.726177614634236,1,1,0,-0.30166652527251,1,1,0,1.64527567758123,1,1,1,1.78120546469271,1,0,NA
0.300296912049029,1,0.252842696669248,0,1,0,0.320236693375109,1,1,1,2.75982362479102,1,1,0,3.48079622625229,1,0,NA
-0.531111479264658,0,1.22527319351503,1,1,1,0.950326661783651,1,0,NA,NA,NA,NA,NA,NA,NA,NA,NA
0.300715141684049,0,0.0608160695986097,1,1,0,-0.298047569161297,0,1,0,-0.138548490035532,0,1,1,1.19220628495559,1,1,0
1.50662404051982,1,2.68246146265729,1,1,1,3.16057582442685,1,1,0,4.29259722501567,1,0,NA,NA,NA,NA,NA
0.616992709956802,0,-0.125095983755549,1,1,0,0.670632862741912,1,1,1,1.8737106664069,1,0,NA,NA,NA,NA,NA
0.714400058203048,1,1.61180886768445,1,1,1,2.05409023448327,1,0,NA,NA,NA,NA,NA,NA,NA,NA,NA
-0.834522825751897,1,0.278277041710856,0,1,0,0.551062762640839,0,1,1,0.426364153254312,0,1,0,1.47649132692815,1,1,0
0.179047539276805,1,0.121597455442356,0,1,0,-0.810201654394069,0,1,0,-0.664859667533059,1,1,1,1.32466403215564,1,1,0
0.293346436715331,1,0.164149433861174,1,1,1,1.61830876233817,0,0,NA,NA,NA,NA,NA,NA,NA,NA,NA
-0.655101630091572,1,-0.353473173997947,0,1,0,-0.211322043158684,0,1,0,0.350858838673401,0,1,1,-0.49420813763383,0,1,0
0.117420548335933,1,-0.327927085860295,1,1,0,0.45629255201073,0,1,1,-0.519521389148693,1,1,0,1.34105662786592,1,0,NA
1.97352809039938,1,-0.952039101915967,1,1,0,1.87875722112204,1,1,1,2.34947071010915,1,0,NA,NA,NA,NA,NA
-0.974533231961422,0,0.371918443338693,1,1,0,0.766567571336183,1,1,1,1.23595812900488,0,1,1,3.08810110684203,0,1,0
0.552947651207812,0,0.19937564040808,1,1,0,0.157064768789291,1,1,0,1.45337341137748,1,1,1,-0.815142035780192,1,1,0
-1.07382112975227,1,0.601184575972793,0,1,1,0.033690094349197,0,1,0,-0.898546763159998,0,1,1,0.290977196070283,0,1,0
0.351996769280441,1,0.772209532901488,0,1,1,1.76963400573363,1,1,1,2.58804584482788,1,0,NA,NA,NA,NA,NA
-1.04182477574096,1,-0.869242658811725,1,1,0,0.935693474500125,0,0,NA,NA,NA,NA,NA,NA,NA,NA,NA
0.590351151685933,1,4.2842535542327,1,1,1,4.64502127001583,1,0,NA,NA,NA,NA,NA,NA,NA,NA,NA
-1.26843989879875,1,0.449010186936932,1,1,0,0.946439836354354,0,1,0,0.377335560698525,1,1,0,0.26058581913338,0,0,NA
0.0204776647071165,1,0.240941254547282,0,0,NA,NA,NA,NA,NA,NA,NA,NA,NA,NA,NA,NA,NA
1.34131625877434,0,-0.108450297320365,1,1,1,1.26903028313474,1,1,1,2.26083370340699,1,1,0,3.69644356946674,0,0,NA
-0.222474087449441,0,-0.0669684436734466,1,0,NA,NA,NA,NA,NA,NA,NA,NA,NA,NA,NA,NA,NA
-0.106397594203637,0,-0.291470875993925,0,1,0,-0.774095324721761,0,1,0,-1.92814327322125,1,1,0,-1.40724871807568,0,1,0
1.40419031178976,1,1.27093785701435,0,1,0,2.24952499734666,1,1,1,4.63948664049782,1,1,0,5.65706882860857,1,0,NA
2.03629655316149,1,1.56260494745131,1,0,NA,NA,NA,NA,NA,NA,NA,NA,NA,NA,NA,NA,NA
2.48310511270667,1,0.180329867755669,1,1,0,0.862512250984771,1,1,1,1.82199704849463,1,0,NA,NA,NA,NA,NA
-0.393625324430424,0,-0.606655104272389,0,1,0,1.09186613882829,0,1,1,0.779954490814462,0,1,1,0.918436538151136,0,1,1
-1.05513659065903,0,1.82808864489513,0,1,1,-1.10701121684923,1,1,1,0.254635426129886,1,1,0,0.230080331332395,1,1,1
0.651154342417501,1,0.138367055931055,0,1,0,1.36166746190677,0,1,0,0.718783500230969,1,0,NA,NA,NA,NA,NA
0.435595444256836,1,-0.929988639864623,0,1,0,-0.672741127539886,0,1,1,-0.75620497656402,0,0,NA,NA,NA,NA,NA
1.28520823436664,1,1.69381624256957,1,1,1,2.72199119355058,1,1,1,4.3071612186505,1,0,NA,NA,NA,NA,NA
0.150213367683698,1,0.434357025788008,0,1,1,-0.432104864251479,1,1,1,0.818492371879402,1,1,0,3.83926376054644,0,1,1
0.160819359448959,0,0.89457523774812,1,1,0,0.890687200424093,1,1,0,2.97336458010582,1,1,1,4.6612337601671,1,0,NA
1.51375863443316,0,0.904585368403499,0,1,0,0.07864024832478,1,1,0,1.55914658027558,1,1,1,0.588960245759341,1,0,NA
0.161990769974966,1,0.236326036596017,1,1,1,2.1508758504318,1,0,NA,NA,NA,NA,NA,NA,NA,NA,NA
0.68223512694434,1,-0.354858662130926,1,1,0,1.50362097410329,1,1,1,1.51496763438866,0,1,1,1.43193935997813,1,1,1
0.484517544998582,1,0.354207162113212,1,1,1,1.06782080783385,1,1,1,0.288817901866772,0,1,1,2.34254171861237,1,1,0
-0.0444719203914545,0,1.72047473117799,0,1,1,-0.187978200369261,1,1,0,0.0194052578817987,0,1,0,1.99179089860228,0,1,1
-0.53481116323028,0,1.0294822115634,1,1,1,1.32335464797248,1,1,1,2.37335606974452,1,1,1,3.30612013221015,1,0,NA
-0.337547843522416,0,-0.186532700369655,0,1,0,2.1966010867524,1,0,NA,NA,NA,NA,NA,NA,NA,NA,NA
-1.94852696812301,0,-1.59673328202885,0,1,0,-1.42426512845202,0,1,0,-0.0662976328033535,0,1,0,-2.03410436747296,0,1,0
1.27845501649895,1,1.68888345639228,1,1,1,2.18632231120217,1,1,1,3.33220544993671,1,0,NA,NA,NA,NA,NA
-1.59511082920805,0,-0.876441593715707,0,1,0,-0.712551752698144,0,1,0,-0.797342024265558,0,1,0,-1.43998965700415,0,1,0
-0.590700483309733,1,-1.83832888205325,0,1,0,-0.302235876274092,0,1,0,-0.746453663861711,1,1,1,-0.552839349767795,0,1,1
-0.370331045729754,1,-1.03391202920555,1,1,0,-0.167746942316759,0,1,0,-0.419076840536913,0,1,1,0.881158133019821,1,1,0
1.20552835668786,1,1.90187643450007,1,1,0,0.444194273889684,1,1,1,2.49366133198368,1,0,NA,NA,NA,NA,NA
0.0578507042481702,1,0.85738980845186,1,1,0,0.155180714798558,1,1,0,-0.284662884603408,1,1,1,2.13558054323544,0,1,1
0.944225289376759,1,1.52224238715584,1,1,1,2.34096092003151,1,0,NA,NA,NA,NA,NA,NA,NA,NA,NA
-0.294231849492569,0,0.179480362959712,0,1,0,1.7318508960648,1,1,1,2.41715076810072,1,1,1,2.51180398776865,1,1,0
1.67136844844011,1,0.0576175513929995,1,1,0,-0.814399141868451,1,1,0,0.765400526150986,0,0,NA,NA,NA,NA,NA
0.486997818356882,1,0.984254992392645,1,1,1,1.48037467149835,1,1,1,3.07640481895621,1,0,NA,NA,NA,NA,NA
0.547294217368083,0,0.204384053618215,0,1,0,-0.141914940121243,0,1,1,-0.507756800487781,1,1,1,1.31481023317797,1,1,1
0.877530983969036,1,3.08459826372935,1,1,0,3.05098382310424,1,0,NA,NA,NA,NA,NA,NA,NA,NA,NA
-1.48223225272895,0,-0.14579153898636,1,0,NA,NA,NA,NA,NA,NA,NA,NA,NA,NA,NA,NA,NA
-0.0105240124009548,0,0.462333634861103,0,1,0,0.23834920553459,1,0,NA,NA,NA,NA,NA,NA,NA,NA,NA
0.214424248543628,0,0.662802240984783,1,1,1,2.36822415471331,1,1,1,2.52880326063149,1,1,1,4.04634362862622,1,0,NA
-0.76672924833678,0,-1.09612137340386,0,1,0,-1.28445747473695,0,1,0,-1.71197494234802,0,1,0,-2.27237918736694,0,1,0
0.0121705199650967,1,1.79040838670245,1,0,NA,NA,NA,NA,NA,NA,NA,NA,NA,NA,NA,NA,NA
-0.721340330848372,1,0.419168226448026,0,1,0,0.143219735587871,0,1,0,0.786317207414817,0,1,0,-0.458896214635621,0,1,1
0.219747429679615,1,0.431718692749252,1,1,0,1.09011609852739,0,1,0,1.18522860201539,1,1,1,2.21526588490573,1,0,NA
-1.78482822322188,0,1.41549182568701,0,0,NA,NA,NA,NA,NA,NA,NA,NA,NA,NA,NA,NA,NA
0.284409588673499,1,0.83333773509249,1,1,1,1.27520834949472,1,0,NA,NA,NA,NA,NA,NA,NA,NA,NA
-0.636273493528611,0,-1.71370132293317,0,1,1,-1.08592440329771,0,1,0,-0.836947655653193,0,1,0,0.0438929574129141,0,1,0
0.939339897411908,0,-0.996112533343184,0,1,0,-0.681699229685132,1,1,0,-0.0993379321304256,0,1,0,0.87640051899436,0,1,1
-1.97311049815324,0,-0.722168215068068,0,1,0,0.453696935937217,0,1,0,-1.99784238115927,0,1,0,-2.35320711004599,0,1,0
0.0425133093058528,1,2.1222372920209,1,1,0,1.66384507780695,1,0,NA,NA,NA,NA,NA,NA,NA,NA,NA
-0.22090964246246,1,-0.323267027566482,0,0,NA,NA,NA,NA,NA,NA,NA,NA,NA,NA,NA,NA,NA
0.940523613128399,1,1.1252810770297,1,1,0,2.84972197501936,1,1,1,3.31649454262516,1,0,NA,NA,NA,NA,NA
-1.58001110881281,0,-1.13158671039429,0,0,NA,NA,NA,NA,NA,NA,NA,NA,NA,NA,NA,NA,NA
-0.548731015064968,0,0.998078073637895,0,1,0,-0.618167561125814,0,1,1,0.314175904759895,0,1,1,0.935406547382918,0,1,0
0.711861517361881,0,1.13050584175957,1,1,0,3.15915930720163,1,1,1,3.66294260836358,1,0,NA,NA,NA,NA,NA
0.612873622598499,1,1.41656804728781,1,0,NA,NA,NA,NA,NA,NA,NA,NA,NA,NA,NA,NA,NA
0.356334107598921,0,1.25342728730659,1,1,1,1.44378858286528,1,0,NA,NA,NA,NA,NA,NA,NA,NA,NA
0.288570307268879,1,-0.0784472002169438,0,0,NA,NA,NA,NA,NA,NA,NA,NA,NA,NA,NA,NA,NA
-1.66854171402762,1,-0.633143470957202,0,1,1,-0.765850822942546,0,1,0,-0.109945666655764,0,1,0,0.833451679552087,1,1,0
0.851062197178538,0,0.460955657184985,0,1,1,0.412276752201896,1,1,0,2.78843816025421,1,1,1,1.830962497319,1,0,NA
0.215776063450083,0,1.24527180082032,1,1,1,-0.300144870780805,0,1,0,-1.50400653628474,0,1,0,0.699967706471673,0,1,0
-1.81470708529688,0,-0.689786579617103,0,1,0,0.762596312602561,0,1,0,-0.772969043617717,1,1,0,0.914982910661005,0,1,0
-0.173451330152109,0,0.889614444893945,0,1,0,-0.112674599270133,1,1,0,-0.780053547720896,0,0,NA,NA,NA,NA,NA
0.953767761271997,0,2.71560212153808,1,1,0,3.20806898584361,1,1,1,3.28627439113238,1,1,1,6.48225777153597,1,0,NA
0.703787584477816,1,1.17689859844201,1,0,NA,NA,NA,NA,NA,NA,NA,NA,NA,NA,NA,NA,NA
-0.631284950402577,1,0.853336064330048,1,1,0,1.58178205364165,0,1,1,2.8736746852375,0,1,1,1.55254295771262,1,0,NA
0.907591768209854,1,0.617575090775138,0,1,0,2.74682644921705,0,0,NA,NA,NA,NA,NA,NA,NA,NA,NA
-0.396963325733646,1,1.22142024240542,0,1,1,-0.254007436132462,1,1,0,1.83512358102942,1,1,1,2.61322712788356,1,0,NA
0.381958965453471,0,1.24089046470239,1,1,1,0.900208250337146,1,1,0,1.28773421107428,0,1,0,0.299052240702538,1,0,NA
0.928532701142653,1,0.917337694450276,1,1,1,1.26199111928269,1,1,1,1.11990229883255,0,0,NA,NA,NA,NA,NA
0.390576088768169,0,1.56650767261405,0,1,1,1.01535410699353,1,1,1,0.902436263102638,0,1,1,3.82915307015008,1,0,NA
-0.652702548747161,0,-0.963798332784819,0,1,0,-0.577251913306915,1,1,1,-0.380989590001013,1,1,1,-1.66057059780291,1,1,1
0.819982366814568,1,0.596148803047177,0,1,0,0.855365840695207,1,1,1,3.2595697419765,1,0,NA,NA,NA,NA,NA
1.47743008578332,1,0.0114268949523861,1,0,NA,NA,NA,NA,NA,NA,NA,NA,NA,NA,NA,NA,NA
-0.929196433792633,0,-0.816476308902852,0,0,NA,NA,NA,NA,NA,NA,NA,NA,NA,NA,NA,NA,NA
-0.182194333185985,0,-0.397040693396358,1,1,0,0.379348967683476,1,1,1,2.49031847085631,1,1,1,2.02156029203526,1,1,1
1.0036584716744,1,0.182739610479634,1,1,0,0.333486862851266,1,1,1,1.05392967063629,0,1,1,2.28156723200113,1,1,1
-0.851991888128706,0,-1.00968201653304,0,1,1,-1.87573042153086,0,1,0,-2.52694552451595,0,1,0,-2.44426515774601,0,1,0
-1.71937580296318,0,-0.0969404779567286,0,1,0,-0.336027524656206,1,1,0,0.346805782548668,0,1,0,2.23166093719164,1,1,0
-0.494699035304771,0,-1.50356717271385,0,1,0,-1.240647316917,0,1,0,1.44504784788147,0,1,0,-0.625138138826172,0,1,0
1.06648977745833,1,-0.0930863082486675,0,1,0,0.878520599821941,1,1,1,0.538382542634667,1,1,0,1.84575710406508,1,1,1
-1.36184763274346,0,0.66640936341765,1,0,NA,NA,NA,NA,NA,NA,NA,NA,NA,NA,NA,NA,NA
-0.24830383060076,1,-1.20811932067048,1,1,0,0.28413334173297,1,1,0,1.97059925808658,1,0,NA,NA,NA,NA,NA
0.961930078148629,1,1.4967276975786,0,1,0,0.773774568850144,1,1,1,0.633493786670646,1,1,1,1.11822232491938,1,1,1
0.0469274542718289,1,-0.192202382597615,1,1,0,0.919443216789486,0,1,0,2.14650535161421,0,1,1,2.70129971412209,1,0,NA
0.566919054335015,1,1.40466597173983,1,1,0,2.91982259792031,0,1,1,4.78405959579936,1,0,NA,NA,NA,NA,NA
1.62398016004902,1,0.0545150046218521,1,1,1,1.8454626184657,1,1,1,3.90707898875183,1,1,1,4.38324509197539,1,0,NA
0.900771211455154,1,-0.224759453805659,1,1,0,1.23555033283974,1,1,0,1.32296255062646,1,1,1,2.24341379545945,1,1,1
0.591190651472621,1,0.879127700883081,1,1,0,2.46696962888223,1,0,NA,NA,NA,NA,NA,NA,NA,NA,NA
0.490986408183824,1,-0.157873748297124,0,1,0,0.205928018352775,1,1,0,-0.403114496907621,1,1,0,0.971295315583678,0,1,0
-1.15841660363659,0,-1.87057644305152,1,1,0,-1.65522468017256,0,1,0,-2.37689086049264,0,1,0,-2.39853548020514,0,1,0
0.839196893439883,1,1.89391980488268,1,1,1,1.06143863977757,1,1,0,2.6850393254321,1,0,NA,NA,NA,NA,NA
0.542106621872022,0,1.01448378812851,1,1,0,1.27398793941725,0,1,1,3.21983092314696,1,0,NA,NA,NA,NA,NA
0.403620734272322,1,1.81364633366537,1,1,1,3.17013876969627,1,1,0,3.17797460264723,1,1,1,4.44251205436109,1,0,NA
0.0572003437749521,1,1.34813536386573,0,1,0,-1.10398019343926,0,1,0,0.060192081005488,0,1,1,-1.15017051457079,0,1,1
-1.27104788310115,0,-1.33962876436407,0,1,0,-0.0513183379779363,0,1,0,-0.606208598394094,1,1,1,-1.9133412654571,0,1,0
0.153593751976728,0,0.288148375478818,1,1,1,1.74765246841565,1,0,NA,NA,NA,NA,NA,NA,NA,NA,NA
1.25495609521765,1,2.15687841693853,1,1,1,2.92713040151551,1,0,NA,NA,NA,NA,NA,NA,NA,NA,NA
-0.611712959847967,1,-1.101938036131,1,1,0,0.29008077723379,0,1,1,-1.10828371538477,1,1,0,-0.318497653468712,0,1,1
-1.80084924747675,0,-1.97177122376229,0,1,0,-0.887874499011767,0,1,0,-1.09613409183369,0,1,0,-1.45386426111222,0,1,0
1.83802787018593,0,2.0812100884819,1,1,1,3.60006910257056,1,0,NA,NA,NA,NA,NA,NA,NA,NA,NA
-0.564277936786275,0,-1.25288589850099,0,1,1,-0.786111133142858,1,1,1,1.40407732347895,1,0,NA,NA,NA,NA,NA
1.14035660065238,1,1.55476346150698,1,1,0,1.98481428799097,1,1,1,3.7282096686852,1,0,NA,NA,NA,NA,NA
0.624053470472814,1,3.51889433010584,1,0,NA,NA,NA,NA,NA,NA,NA,NA,NA,NA,NA,NA,NA
1.65773610024556,1,2.10306356481897,1,0,NA,NA,NA,NA,NA,NA,NA,NA,NA,NA,NA,NA,NA
-0.0420905845473089,1,0.603775091929984,0,1,0,0.225999330466546,1,1,0,0.830459091069252,0,0,NA,NA,NA,NA,NA
-0.300444528172987,1,0.111886856825848,0,1,0,-0.727509567235885,1,0,NA,NA,NA,NA,NA,NA,NA,NA,NA
1.7322579791517,0,3.18897903506232,1,1,1,2.76301659002769,1,0,NA,NA,NA,NA,NA,NA,NA,NA,NA
2.15652982339948,1,0.230727978504004,1,1,1,2.51413779439336,1,1,1,4.474817980074,1,0,NA,NA,NA,NA,NA
0.318518880351254,1,1.53050092624708,1,1,1,3.16604949050907,1,1,1,5.29134681110973,1,0,NA,NA,NA,NA,NA
0.16984704552344,1,1.22299743514436,0,1,1,1.39907292302764,1,1,1,2.53698789128212,1,0,NA,NA,NA,NA,NA
0.742349498291056,1,-0.466572579247645,1,1,0,0.68923186676512,1,0,NA,NA,NA,NA,NA,NA,NA,NA,NA
-0.672536690409532,0,-1.50774343111783,0,1,0,-1.45814062558526,0,1,1,-3.02907035264154,0,1,0,-1.66919875916634,0,1,0
0.49782615238744,1,-0.368418824406582,1,1,0,0.301613341035624,0,1,0,1.88345421310487,1,1,1,2.76767061507243,1,0,NA
-0.989612002140715,0,-0.347380395739602,0,1,0,-2.02370631065036,0,1,0,-0.0600711510704874,0,1,0,-0.441546001876137,0,1,1
-0.297479614412297,0,0.553824862818468,1,1,1,0.48267389331751,0,1,0,0.664813467448795,0,1,0,-0.033404459228674,0,1,1
0.794883533831671,1,0.626097998408825,1,1,1,2.07511398970186,1,1,1,2.04959234334829,1,0,NA,NA,NA,NA,NA
-0.762953410175363,1,1.64126349829071,1,1,1,2.67487171682461,1,1,1,4.59680036914613,1,0,NA,NA,NA,NA,NA
0.850860623631441,1,-0.0182196029231456,0,1,0,-0.0109300884581698,0,1,0,0.94561195524364,1,1,1,1.00628903162662,1,1,1
0.502179059686094,0,-1.16568867428248,0,1,0,-0.968616322193507,1,1,0,0.289965046347912,1,1,0,0.691908076507743,1,1,1
1.43374253551606,1,0.0938316072893729,1,1,1,0.082359924681189,0,1,1,2.08059105780831,0,1,0,1.32902466139693,1,1,1
2.16566298935473,1,2.46757972048606,1,1,1,3.71183254767757,1,0,NA,NA,NA,NA,NA,NA,NA,NA,NA
-0.575375757570541,1,0.51140894078994,0,0,NA,NA,NA,NA,NA,NA,NA,NA,NA,NA,NA,NA,NA
0.390638832603374,0,0.218055166694288,1,1,1,0.569467396252772,1,1,1,1.51032186395613,0,1,0,0.792782331322291,0,1,0
1.55866378109588,1,2.25473934181197,1,1,1,2.8838268326715,1,1,1,3.64186948221173,1,1,1,4.94681089816707,1,0,NA
0.199045427726552,1,0.199090039226954,0,1,0,0.360100627979467,1,0,NA,NA,NA,NA,NA,NA,NA,NA,NA
-0.653813001319679,1,0.739977686590544,0,0,NA,NA,NA,NA,NA,NA,NA,NA,NA,NA,NA,NA,NA
-0.997570805415241,0,-1.38070061112297,0,1,0,-0.942282090608309,0,1,1,-1.50619640758371,0,1,0,-0.709460384257653,1,1,0
1.4004443032093,1,0.265016941764511,0,1,1,1.44489798317633,1,1,1,-1.09466397623716,1,0,NA,NA,NA,NA,NA
2.59949170568404,1,1.18574032495319,1,0,NA,NA,NA,NA,NA,NA,NA,NA,NA,NA,NA,NA,NA
-1.04730028301091,0,-1.30588081528298,0,1,0,-1.1228341845749,0,1,0,-0.0426142488257515,0,1,0,0.702005148846306,0,1,0
0.1105373040221,0,0.864419763849025,0,1,0,0.804878394239793,0,1,1,0.61216124392785,1,1,1,3.99352355499962,0,0,NA
-1.56806914561435,1,0.193197337542092,0,1,1,-0.740399309545455,1,1,1,0.592458130296011,1,1,1,1.01690228587693,1,1,1
0.0696712063141521,1,-0.0582391088983983,0,1,0,0.748915277128565,1,1,0,3.20123663097249,1,1,1,3.1743573814113,1,1,1
-0.307179864752321,0,-1.09657004658966,0,1,0,-0.597614249517134,0,1,1,2.12749603022094,1,1,1,1.1653573813356,1,1,0
-0.0120532862537221,1,0.725531370622344,0,1,1,1.8767678117127,1,1,1,0.745353193551517,1,0,NA,NA,NA,NA,NA
2.89485439080467,1,0.768199352812589,1,1,1,1.67956545087304,1,0,NA,NA,NA,NA,NA,NA,NA,NA,NA
-1.39868047845967,0,-1.41173032198113,0,1,1,-0.957383674757993,1,1,0,-1.82851549054016,0,1,0,-2.17936627539316,0,1,0
0.432113401706453,1,0.337782494451773,1,1,0,1.56244474020972,1,1,1,2.33794752195621,1,0,NA,NA,NA,NA,NA
1.83265771671135,0,1.47255767945453,1,1,1,0.546042348928504,1,1,0,0.836644156532115,1,0,NA,NA,NA,NA,NA
-0.611022543415865,1,0.0403221846917574,0,0,NA,NA,NA,NA,NA,NA,NA,NA,NA,NA,NA,NA,NA
-0.819342713160187,1,-0.560756226140267,0,1,0,0.788208690143029,0,1,1,-0.202588476257004,0,1,0,1.18241357814924,1,1,1
0.04830946044581,1,1.35150814860952,1,1,1,2.4023786111451,1,0,NA,NA,NA,NA,NA,NA,NA,NA,NA
1.30055136995643,1,1.50659072199808,1,1,1,0.95113000074897,1,0,NA,NA,NA,NA,NA,NA,NA,NA,NA
-0.343124840404993,0,-0.337242088837111,1,1,0,-1.71015793625435,0,1,0,-0.0986264843911785,0,1,0,-0.635832544321055,1,1,0
-1.02579127077834,0,0.0398235755849112,0,1,0,-1.18481109869461,0,1,1,0.599453059085833,0,1,0,-1.03058991814935,1,1,1
0.0705485417925557,0,-1.44549030361146,1,1,1,-0.94187826823177,0,1,0,-1.55641685468297,0,1,0,-1.66297145607366,0,1,0
-2.01781926811074,0,-0.252775711556316,0,1,0,-1.37048487865458,0,1,0,-1.17850468065104,0,1,0,-2.02434492385445,0,1,0
-1.4754551209871,0,0.0859774028789104,0,1,0,-0.977930340506292,0,1,0,-1.5182025163088,0,1,0,1.19762723649837,1,1,1
1.08646279809096,1,1.34720376966024,1,1,1,1.27936130249717,1,0,NA,NA,NA,NA,NA,NA,NA,NA,NA
0.458815574442382,1,1.39200917375046,1,1,0,0.316221715483693,1,1,1,0.943510504221861,0,0,NA,NA,NA,NA,NA
-2.17399642996397,0,-2.63875411589273,0,1,0,-2.38638363272786,0,1,0,-1.99304232290569,0,1,0,-3.53045676081884,0,1,0
0.617616257222932,1,-0.764173905439911,1,1,0,0.67006616411546,0,1,0,0.255296360513879,0,1,0,1.48817276428844,0,1,0
-2.30479535244892,0,0.0206360803291067,0,1,0,-0.715529351650716,0,1,0,0.290721326740624,1,1,0,-0.987952025108414,0,1,0
-0.446968711845108,0,0.207616194502481,1,1,0,2.2540287358319,1,1,1,2.335523465426,1,0,NA,NA,NA,NA,NA
0.29949067695872,1,2.76039260588137,1,1,1,2.81930716467465,1,0,NA,NA,NA,NA,NA,NA,NA,NA,NA
-1.42847458672458,0,-1.93243000926177,0,1,0,-0.937274150747781,0,1,0,-2.37399922484489,0,1,0,-2.88866217444378,0,1,0
1.26749748403291,1,0.385317136509525,1,1,0,-1.39762738424515,0,1,0,-0.371177716995773,0,1,1,1.30672652838204,1,0,NA
1.21450578994531,0,-0.285721632791992,0,1,1,0.75577467601551,1,1,0,0.403768169192113,1,1,0,1.44924063047776,1,1,0
-0.67485593104277,0,-0.557132448102521,0,1,0,-0.931954880326714,0,1,0,-1.22828515846214,0,1,0,-2.62141512295191,0,1,0
1.12102190988245,1,0.121950043496978,1,1,1,1.49115027999487,1,1,1,2.29835871729572,1,0,NA,NA,NA,NA,NA
0.19654977656002,1,2.41852892714964,1,0,NA,NA,NA,NA,NA,NA,NA,NA,NA,NA,NA,NA,NA
0.650113188667264,1,-0.64955955205735,0,1,1,-0.694218670555257,0,1,1,0.169379214577599,0,1,0,-1.01258314291818,1,1,1
0.671004187901994,1,-0.209363755044419,1,1,0,1.20544830444893,1,1,1,1.72786748238873,1,0,NA,NA,NA,NA,NA
-1.28415776513223,0,-0.957588008500176,1,1,0,-0.0229554479546644,0,1,0,-1.8726672513815,0,1,0,-2.63459229477308,0,1,0
-2.02610958278953,1,-1.84577367036297,0,1,0,-1.81997284085227,0,1,0,-1.65444767265482,0,1,0,-1.67282938854804,0,1,0
2.20532606437083,1,0.721058692941672,1,1,0,2.34687406918013,1,1,1,4.8204695889923,1,0,NA,NA,NA,NA,NA
0.231389929911167,0,2.67089702559619,1,1,0,1.18647175667328,0,1,1,1.6716656752743,1,0,NA,NA,NA,NA,NA
0.375642260184807,1,-0.335159649737256,1,1,1,1.58608240800199,0,1,1,2.30181383004752,1,0,NA,NA,NA,NA,NA
-1.1929685182981,1,1.03958915073895,0,0,NA,NA,NA,NA,NA,NA,NA,NA,NA,NA,NA,NA,NA
1.13254984181008,0,1.79990042160403,1,1,1,2.13389043281533,1,1,1,3.7502700310297,1,0,NA,NA,NA,NA,NA
1.83947679495165,1,1.40787190795586,1,1,1,1.33839648397486,1,1,1,3.32584955607793,1,1,1,5.70147739687661,1,0,NA
1.5278701045484,1,2.25251327611665,1,1,0,4.95492050319718,1,0,NA,NA,NA,NA,NA,NA,NA,NA,NA
-2.02362702275776,0,-2.85097289234796,0,1,0,-3.08803815695873,0,1,0,-3.49421755152509,0,1,0,-4.30852709416381,0,1,0
-1.04050799863329,1,-0.502872582292142,0,1,0,-0.811191264148028,0,1,0,-1.88755787561706,0,1,0,-2.61108755876778,0,1,0
0.09779160179052,0,-0.100075161805083,1,1,0,-1.72211482589665,1,1,1,2.32956783772665,1,1,0,1.28637070159566,0,1,0
0.696840799385693,0,0.456665340900636,0,1,0,0.279739937400191,1,1,0,0.427212024147841,1,1,0,0.882230774573063,0,1,1
-0.5438885166101,1,1.7500458541834,1,1,0,0.673588171687776,1,0,NA,NA,NA,NA,NA,NA,NA,NA,NA
-0.858549301944023,0,-2.25349110713583,0,1,0,-1.29432571401781,0,1,0,-1.06995946754077,0,1,0,-1.27303156696681,0,1,0
0.229785936335843,0,1.47881414775199,1,1,1,2.36842248294417,1,1,1,3.17449308038473,1,1,1,5.05701685665935,1,1,1
-0.942643151607528,1,1.98708019998833,0,1,0,0.431902840281956,0,1,0,1.1851066983416,0,1,1,1.29820899476607,1,1,1
2.04350430210435,1,1.27055779372205,1,1,1,2.57015749319113,1,1,0,4.70889208168337,1,1,1,5.64523375742501,1,0,NA
-1.82549539989984,0,-2.03759746194229,0,1,0,-2.56589718932111,0,1,0,-2.93772801473086,0,1,0,-3.15079977909863,0,1,0
0.508792207400114,1,1.25951549257751,1,1,1,1.62071827896676,0,0,NA,NA,NA,NA,NA,NA,NA,NA,NA
-1.99632720673016,0,-0.710426977675341,0,1,0,-2.231992323198,0,1,0,-2.79903764380284,0,1,0,-4.71924310176455,0,1,0
-0.494322917187916,0,-1.61857455825994,0,1,0,-1.07050259691692,0,1,0,-1.89711195903185,1,1,0,-0.681651296785225,0,1,0
1.48433728415762,1,2.7408658295336,1,1,0,1.97323780611633,1,1,1,4.32116069918004,1,0,NA,NA,NA,NA,NA
1.12176857432144,1,0.42803807769887,1,1,0,2.69562346677092,1,1,1,1.59248843540641,1,0,NA,NA,NA,NA,NA
-1.39986064809992,1,-0.966004714940653,0,1,1,-1.6236487643244,1,1,0,-2.84871420666525,1,1,1,-1.78218227935852,0,1,0
-1.47609803629455,0,-0.484564124120512,1,1,0,0.966590731816253,0,1,1,-0.323583140092366,1,0,NA,NA,NA,NA,NA
0.0581058397407739,1,-1.42199344555577,0,1,0,-2.81343262014683,0,1,0,-0.917576681552643,0,1,0,-0.92196902310348,0,1,0
-0.952976638746264,0,1.27570493652947,0,1,0,-0.335092445330701,0,1,0,0.420903188883307,0,1,0,-0.683500636598262,0,1,0
0.405770114828656,0,2.28580702545641,1,1,1,2.98153037042741,1,1,0,2.60669091415843,1,1,1,5.09929943018529,1,0,NA
-0.983938483895197,0,0.295884721881038,0,1,0,1.22447626575616,0,1,1,0.712196243133611,0,1,1,1.23483518642528,1,1,1
-1.61012301596989,0,0.091473382684744,1,0,NA,NA,NA,NA,NA,NA,NA,NA,NA,NA,NA,NA,NA
-0.430168767896826,1,-0.350489249422268,1,1,1,-0.763216159663417,0,1,0,1.63424346652697,0,1,1,0.996397949763219,1,1,1
-1.22421063279672,0,-1.34862492815779,0,1,0,-1.05661180973091,0,1,1,-1.13316300845142,0,1,0,-1.56841098542009,0,1,0
1.0866419673221,1,1.79582128897978,1,1,1,3.27195739619901,1,1,1,4.80397011574724,1,1,1,4.85013589723573,1,0,NA
-0.334805580381143,1,0.0197002402284606,0,1,0,-0.921480087471594,0,1,0,0.586626756936837,0,1,1,-1.72169650445023,0,1,1
-0.0378407039000508,1,-0.166327147196432,1,1,0,-0.975686470306381,1,1,0,-0.88628338680789,0,1,0,-1.27685129923137,1,1,0
1.38059132989247,1,2.07747446303401,1,1,1,4.19906138484634,1,1,1,5.44527555927739,1,1,1,7.25812344881008,1,0,NA
1.85782124241692,1,2.69788985849203,1,1,1,3.21617517910857,1,1,1,6.39377372807205,1,0,NA,NA,NA,NA,NA
-0.0529502178125204,1,-0.129065140549751,0,0,NA,NA,NA,NA,NA,NA,NA,NA,NA,NA,NA,NA,NA
0.333336200779982,1,0.490157473822923,0,1,0,2.0594140156134,1,0,NA,NA,NA,NA,NA,NA,NA,NA,NA
1.30909768203641,0,-0.0314585951587689,1,1,1,2.43334331535686,1,0,NA,NA,NA,NA,NA,NA,NA,NA,NA
-0.17446224484665,1,1.49953840652132,0,1,1,1.65793990684059,0,0,NA,NA,NA,NA,NA,NA,NA,NA,NA
-1.04362586510721,1,-1.42198593729075,0,1,0,-1.53356177906319,0,1,0,-0.23023343445911,0,1,0,-2.11177551171092,0,1,0
0.994200366161547,1,1.02649765401156,1,1,1,1.93864603205644,1,1,1,4.5241441081012,1,0,NA,NA,NA,NA,NA
-1.52463453962983,0,-1.44012370921267,0,1,0,-1.49279938573289,0,1,0,0.580117047294035,0,1,0,0.194097527497913,1,1,0
-0.245253129149815,1,-0.947446993609108,0,1,0,0.607589946290835,1,1,0,0.515821174806581,0,1,1,1.28487312607721,0,1,1
-0.402155077823464,1,0.0118128356786853,0,1,0,0.969989322976747,1,1,1,0.28451684523054,1,1,1,1.73626531639648,1,1,1
-0.522744336367696,1,-1.21827907516486,0,1,0,-0.538159878897561,0,1,0,-0.445955306718735,0,1,1,-0.857351530285848,0,1,0
-2.75360875414907,0,-0.372138236987998,0,1,0,-1.95031279182172,0,1,0,-2.92740824702728,0,1,0,-2.86546809177454,0,1,0
-0.586900242207328,0,-0.376463503201327,1,1,0,-0.91310787174564,1,1,1,0.992201447789173,0,1,1,0.404443073267859,0,1,1
1.26631293072596,0,0.897671563341155,1,1,0,3.00536050782899,0,1,1,3.08679111484168,1,1,0,3.8270022959976,1,1,1
-0.468870655033282,1,-1.07003963467249,0,1,1,-0.724637768085187,1,0,NA,NA,NA,NA,NA,NA,NA,NA,NA
-0.619043185207939,0,-2.58243008401178,0,1,0,-0.978664167360914,0,1,0,-2.40838984416134,1,1,1,-1.80684220058129,0,1,0
-0.66613948273847,0,1.50475338931119,0,1,0,1.70247012405521,0,1,1,1.79647227900755,1,1,1,4.45695101819988,1,0,NA
-0.874739293700878,1,1.98098388095251,1,0,NA,NA,NA,NA,NA,NA,NA,NA,NA,NA,NA,NA,NA
0.146021703841,0,1.19551249184817,1,1,1,1.09244651095074,0,1,1,1.33036622174,1,0,NA,NA,NA,NA,NA
0.592780708087627,0,-0.969410636968776,1,1,0,-0.116236083480243,0,1,0,-1.26210187684099,0,1,0,-2.58252958749908,1,1,0
1.44870575010661,1,3.00222888613038,1,1,1,3.89547906057085,1,1,1,5.30834845511949,1,0,NA,NA,NA,NA,NA
-1.56609128850758,1,0.696941942228498,0,1,0,1.39055353962767,1,0,NA,NA,NA,NA,NA,NA,NA,NA,NA
0.395353330683666,1,-0.793669468619049,0,1,0,-1.89530061965227,0,1,0,-1.25958806319416,0,1,0,-1.34705737952903,0,1,0
-0.153233959963217,1,2.12544260741394,1,1,0,2.10685086964028,1,1,1,2.41211065057276,1,1,1,3.79841988070692,1,1,1
0.285286018572319,0,-1.51758310268104,0,1,0,0.717610842349919,0,1,0,0.896690095832548,1,1,0,-1.35797128419195,0,1,0
-1.03171726842629,1,-2.20186663245579,0,1,0,-0.024509317074169,0,1,1,0.508143899036701,0,1,0,0.00990604066250161,0,1,0
0.0455114176114473,1,0.588787386782541,0,1,0,-2.02020756386164,0,1,0,-0.11040581700626,0,1,0,0.265178712683037,1,1,1
-1.15361378713773,0,-1.79415903228304,0,1,0,-2.01190542343405,1,1,0,-1.4991462730659,0,1,0,-1.37637739326107,0,1,0
0.659703276387862,1,-0.942504629275229,1,1,0,0.388025422535757,1,0,NA,NA,NA,NA,NA,NA,NA,NA,NA
-0.946189816730988,0,-1.86408852782738,0,1,0,-3.45688818298221,0,1,0,-3.59356907503749,0,1,0,-4.69600944697871,0,1,0
0.0635472785679089,0,3.07584645951422,1,0,NA,NA,NA,NA,NA,NA,NA,NA,NA,NA,NA,NA,NA
-2.12723267692916,0,-0.461942172447795,0,1,1,-3.44332519713654,0,1,1,-0.794657611130467,0,1,0,-3.01795702486838,0,1,0
0.326966861093077,0,-0.590452299526559,1,1,1,-0.46965761049765,1,1,1,0.0268007657151215,0,0,NA,NA,NA,NA,NA
1.10772289770159,1,0.356071798071116,0,1,0,2.15235831936394,1,1,1,4.27423790142623,1,1,1,4.36863073735388,1,1,1
0.766162876774896,0,1.06134219245073,0,1,1,-0.367960683993168,1,1,1,2.13802069774882,1,1,1,3.05521181588397,1,0,NA
1.0536729823113,1,0.533337484022488,0,1,0,-0.0161633065866614,1,1,1,1.34870905420752,1,1,1,1.94868388458058,0,0,NA
-1.35594279846149,1,-0.0539256628308725,1,1,0,0.71174896715249,1,1,0,2.95019458521264,1,0,NA,NA,NA,NA,NA
-0.169301386573387,1,0.549724883625365,1,0,NA,NA,NA,NA,NA,NA,NA,NA,NA,NA,NA,NA,NA
-0.069700988018414,0,1.19505429575892,1,1,1,1.06983120932657,1,1,1,0.00261057227965633,1,0,NA,NA,NA,NA,NA
0.72019564869517,1,1.74300833999367,1,1,1,1.6930263137253,1,1,1,2.53689433900522,0,0,NA,NA,NA,NA,NA
-0.167781876538558,1,1.06004227129746,0,1,1,2.08181465341288,1,1,1,-0.00538163923309076,1,0,NA,NA,NA,NA,NA
-0.203278916015153,0,-0.464732639430579,0,1,1,-1.48559751832866,1,1,0,1.6513771461248,0,1,0,0.479384633871453,1,1,0
1.67812825011243,1,-0.801745245269443,1,1,0,2.2127080271068,1,1,0,2.46815103110662,1,1,1,4.32990470397873,1,1,1
1.0909351280286,1,2.62085991659091,1,1,1,3.41454200230575,1,0,NA,NA,NA,NA,NA,NA,NA,NA,NA
-1.75644462967178,0,-1.38479164646678,0,1,0,-0.546511094698409,0,1,0,-1.29185697254323,0,1,0,-0.413659319362406,0,1,0
-0.384610792994895,0,-1.12601707117392,0,1,0,-0.96241355760838,0,1,0,-0.819912352864257,1,1,0,-0.61392467287878,0,1,1
-0.992158187397834,0,2.05467628238346,0,1,0,1.96707771506708,1,1,1,3.364647402273,1,0,NA,NA,NA,NA,NA
2.9715850332843,1,3.19883998027233,1,1,1,3.75102302755984,1,1,1,4.20299818554229,1,0,NA,NA,NA,NA,NA
-0.494334531346305,0,-0.607610256674905,0,1,0,-2.11714424372927,0,1,1,-1.04912157893998,0,1,0,-1.1903508905428,0,1,1
1.14803978343915,1,1.6583868837785,1,1,1,1.92920708517405,1,1,1,2.01702373544865,1,1,1,4.4434110365583,1,1,1
0.0962712490458892,0,0.785973709397696,0,1,1,0.995011765598975,0,1,0,0.30978476213765,1,1,0,-0.541393665513387,1,0,NA
0.108830210144798,1,0.320518686101065,0,1,0,-0.404275827597332,0,1,0,1.36129043984574,0,1,1,1.51562513511424,0,1,1
0.495236949037723,0,-0.577979621998741,0,1,0,0.563278892545414,0,1,0,0.701222548249601,1,1,1,0.249543294548847,0,1,0
-0.142643497669046,0,1.58293690074072,1,1,1,1.14575543685076,1,1,1,0.259055724159851,0,1,1,2.8383561506002,1,1,1
0.832936996059557,1,1.96335547050733,1,1,1,3.02637778988772,1,0,NA,NA,NA,NA,NA,NA,NA,NA,NA
0.559823773483781,0,0.935710479951844,1,1,1,1.06130622275251,0,1,1,2.16409888001355,1,1,0,1.95331648277615,1,1,1
-1.68509594570751,0,-0.0190463406160591,0,1,0,-0.341531368058324,0,1,0,-0.018961114430598,1,1,1,-1.56367615640458,0,1,0
-0.555612312584034,0,-0.774426962994034,0,1,1,0.105391445715183,0,1,0,-1.28006342681873,0,1,0,0.175642050968226,0,1,1
-0.523353123310595,0,-0.416379044804551,1,1,0,-1.12031221554388,0,0,NA,NA,NA,NA,NA,NA,NA,NA,NA
-0.506104326333761,1,1.29631301758138,0,0,NA,NA,NA,NA,NA,NA,NA,NA,NA,NA,NA,NA,NA
1.06528488521985,0,1.1961664948385,1,1,1,0.783840312749897,1,1,1,2.72382808925145,0,1,1,3.77033488745305,1,1,1
1.48702703437434,1,1.73924118294754,1,1,1,3.06734900493473,1,1,1,4.27712913030546,1,0,NA,NA,NA,NA,NA
-0.921800949287066,1,0.491341588508632,0,0,NA,NA,NA,NA,NA,NA,NA,NA,NA,NA,NA,NA,NA
0.541435465702584,0,-0.47781998613718,0,1,1,-0.237863400446446,1,1,0,1.51205986206203,0,1,1,0.308653361445748,0,1,0
-1.16976792602983,0,-1.52290419312457,0,1,0,-1.7573545748832,0,1,0,-1.76333888096447,0,1,0,-0.752786868135211,1,1,0
-0.557080376687621,1,1.41016509578822,1,0,NA,NA,NA,NA,NA,NA,NA,NA,NA,NA,NA,NA,NA
0.298465543628126,1,1.99474535637675,1,0,NA,NA,NA,NA,NA,NA,NA,NA,NA,NA,NA,NA,NA
-0.188922789114515,0,0.268925399847114,0,0,NA,NA,NA,NA,NA,NA,NA,NA,NA,NA,NA,NA,NA
-0.680450203122764,1,1.43123630929867,0,1,1,0.635805374072602,1,1,0,1.46646916224541,1,1,1,1.37665156895963,0,1,0
-1.25744854173679,1,0.585428717840279,0,1,0,2.72929002567435,0,1,0,3.45172554995975,1,0,NA,NA,NA,NA,NA
-0.31176653668682,0,-0.571795888821168,0,1,0,-1.18082866705013,0,1,0,0.0336958904812924,1,1,0,-0.590026886361229,1,1,0
0.0524980457691653,1,2.20286195724493,1,1,1,3.4076319525298,1,0,NA,NA,NA,NA,NA,NA,NA,NA,NA
0.562233812465,1,0.714575312647177,1,1,1,2.14270673338147,1,1,0,1.13196706850621,1,1,1,2.92191119730698,1,0,NA
-0.87581682336253,1,-2.3062256804145,1,1,0,-0.176068951507455,0,1,1,-0.791088663911947,1,1,0,-0.661635364022245,1,1,0
0.586755962790902,1,0.957530619358776,1,1,0,2.94431661341831,1,1,0,1.20187797954934,1,0,NA,NA,NA,NA,NA
-1.16383957087157,0,-0.199481096280483,0,1,0,-1.64051529238944,1,1,0,-2.17507108613402,0,1,0,-1.02690104005099,0,1,1
-0.54611202207988,1,-2.86191554650622,0,1,0,-2.08161235742683,0,1,0,-1.60241234485139,0,1,0,-1.19481547295454,0,1,0
0.450377169868581,1,-0.352425423578391,1,1,0,-0.573557108047607,0,1,0,-0.978541914350251,0,1,0,1.68523690217594,1,0,NA
-0.692515474185169,0,-1.69103361958577,0,1,0,-0.100373891660493,1,1,1,1.14922952138685,1,1,1,0.76157692014813,0,1,0
-0.779596108965332,0,-0.898005840929344,0,1,1,-0.848669772971662,0,1,0,-1.38865755825231,0,1,0,-2.0323818881591,0,1,0
-0.047332659920564,0,-0.244765902397856,0,0,NA,NA,NA,NA,NA,NA,NA,NA,NA,NA,NA,NA,NA
0.03543456559178,0,0.877473973306197,0,1,0,-0.683843437882278,1,1,0,-0.819925708321698,0,1,0,-2.40931177810395,0,1,0
0.934481958737551,1,0.862149841342925,1,1,1,0.998907838635459,0,1,1,0.181986108244844,1,0,NA,NA,NA,NA,NA
-0.233386020255715,1,-2.04056741827046,0,1,0,2.01573855732462,0,1,1,0.334466671975651,1,1,0,0.600193883862422,1,1,0
-1.70078808299975,0,-0.794954782135502,1,1,0,-1.70637072900892,0,1,0,-0.186157923779028,0,1,0,-0.873191950275163,0,1,0
-0.655838098813589,0,-0.940050234276222,0,1,0,-1.46050725225169,0,1,0,-1.0886537225567,0,1,0,-0.45223313646164,0,1,0
-0.630470468347582,0,0.667289418989767,0,1,1,-1.23074340144067,0,1,0,-0.987797067138988,0,1,0,-1.67615540039096,0,1,0
-0.932327589303977,1,-0.166007662015704,1,1,1,-1.71620525810916,1,1,1,0.307573769049747,0,1,0,-0.0724231166595325,0,1,0
0.321903702210027,0,-0.919817975651973,0,1,0,1.43465428944999,1,1,1,2.06344768983566,1,1,0,2.52445622677951,1,1,1
2.50176509605977,1,0.720841088339305,1,1,1,1.00774245391291,1,0,NA,NA,NA,NA,NA,NA,NA,NA,NA
0.794167471420084,1,1.8554443014669,1,1,1,2.94019828095261,0,1,1,2.43589420099776,1,0,NA,NA,NA,NA,NA
-0.154839559706279,1,-0.555459952171163,0,1,0,-0.463671874256842,1,1,0,0.304750695589776,1,1,0,0.200962113495152,0,1,0
0.503667184079687,1,0.526948838255679,0,1,0,0.29981497574294,1,1,1,0.811402364045001,1,0,NA,NA,NA,NA,NA
1.44276824076692,1,-0.375543864390979,0,1,1,1.22094690578935,1,1,1,-0.104512750926356,1,1,0,1.65220854206542,1,0,NA
-0.309267177170206,1,0.593025866865214,0,1,0,1.08263165729381,1,1,1,2.52717954119362,1,1,1,1.34258845657344,1,1,1
0.66448047052591,0,1.06974615969215,0,1,0,2.73366619952197,1,1,1,2.77695482415734,1,1,1,2.69320198225796,1,0,NA
0.561899116459364,1,-0.516289588882927,0,1,0,0.695487164152461,0,1,0,0.701211818948251,0,1,0,0.553804898905167,1,1,1
-0.122634825795052,1,2.91755022838711,1,1,0,2.76742813628811,1,1,1,2.27411266852613,1,1,0,4.91595016821488,1,0,NA
0.0565460066372632,0,1.77155674758265,0,1,0,2.37135953342853,1,0,NA,NA,NA,NA,NA,NA,NA,NA,NA
0.65189100301244,1,1.08658592479221,0,1,0,-0.794704597459581,1,1,1,1.94014862170248,0,1,1,0.571626646979752,1,0,NA
-0.0262386429965182,0,0.623204593793354,0,1,1,1.89111220996494,1,1,1,0.169904271927289,0,1,0,2.22700042003953,1,1,1
-0.339508996123272,0,-1.70080237047043,0,1,0,-0.628613864462078,1,1,1,1.15541673402386,0,1,0,1.48937890450378,0,0,NA
-0.593989980081054,0,0.0973182450171447,1,1,1,-0.187793708341636,1,1,0,0.937685502194592,0,0,NA,NA,NA,NA,NA
0.290962076036892,1,1.09479312186678,0,1,1,0.973171701073743,1,1,0,1.04846368918899,1,1,0,2.64187628751467,1,0,NA
-0.0550219977069135,0,-0.745846599601568,1,1,1,-0.15602763051136,0,1,1,0.217581572675991,1,1,0,2.19411255607751,1,1,1
-0.371738277193412,1,-2.23980355241394,0,1,0,-1.03389400877015,1,1,0,-0.19165339190441,0,0,NA,NA,NA,NA,NA
0.17658846965934,1,0.202766340569507,0,1,0,0.0556181954085065,0,1,0,1.04034569986891,1,1,1,2.72968657151755,1,1,0
-0.773066921989977,0,-0.871491442278709,1,1,0,-1.86879836851642,0,1,0,-1.36289615653244,0,1,0,-1.12057236940203,0,1,0
-0.802419608349066,0,-0.749425318028527,0,1,0,-0.224912114618591,0,1,0,1.04994025666393,0,0,NA,NA,NA,NA,NA
1.37356613266313,1,1.25395292124972,1,1,1,2.03074167909264,1,0,NA,NA,NA,NA,NA,NA,NA,NA,NA
-0.881356062680646,1,0.0987584695607511,0,1,0,0.691128658405007,0,1,1,-0.775603824927347,1,1,0,1.36088214088879,0,1,1
0.315788060527378,0,0.424800914543396,0,1,0,0.867020991251188,0,1,0,3.01425258992414,1,1,1,1.89569448945287,1,0,NA
-0.968386578638255,0,1.25859642446447,1,1,1,2.3777157277802,1,0,NA,NA,NA,NA,NA,NA,NA,NA,NA
-0.230609646495428,0,0.204853535239018,1,1,0,0.901896586795298,1,1,1,1.62705967300923,1,1,1,2.74565002198507,1,0,NA
0.390362282133484,1,1.30755935559355,1,0,NA,NA,NA,NA,NA,NA,NA,NA,NA,NA,NA,NA,NA
-1.00953678417864,0,-0.381481158647484,1,1,0,1.46410001231364,0,1,0,0.786906278064975,1,1,1,1.4158668313217,1,0,NA
0.595038671126996,1,1.06701989344642,1,1,1,-0.513744864120599,1,0,NA,NA,NA,NA,NA,NA,NA,NA,NA
0.218915228575553,0,-1.26520501754383,1,1,0,-1.46110825230652,0,1,0,-2.43595484574432,0,1,0,-3.02423787201506,0,1,0
-0.316606290644603,0,-1.2473209329623,0,1,0,-1.65768480496039,0,1,0,-1.12694114494351,0,1,0,-1.43005723563889,0,1,0
0.245466542402521,1,-0.0977987740138861,0,1,0,-0.115798538008197,1,0,NA,NA,NA,NA,NA,NA,NA,NA,NA
0.0750448352632334,1,0.742911573820055,0,1,0,0.0416066777429138,0,0,NA,NA,NA,NA,NA,NA,NA,NA,NA
-0.839650033769067,0,-1.6858237804214,0,1,0,-2.24774619600617,0,1,0,-2.54668984397638,0,1,0,-2.34249595661703,0,1,0
-1.39706392020774,0,-1.71264215226132,0,1,1,-1.66829129760605,0,1,0,-1.203617606331,1,1,0,-2.14504365836991,0,1,1
0.106131768782063,1,2.19638705726233,1,0,NA,NA,NA,NA,NA,NA,NA,NA,NA,NA,NA,NA,NA
-1.00472117009238,0,-0.175350756843407,0,1,0,-0.157180532703641,1,1,0,0.813265413616032,1,1,0,-1.16506832087911,0,1,0
-0.0352199893647191,1,-1.46071383914424,0,1,0,-0.219036527926752,0,1,1,0.0710100997002308,0,1,1,2.45974386063628,1,0,NA
-1.64807616548373,0,-0.874767803667801,0,1,0,-0.859689918506919,0,1,0,-0.46366827476997,0,1,0,-2.68601767695893,0,1,0
-0.929032489887539,0,-0.348912077350574,0,1,0,0.6102077187749,0,0,NA,NA,NA,NA,NA,NA,NA,NA,NA
0.272110814193612,0,0.0776922541333008,0,0,NA,NA,NA,NA,NA,NA,NA,NA,NA,NA,NA,NA,NA
1.04532279459033,1,1.96709174131995,1,1,1,0.117342343308211,1,1,1,3.96088333073346,1,1,1,5.00555685912767,1,0,NA
0.169278549215246,1,0.961570959262266,1,1,1,0.205427205402222,0,1,0,-0.227239139252895,0,1,0,1.22151140676065,0,1,0
-0.994434982580189,0,-2.90337666485538,0,1,0,-1.22946058457552,0,1,0,-4.55506470013122,0,1,0,-3.74398321686825,0,1,0
-0.415337398323979,0,-0.0950170826558258,0,1,1,-0.538892364542919,1,1,0,-0.39270641116801,0,1,0,0.284237461255391,1,0,NA
1.09363612666732,1,1.37951275040621,1,1,1,2.70825622780631,1,1,1,3.96225021671925,1,0,NA,NA,NA,NA,NA
0.518684257567906,1,0.62212538183469,1,1,0,2.42673503777301,1,1,1,2.11059727958321,1,1,1,3.86083498018284,1,0,NA
0.787040338989375,0,0.0741750251936814,1,1,0,0.223344919004628,0,1,0,0.345503894573485,1,1,1,-0.0166998532677327,1,1,0
0.996700953789853,1,0.438801163960786,1,1,1,1.23416484239519,1,0,NA,NA,NA,NA,NA,NA,NA,NA,NA
0.377467977221097,1,1.02075394868728,1,1,1,0.716861100276864,1,1,0,2.42489339440288,1,1,1,5.21303325173663,1,0,NA
1.10937999763642,0,2.29916474792711,1,1,1,1.33405780508978,1,1,1,2.60878626543418,1,1,1,4.60221507458913,1,0,NA
-0.973213955735574,0,-0.13203146546682,0,1,1,1.19583170682574,0,1,0,-0.0263694136130942,1,1,1,1.10184399547893,1,1,1
0.299645255805759,0,-0.519384132781795,0,1,0,-2.10749743650695,0,1,0,-2.30472779578685,0,1,0,-1.014442991509,0,1,0
-0.339482321326464,1,1.70697972911605,1,0,NA,NA,NA,NA,NA,NA,NA,NA,NA,NA,NA,NA,NA
0.201738895091501,1,0.606593531058052,1,1,1,-0.826437336031529,0,1,0,0.990723174620533,1,0,NA,NA,NA,NA,NA
1.32539797092552,1,0.580111131595145,1,1,0,2.62019037205516,1,1,1,5.17436276233256,1,0,NA,NA,NA,NA,NA
0.50379348202283,0,0.705146448716855,0,1,0,-0.107959112911788,1,1,0,0.291037776709905,1,1,1,2.24141417203365,1,0,NA
-0.629636693792144,1,1.8796515074404,1,0,NA,NA,NA,NA,NA,NA,NA,NA,NA,NA,NA,NA,NA
-0.350154112917245,0,0.351736554510064,1,1,0,0.770793672021482,0,1,0,0.236122039874934,0,1,0,1.48969574365222,0,1,1
-0.951338626808144,0,-0.23416475939915,0,1,0,1.31396529606192,0,1,1,2.43390246207211,1,1,1,3.61630985793714,1,1,1
-0.0898142512489909,1,-1.1141480693493,0,1,0,1.51414861621773,0,1,0,1.89565679402674,1,0,NA,NA,NA,NA,NA
-0.499596898078723,0,0.978341181502982,1,1,1,0.136533278553136,1,1,0,1.77914465885884,1,1,1,5.56984808374215,1,1,1
0.791572694963361,1,0.971212972220765,1,1,0,1.28374985622298,0,1,1,1.31835720955801,1,1,1,2.61166590517128,1,1,0
-0.492727604293671,0,-1.50828958567822,0,1,0,-0.980088506375268,0,1,0,-0.94606327353877,1,1,0,-1.02463301437873,1,1,0
0.710314711011948,0,-0.0513926184565587,1,1,1,-1.30728628707484,0,1,0,-0.669893588202709,0,1,0,-1.76926817321609,1,1,0
0.720730133867399,1,1.83996512117372,0,1,0,1.55678787312213,1,1,1,2.82913652181397,1,0,NA,NA,NA,NA,NA
-0.435330216064654,0,-1.57763140247936,1,1,0,-0.677297750453926,1,1,1,-0.238399158608595,0,1,0,-2.35326450564516,0,1,0
1.42649174309633,0,0.683436124521428,1,0,NA,NA,NA,NA,NA,NA,NA,NA,NA,NA,NA,NA,NA
0.0269243053279024,1,-0.153622374031983,1,1,0,0.658958221764823,1,1,1,0.891430290820716,1,1,0,1.27592802140683,1,0,NA
-0.652818422046043,0,1.00170269809383,0,1,1,-0.391706323418231,1,1,1,0.219386802982085,0,1,1,1.17782959551081,0,1,0
0.0743993511918555,1,1.96203924215295,0,1,0,1.11392052359484,1,1,0,0.94539363373266,1,1,1,2.61099963394272,1,0,NA
-0.990962518471982,0,0.123587773720119,0,1,0,-0.111789685572922,0,1,1,0.667772058722526,0,0,NA,NA,NA,NA,NA
0.650993279569504,1,1.12713245106132,1,0,NA,NA,NA,NA,NA,NA,NA,NA,NA,NA,NA,NA,NA
-0.89516798811002,0,-2.04210301202957,0,1,0,0.43030790099874,0,1,0,0.402951992793762,0,1,0,0.759459140860241,0,1,0
1.29299293500947,1,1.70237731640007,1,1,1,0.961959740415708,1,1,1,3.08573201657635,1,0,NA,NA,NA,NA,NA
-2.0742065856962,0,-0.892724495075792,0,1,0,1.08008970883807,1,1,1,0.163904959881678,0,0,NA,NA,NA,NA,NA
-1.11246012229362,0,-1.4235178341875,1,1,0,0.237839997369685,0,1,0,-1.99141465296486,0,1,0,-1.37349589841775,0,1,0
-0.338345892460005,0,-1.41772703456088,0,1,0,-0.696335243534604,0,1,0,1.25227919596305,1,1,1,1.25859308379041,1,1,1
-0.700697519970714,0,-0.0644572584800167,1,1,0,-0.146295860583056,0,1,0,1.94291675157144,0,1,1,1.68613590754095,1,1,1
1.34694517132456,0,2.1262556990364,1,1,1,1.34877227322368,1,1,1,3.12668699687409,1,1,1,4.41153836436271,1,0,NA
-0.0604259719260048,1,1.24270219336818,0,0,NA,NA,NA,NA,NA,NA,NA,NA,NA,NA,NA,NA,NA
0.354804415624792,1,1.27004195331486,1,1,0,2.08831060940682,1,1,1,2.17513217955756,1,1,1,3.89906690603096,1,0,NA
0.707369557331155,1,-0.31121888606673,0,1,1,0.381332049818133,1,1,1,2.38605904157538,1,1,1,4.45440684306134,1,0,NA
0.152877951357064,1,0.818919660622058,1,1,1,2.56037248758985,1,1,1,3.03522025288425,1,1,1,4.20001803698789,1,0,NA
0.961010037635776,0,-1.37831466681214,1,1,1,0.81759599697529,0,1,0,1.42935976599169,1,1,1,2.39975664720326,1,0,NA
0.439716226872132,1,0.991263481027984,1,1,1,1.62276003820391,1,1,1,3.26403227683408,0,0,NA,NA,NA,NA,NA
0.698213804189321,1,-0.362177531646099,0,1,0,0.320207458434594,1,1,0,0.811798570899195,1,1,0,2.32449171157763,0,1,0
-1.48600746435487,1,0.506611270585769,0,1,0,-0.19603395267079,1,1,0,-0.453725871598809,0,1,0,-1.97811600381823,0,1,0
-1.12632173407088,0,-0.749383273121364,0,1,0,0.815649874708978,0,1,0,-0.265954860120872,1,1,0,0.110432731137718,0,1,0
-2.2264074859866,0,-2.76265633587563,0,1,0,-5.18273900388692,0,1,0,-5.7293549622015,0,1,0,-4.65885138485462,0,1,0
-0.253272863743923,0,-2.54941811191802,0,1,0,-1.74154213745009,0,1,0,-0.585220128908866,1,1,0,0.141252514688457,0,1,0
1.4317564961981,1,2.58696405840759,1,0,NA,NA,NA,NA,NA,NA,NA,NA,NA,NA,NA,NA,NA
-0.978402832216023,0,-0.722953652175099,0,1,0,0.61554969280964,1,1,0,-1.58880620916677,1,1,0,-1.42400258448125,0,1,0
0.315063222248321,0,1.24542385304477,0,1,1,0.401572955692302,1,1,1,1.95995611993694,1,1,1,2.69287398720667,1,0,NA
0.440956164186974,1,-0.103134577954504,1,1,0,1.61828348109472,1,0,NA,NA,NA,NA,NA,NA,NA,NA,NA
0.23852639929048,1,0.46333629401375,0,1,0,-0.227717630571198,1,1,1,0.947302943227233,1,0,NA,NA,NA,NA,NA
-0.284222614442247,1,0.205598578589481,0,1,1,-0.71464994906603,0,1,0,0.883191134398715,1,1,1,3.0041300100308,1,1,1
-0.618144042623548,1,-0.709186994283501,0,1,0,-0.582323012534453,0,0,NA,NA,NA,NA,NA,NA,NA,NA,NA
-0.636767960604578,0,-0.30738759711979,0,1,1,0.627933197947706,1,1,1,0.104748650551428,1,0,NA,NA,NA,NA,NA
0.0174532471596551,0,-0.376675998306458,1,1,0,0.494411028245096,1,1,0,1.67215484047452,1,1,1,0.577662755975058,1,1,1
1.29963841108782,1,1.42101707463534,0,1,0,1.23946209291567,1,0,NA,NA,NA,NA,NA,NA,NA,NA,NA
-0.793507485143925,0,-0.337151790102514,0,1,0,-0.793338633788913,0,1,0,-1.66316563965968,0,0,NA,NA,NA,NA,NA
-0.122534387113049,1,0.0695475480642572,1,1,1,1.00688836927572,1,1,0,0.836739438491411,1,1,1,2.0663398933908,1,1,1
0.0992681566007817,1,-1.63362214676075,1,1,0,0.506671206705796,1,1,0,0.750823982698688,1,1,0,-0.171713516955575,1,1,0
0.791413490106773,1,0.4138242648002,1,1,0,2.12512230709159,1,0,NA,NA,NA,NA,NA,NA,NA,NA,NA
-0.231328117024349,0,0.951483359833406,0,1,1,0.266359328904774,1,1,0,1.80965467238832,0,1,1,2.31505475819033,1,1,1
0.637717307425324,0,-0.958449602265831,0,1,0,0.278476921014145,1,1,0,0.313259965182588,0,1,0,1.80353483547303,1,1,0
-1.49673280807476,0,-1.58772873550578,0,1,0,-2.20706764833768,1,1,0,-1.69175036738871,0,1,0,-3.79720364311074,0,1,0
0.718399655443105,1,0.581619900141197,0,0,NA,NA,NA,NA,NA,NA,NA,NA,NA,NA,NA,NA,NA
0.0963710077701884,1,0.174070287097239,1,1,0,1.44256317829666,1,0,NA,NA,NA,NA,NA,NA,NA,NA,NA
-1.09564527432851,0,-2.20450894057185,0,1,0,-1.69863898668828,0,1,0,-2.15249554597484,0,1,0,-2.90840853462109,0,1,0
-2.33035863632177,0,-1.68625809938181,0,1,0,-2.97396185669806,0,1,0,-1.298920479246,0,1,0,-3.28968897071587,0,1,0
-0.365336634931301,1,0.486745520214616,1,1,1,1.48616092923685,0,1,0,1.6486998244669,1,0,NA,NA,NA,NA,NA
0.668860732126122,1,0.922177180257488,0,1,1,-0.934389376836131,0,1,0,-0.538928896216138,0,1,0,0.664818958463017,0,1,0
0.319055295918316,1,2.13496335562503,1,1,1,2.28781278605316,1,0,NA,NA,NA,NA,NA,NA,NA,NA,NA
-0.364166389785408,0,-0.49737346211448,1,1,0,-0.510630531404632,0,0,NA,NA,NA,NA,NA,NA,NA,NA,NA
0.0500653563275891,1,-0.339564661986673,0,1,0,0.248030399330294,1,1,0,-0.885103663123852,0,1,0,1.00795986044882,0,1,0
0.155990601900036,0,0.171090139285297,0,1,1,-0.844688952427093,0,1,0,-1.54155485626178,0,1,0,-2.44979726856101,0,0,NA
-0.752410526194919,0,-0.474841614591497,0,1,0,-0.386250790652993,1,1,1,-0.965340045465126,0,0,NA,NA,NA,NA,NA
0.0545550789313691,1,1.00105713487797,1,1,1,2.73973242092671,1,1,1,2.17577935483318,0,1,0,4.77638089321529,1,0,NA
0.112268546968159,0,-2.00929095099582,0,1,0,-1.70153391619753,0,1,0,-0.663350299558957,0,1,0,-1.75372454725447,1,1,0
-0.72283146044824,1,-0.0659246527613171,0,1,1,1.28545487950667,0,1,1,0.391379062281509,0,1,0,0.367487832587387,1,0,NA
0.198195563814535,0,0.698968070291612,0,1,0,-2.07861690725988,0,1,0,0.129588448585106,0,1,1,0.261825938565963,1,1,0
0.310560313837698,1,0.235056278073055,1,1,1,0.5558197917785,1,1,0,1.90667683750998,1,1,1,1.96496938876614,1,1,1
0.52632360170575,0,-1.16743969592691,0,1,1,-0.26773257571596,0,1,0,-1.2777602781481,0,1,0,-2.71167835580005,0,1,0
0.711046522019671,1,1.07593883363598,1,1,1,3.03256467538617,1,1,1,2.92649011221049,1,0,NA,NA,NA,NA,NA
0.410310613259374,1,0.294710130128837,1,1,0,-0.713920679875389,0,1,1,-0.679892863395598,0,1,0,-0.620766937543701,0,1,0
0.301398927192011,1,-0.398398148917835,1,1,0,0.394444858426681,0,0,NA,NA,NA,NA,NA,NA,NA,NA,NA
-0.0954300964622639,1,0.0620402779404876,1,1,0,0.070506821336661,0,1,0,0.995558755859859,1,1,1,2.27109063855512,1,0,NA
0.448760305225703,0,-0.0188089383603205,0,1,0,0.270099512254525,1,1,0,1.04787644452958,1,1,1,0.83230419213169,1,1,1
-1.26924504211123,0,0.502581668027437,0,0,NA,NA,NA,NA,NA,NA,NA,NA,NA,NA,NA,NA,NA
0.654270193041473,1,0.00959637369131694,1,1,0,2.43764993487518,1,1,1,1.10349725094622,1,1,0,2.19109092459268,1,0,NA
-0.534909374630435,0,0.074653067922623,1,1,1,2.05511244775361,1,1,1,2.35541351169943,1,1,1,3.36048274953265,1,1,1
2.33752882268268,1,0.231538746443424,1,1,0,2.95834189103108,1,1,1,3.62531923544275,1,0,NA,NA,NA,NA,NA
-0.596338058924886,0,0.593646925488544,0,1,0,-0.896291257936539,1,1,0,-1.46836596568342,0,1,1,-0.846112139992768,0,0,NA
-2.88762982904888,0,-1.13478499025954,0,0,NA,NA,NA,NA,NA,NA,NA,NA,NA,NA,NA,NA,NA
1.37208530087141,1,-0.502937651592909,1,1,1,-0.13901468106035,1,1,1,1.19814256193028,0,1,0,1.40515474669588,1,0,NA
-0.598652381678844,0,-0.162575016942115,0,1,0,-0.580868610517894,1,1,0,-0.274906900145301,0,1,0,1.10548043835459,0,1,0
0.592950917859602,1,1.22658100311901,0,1,0,1.7322435213604,1,1,1,2.75329493343476,1,0,NA,NA,NA,NA,NA
0.22574206980329,1,1.44174417710544,1,1,1,2.04640306987208,1,0,NA,NA,NA,NA,NA,NA,NA,NA,NA
1.09631206213814,0,1.15272434192211,1,1,1,1.04557649384768,1,1,0,2.49341674571937,1,1,1,5.67125789487396,1,0,NA
-0.903266023923327,0,-0.129996894732898,0,1,0,-0.494399797974327,0,1,0,0.844829026306103,1,0,NA,NA,NA,NA,NA
-1.18906159124793,0,-0.279110109497664,0,1,0,0.689862673850123,1,1,1,1.32562721394787,1,1,0,3.24259958077113,1,1,1
1.06496900017888,1,0.833157446358373,1,1,1,1.59658050517605,1,1,1,1.95207710497241,1,0,NA,NA,NA,NA,NA
-0.958567467505941,0,-1.41748493691758,0,1,0,0.255603639718118,0,1,0,0.161626220910595,0,1,0,-0.395302122507846,0,1,0
-1.53369411787315,0,0.9965348434029,0,1,0,0.752786601407968,0,1,0,0.451659695632484,1,0,NA,NA,NA,NA,NA
0.777969495009857,0,1.37539045854691,1,0,NA,NA,NA,NA,NA,NA,NA,NA,NA,NA,NA,NA,NA
-0.0652582755903693,0,-1.23069055767714,1,1,0,-1.16143071189273,0,1,0,-1.09494410017024,1,1,1,0.229783715466449,0,1,0
2.27820422438891,1,1.0358916235581,1,0,NA,NA,NA,NA,NA,NA,NA,NA,NA,NA,NA,NA,NA
0.343609622634679,1,0.472566282422706,0,1,0,0.143134104714175,0,1,1,1.48009134414293,1,1,1,2.78796103579048,1,0,NA
-0.353092740361297,0,-1.04958891441311,0,1,0,-0.377842999512266,1,1,0,-0.064163414532701,0,1,0,-0.404518732537346,1,1,1
-0.627184549894849,0,-2.59319933111767,0,1,0,-2.38217472782462,0,1,0,-1.57359359971749,0,1,0,-4.01483697448077,0,1,0
1.68460867330367,1,1.24102752056881,1,0,NA,NA,NA,NA,NA,NA,NA,NA,NA,NA,NA,NA,NA
-1.21492788423149,1,-0.205728579460964,0,1,1,0.78061801260198,1,1,0,1.27416736721411,0,0,NA,NA,NA,NA,NA
0.616962045310911,0,0.145966951519771,0,1,1,1.51475078518637,1,1,1,2.12462476355593,1,1,1,2.95151898800705,1,1,1
0.561680015246336,1,-0.594469771318331,1,1,0,-0.44017950124972,1,1,0,1.60041296873108,1,1,1,1.12048546587522,1,1,1
-0.572805931639577,0,-0.333165691112745,0,1,0,-0.0656573762123848,1,1,1,1.20885659574755,0,0,NA,NA,NA,NA,NA
1.53571787982434,1,2.86179241733227,1,1,1,2.28669167313823,1,0,NA,NA,NA,NA,NA,NA,NA,NA,NA
-0.74765546446844,0,-1.89767187411644,0,0,NA,NA,NA,NA,NA,NA,NA,NA,NA,NA,NA,NA,NA
-0.019471857856035,1,0.0278319771366752,0,1,1,2.39170235359706,0,1,1,2.39671095369678,1,1,1,3.80366612340267,1,0,NA
0.387628403916459,1,-1.20492968031477,0,1,0,-0.555329722091872,0,1,0,-0.391858517787328,0,1,0,1.68460137423776,1,1,1
2.32312597346536,1,2.25899798643934,1,0,NA,NA,NA,NA,NA,NA,NA,NA,NA,NA,NA,NA,NA
0.615152238314757,1,-1.32503400921411,0,1,0,-0.334805458851802,1,1,0,-0.893184190433708,0,1,0,-0.721974916134719,0,1,0
1.73154802913209,0,1.01484464767993,0,1,1,2.540688456723,1,0,NA,NA,NA,NA,NA,NA,NA,NA,NA
-0.728562623202175,0,0.52710528017754,0,1,0,-0.273163445718886,0,1,0,-2.29560998673476,0,0,NA,NA,NA,NA,NA
-1.74544030678352,0,-1.53503385995559,0,1,0,0.427602909312168,0,1,1,0.183736339624906,1,1,0,1.18830111480439,1,1,1
0.889356785182597,1,1.49188888901363,1,1,1,1.19523190158047,0,1,0,1.66894251768107,1,1,1,3.61307224140717,1,0,NA
-1.62846899968612,0,0.449853702386307,0,1,0,0.70456122592674,1,1,0,-0.92700902937148,0,1,0,-0.358461576249117,0,1,0
-1.34221036389457,1,0.237748480363658,0,1,0,1.21028524970395,1,1,0,0.827693640527594,0,1,1,1.39848504341278,1,1,1
0.610770202238328,0,1.31854130488756,1,1,0,1.76589290521874,1,1,1,0.0710889964119272,1,1,1,4.80754091802009,1,1,1
-0.0557766266686415,0,-0.342225706108816,1,1,0,0.129640017610306,0,1,0,-0.861543115987891,1,0,NA,NA,NA,NA,NA
0.84701928165966,1,2.30077219226963,1,1,1,2.9358648466682,1,0,NA,NA,NA,NA,NA,NA,NA,NA,NA
1.43317474126775,1,0.0643884938569231,1,1,0,1.12136076154031,0,1,1,2.63343629978567,1,0,NA,NA,NA,NA,NA
0.912744882660601,0,1.11814731800723,0,1,1,-0.0161226730209709,0,1,0,0.429847714572545,0,0,NA,NA,NA,NA,NA
0.382329981106898,0,0.581608007842031,1,1,0,1.47538107863808,0,0,NA,NA,NA,NA,NA,NA,NA,NA,NA
0.552018613628635,0,1.70827949800524,1,1,1,3.02041158235993,1,0,NA,NA,NA,NA,NA,NA,NA,NA,NA
0.144826651838118,0,0.651678666835067,1,1,0,0.525089608027593,0,1,0,0.69467618025627,0,1,1,1.26420522659217,1,1,1
1.70839228572527,1,1.78085881730018,1,1,0,2.07842930986262,1,1,1,4.61143092697353,1,0,NA,NA,NA,NA,NA
0.0523893824520919,1,0.79947249518144,1,1,0,0.59641848678823,0,1,1,1.13828077526385,1,1,1,3.38600772415445,1,0,NA
0.807143831935644,0,1.69619410572909,1,1,1,2.52187578982755,1,1,0,2.66743518538635,1,1,1,3.46465644119039,1,0,NA
-0.940116280192513,1,-1.7815243184437,0,0,NA,NA,NA,NA,NA,NA,NA,NA,NA,NA,NA,NA,NA
0.0392422368472649,0,1.99639149035238,1,0,NA,NA,NA,NA,NA,NA,NA,NA,NA,NA,NA,NA,NA
-1.99762732818409,0,-1.69803897409601,0,1,0,-2.05564320609152,0,1,0,-3.73101718219527,0,1,0,-2.80205836480287,0,1,0
0.138729601683047,1,0.128948709648195,0,0,NA,NA,NA,NA,NA,NA,NA,NA,NA,NA,NA,NA,NA
-1.48827676613971,1,-2.71572161337379,0,1,1,-2.05925903473007,0,1,0,-2.76592936474358,0,1,0,-3.17085882181606,0,1,0
-0.132874384428308,0,-0.177291656587072,1,0,NA,NA,NA,NA,NA,NA,NA,NA,NA,NA,NA,NA,NA
-0.240116874283649,0,-0.70015568377221,1,0,NA,NA,NA,NA,NA,NA,NA,NA,NA,NA,NA,NA,NA
0.972019277591751,1,2.09203833360573,1,1,0,2.952585773134,1,0,NA,NA,NA,NA,NA,NA,NA,NA,NA
-0.642231450884744,0,-0.538629146359783,0,1,0,-0.579333359523742,0,1,0,-1.15238739061657,0,1,0,-1.55247716240935,0,1,0
-0.664178443147495,0,0.130601139952095,0,1,1,1.48133934040759,0,1,0,2.13650543109005,0,1,1,0.862183670949998,0,1,0
-1.97301371082498,0,-0.326292774423223,0,1,0,-0.644860237688252,0,1,0,-0.519286357070749,1,1,0,-0.558264901533651,0,1,0
0.62038170075029,1,-0.00319394616839719,0,1,1,0.0856888384722043,1,1,1,-0.466883882630325,1,0,NA,NA,NA,NA,NA
1.08867161825065,1,2.95827356113401,0,1,1,1.52805420251035,1,0,NA,NA,NA,NA,NA,NA,NA,NA,NA
-0.226077238947635,0,-1.63294840098831,0,1,0,0.994278745468652,0,1,0,-0.503594761132923,0,1,0,-2.24054439389357,0,1,0
1.48023793951334,1,-0.876556835596173,1,1,1,-0.514372081309228,0,1,0,0.604755615718617,1,1,0,0.825222409238074,1,1,1
-0.409756055441592,0,2.48082041959183,1,1,0,1.94299314077747,1,1,0,2.66817676382514,1,1,1,2.97539837570134,1,1,1
-1.00232204198398,0,-1.22443705760523,1,1,0,0.361795631108362,0,1,1,0.596169246722065,0,1,0,0.282549727265567,1,1,0
0.229145399273747,0,0.129686833659612,1,1,0,1.00509972620542,1,1,1,0.304324650078252,1,0,NA,NA,NA,NA,NA
0.686284539494493,0,-0.154372179256448,0,1,0,1.68538998357448,1,1,0,2.10278559973488,1,1,0,1.72199875905686,1,0,NA
-1.49352037264224,0,-0.816316389623122,0,1,0,0.268012566000725,0,1,0,-1.94385139942379,0,1,0,-1.5762867147772,0,1,1
-1.6356334016827,1,-0.48717747160037,0,1,0,-1.59747621876443,0,1,0,-0.600908845856915,0,1,0,-0.820377402934324,0,1,0
0.0464198809005516,0,1.40312458233102,1,0,NA,NA,NA,NA,NA,NA,NA,NA,NA,NA,NA,NA,NA
0.480435287129279,1,0.99324537675202,1,1,0,2.37317798727353,1,1,1,1.46365812676784,0,1,1,2.95285646070043,1,1,1
-2.34448637435628,0,-1.72577849270698,0,1,0,0.067728473293645,0,1,0,-2.32783731980999,0,1,0,-2.46082035175576,0,1,0
-1.70618749954248,1,-0.556828054688409,0,1,0,-0.678927073536749,0,1,0,0.0803836653004373,0,1,0,-1.67032435853769,0,1,0
0.307769939615024,1,-0.195984103202953,0,0,NA,NA,NA,NA,NA,NA,NA,NA,NA,NA,NA,NA,NA
0.888734457216717,1,1.16501189212803,1,1,0,0.834108678157903,1,1,1,2.25700357286596,1,0,NA,NA,NA,NA,NA
-0.380935589430475,1,1.28328254713374,1,1,1,0.753200479489748,1,1,1,1.63207779865992,1,1,1,4.07751113412301,1,0,NA
1.20042237058618,1,1.09875422805292,1,1,1,1.21405647224981,1,0,NA,NA,NA,NA,NA,NA,NA,NA,NA
-0.613786417628227,0,-0.221963941637926,0,0,NA,NA,NA,NA,NA,NA,NA,NA,NA,NA,NA,NA,NA
-0.166695812608068,1,0.648136429775834,1,1,1,1.24735590122017,1,1,0,1.81193255436395,1,1,1,3.42617408936226,1,0,NA
1.3497427411458,1,2.29878472215145,1,1,1,2.81290223298844,1,0,NA,NA,NA,NA,NA,NA,NA,NA,NA
-0.08155736257615,1,1.50289065740767,1,1,1,0.361306622762651,1,0,NA,NA,NA,NA,NA,NA,NA,NA,NA
0.0258731020851069,1,-0.545211898733075,1,1,0,-0.0671026082324952,0,1,1,0.221218089648755,1,1,1,1.9802090224071,0,1,0
-0.899870707064619,0,-1.45233529177961,0,1,0,-0.304731951843382,0,1,1,-2.02997293811362,0,1,0,-1.72187822815968,0,1,0
0.0670106043901452,1,-0.64061158976173,0,1,0,-1.42687690746181,0,1,0,-1.25877361769911,0,1,0,-1.44453429074971,0,1,0
-0.644265584699205,1,-1.09958931995833,0,1,1,-0.119525163751069,0,1,0,0.448380335943544,0,1,0,0.628623389805959,1,1,1
-1.79943951694229,0,-4.33417435975537,0,1,0,-2.97480332234686,0,1,0,-5.05118437737166,0,1,0,-4.20328888544401,0,1,0
-0.970491872039209,0,1.3339616664639,1,1,1,2.59564975793777,1,1,1,3.02096698796788,1,0,NA,NA,NA,NA,NA
-0.23864909058919,0,1.21314699181328,0,0,NA,NA,NA,NA,NA,NA,NA,NA,NA,NA,NA,NA,NA
0.163631745977142,0,-0.549648282774103,0,1,0,-1.18646486139068,1,1,0,-0.315331400953859,1,1,1,1.83466620148499,1,1,0
1.06803589634442,1,0.667354212090748,1,0,NA,NA,NA,NA,NA,NA,NA,NA,NA,NA,NA,NA,NA
0.0385342268220356,1,2.49833375229275,1,1,0,3.15485697170196,1,1,1,2.45563565766514,1,1,1,5.24742093454961,1,0,NA
-0.127406724329176,0,-1.43616616254531,0,1,0,-1.18909211468158,1,1,0,-0.275587703668394,0,1,0,1.2324656090464,0,1,0
1.10613338969307,1,0.748584228511243,0,0,NA,NA,NA,NA,NA,NA,NA,NA,NA,NA,NA,NA,NA
2.41505639305858,1,0.827942978624538,1,1,1,1.71330204138223,1,1,0,2.3876073894033,1,0,NA,NA,NA,NA,NA
-0.0854377496312043,1,0.368456509208926,0,1,0,-0.292471223780661,1,1,0,0.930576318246826,1,1,0,0.909101046969183,0,1,1
1.17798559053759,1,2.79211660709198,1,1,1,3.82779492328789,1,0,NA,NA,NA,NA,NA,NA,NA,NA,NA
0.486182864879867,0,0.581959023904322,0,1,0,-1.14865673102994,0,1,0,-2.03830246247583,0,1,0,-0.579925503564022,0,1,0
-0.0760459783736424,0,0.629310639525578,0,0,NA,NA,NA,NA,NA,NA,NA,NA,NA,NA,NA,NA,NA
-1.92088504995097,0,-1.89315742226508,0,1,0,-2.01327196197732,0,1,0,-2.21051416117436,0,1,0,-3.0388910231366,0,1,0
-0.967552745503026,0,0.729155927538709,0,1,1,1.42883841316516,1,1,1,0.816020583304368,1,0,NA,NA,NA,NA,NA
-0.556743932301024,1,-0.177951431017658,0,1,1,0.0655910077201556,1,0,NA,NA,NA,NA,NA,NA,NA,NA,NA
-1.11020718374346,0,-0.00524931346248514,0,1,0,0.700304048347193,0,1,1,1.01870233163637,1,1,0,-1.01975943134982,0,1,0
-1.16124993960642,0,0.171972581497668,0,1,0,0.46026005785068,0,1,0,1.78269755048133,0,1,1,0.401671371432411,1,1,1
-0.412925484950059,1,-0.689894379221732,0,1,0,0.595296057846239,1,1,0,0.86808706036215,1,1,0,1.30190642171809,1,1,1
0.951889434480402,1,1.22310444175706,1,1,0,0.62468284077084,1,1,1,2.18838163928784,0,0,NA,NA,NA,NA,NA
-0.920180526501519,0,-0.592934635321998,0,1,0,-0.846899001470297,0,1,0,-1.40280261804733,0,1,0,-2.74957398946021,0,1,0
0.118175117960979,0,1.19168388715639,1,1,0,0.0710891591179126,0,1,0,-0.961006634197087,0,1,0,-0.500080126082263,1,1,0
-0.202992795359762,0,-1.74499699336276,1,1,1,-1.60556352882068,0,1,0,-0.793852709833588,0,1,0,-2.18802258135202,0,1,0
0.79309979915499,1,0.312787932565337,0,1,0,0.328146081808571,0,1,0,2.06080234679199,0,1,1,0.624769547024412,1,0,NA
0.0384368414759949,0,-1.04600350935042,1,1,1,-0.624509167861667,0,1,1,-1.92497974883608,0,1,0,-1.21242775485412,0,1,0
-0.16816299181802,0,1.09258002012999,1,1,1,0.377738862418129,1,0,NA,NA,NA,NA,NA,NA,NA,NA,NA
-0.584189408985592,1,-0.93221779875764,0,1,0,-0.204181479442946,0,1,0,-1.35112535279885,1,1,0,-0.709279407517546,0,1,0
0.891898666517829,1,-0.300557203891889,1,0,NA,NA,NA,NA,NA,NA,NA,NA,NA,NA,NA,NA,NA
1.13933307604848,0,-0.026722329490786,1,1,0,1.65559908943078,0,1,1,1.38901899129639,1,1,1,4.35987628187584,1,1,1
0.0194424834681,1,-0.676215129116329,0,1,0,-1.22301224542139,0,1,0,-1.45430361452758,1,1,0,-0.472251687430807,0,1,0
3.27178275094146,1,1.50330545565543,1,1,1,2.29464529236289,1,0,NA,NA,NA,NA,NA,NA,NA,NA,NA
-0.00299321217346231,0,0.725071078348726,0,1,0,-1.33770150755912,0,1,1,-0.135445988468072,0,1,0,1.35543618640806,0,1,0
2.9238239501318,1,1.72026518867528,1,1,0,3.37824441732256,1,1,1,4.95040403542422,1,0,NA,NA,NA,NA,NA
-0.133879522065291,0,-0.0845497339481973,0,1,1,-0.376698921426529,0,1,0,0.295079848922338,0,1,0,1.17296712679166,0,1,0
-1.57070706216679,0,-2.22303079108892,0,1,1,-1.92095199813809,0,1,0,-2.38056640338615,0,1,0,-3.40926670798519,0,1,0
-1.42476658017077,0,-0.666188413356356,0,1,0,-0.894369501257139,0,1,0,-2.8201434213384,0,1,0,-0.909301663378741,0,1,0
-0.871469943087801,0,-1.22451747743003,0,1,0,-0.327004158687792,0,1,0,-0.387763575279296,0,1,0,-1.85784141936632,0,1,0
1.47840798244259,0,0.552084986604699,1,1,1,2.80554582315871,1,1,1,1.35871227815327,1,0,NA,NA,NA,NA,NA
1.70332330212618,1,-0.117904574084174,0,1,0,0.470666628083918,0,0,NA,NA,NA,NA,NA,NA,NA,NA,NA
0.397608592961342,0,1.17423575790897,1,1,1,2.55160213719747,0,0,NA,NA,NA,NA,NA,NA,NA,NA,NA
0.308495292568104,1,1.12102388905365,1,1,1,1.97383905195835,1,1,0,2.11091102046244,1,1,1,2.55767094348984,1,1,1
-0.536955292638044,1,0.377703243825043,0,1,1,-0.742264583492256,0,1,0,-0.328654842376,0,1,0,-0.921707130505264,0,1,0
-0.676675596367901,1,-0.499755199376423,0,1,0,-0.408184839192603,0,1,0,0.22713721532529,1,1,0,1.19631993936924,0,1,1
-0.717903102159638,0,0.126777382225265,0,1,0,1.18878843362547,1,0,NA,NA,NA,NA,NA,NA,NA,NA,NA
-0.870549994900966,1,0.600954213035068,0,1,0,0.219547778859725,0,1,0,1.12768797078961,1,1,0,3.48894506916867,1,0,NA
-0.539922449848325,0,0.784082890080445,1,0,NA,NA,NA,NA,NA,NA,NA,NA,NA,NA,NA,NA,NA
-0.622689767958637,0,-0.551493774049169,1,1,1,1.54268412216697,0,0,NA,NA,NA,NA,NA,NA,NA,NA,NA
0.52853744956257,1,0.527459868377631,1,1,0,0.474639688110247,1,1,1,1.65116477045748,1,0,NA,NA,NA,NA,NA
0.77081867169404,1,1.68129746160159,1,1,1,1.21326745449388,1,1,1,1.16733617947926,1,0,NA,NA,NA,NA,NA
1.60318075443505,1,1.50489923243418,1,1,1,2.96331390695992,1,1,1,4.72074060519564,1,0,NA,NA,NA,NA,NA
-2.44862135362922,0,-1.4374131764539,0,1,0,-1.76020352608933,0,1,0,-3.20960925897808,0,1,0,-3.56990450369488,0,1,0
0.495119681899253,1,2.57434255443809,1,0,NA,NA,NA,NA,NA,NA,NA,NA,NA,NA,NA,NA,NA
-0.318468478289267,0,1.47043728874881,0,1,1,1.69054525718893,0,1,0,2.49734334692901,1,1,0,3.18408280359813,1,0,NA
-0.266390602550299,1,0.606718910847975,0,1,0,-1.1908318026525,0,1,0,-0.571536028003425,1,1,0,0.546286524126524,1,1,1
-1.64170410993825,0,1.22137620416288,0,1,1,0.728595271301823,0,1,0,0.732402745662438,1,1,1,1.17403801713353,0,0,NA
-0.0328780548058861,1,-1.02959481535847,0,1,0,-1.27096401004092,1,1,0,-1.23033661547412,0,1,0,-0.655334922300838,0,1,0
-0.776007105490692,1,0.923230639720926,1,1,0,0.601982702749779,0,1,1,1.47619782849841,0,1,1,2.067551803327,0,1,0
0.355759428247928,0,0.056020062465661,0,1,0,-0.491136638919011,1,1,0,0.14135062765859,0,1,0,1.69279921328855,1,1,1
-1.11280918419286,0,0.00351007322415725,0,1,0,-1.10220189577767,0,1,0,-2.06831459974044,0,1,0,-2.03717143874365,0,1,0
3.44599197819979,1,1.05333888549632,1,0,NA,NA,NA,NA,NA,NA,NA,NA,NA,NA,NA,NA,NA
-0.78209886700799,1,-0.980494711675578,1,1,0,0.194072036320479,0,1,1,0.120147341001852,0,1,1,1.98069130536386,0,1,1
-0.282203311332044,0,1.5038992103704,0,1,1,0.940158381182244,1,0,NA,NA,NA,NA,NA,NA,NA,NA,NA
-1.22876619131156,0,-2.27617258354442,0,1,0,-0.653680635966585,0,1,0,-3.16486599524985,0,1,0,-4.02565481211828,0,1,0
-0.325172996563801,0,-1.69822271263393,0,1,0,-0.550783810193219,1,1,0,-1.52987969873782,1,1,0,0.16527077908843,1,1,0
2.13425460540829,1,2.2404063911907,1,1,1,2.38638693269446,1,1,1,4.11168872464119,1,0,NA,NA,NA,NA,NA
-0.386892082931343,0,-0.214883725577591,0,1,0,-1.18400566839116,0,1,1,-2.82192518482623,1,1,0,-1.48583865662419,0,0,NA
0.610203857819049,1,-0.162158183774669,0,1,0,-0.676051166861931,1,1,1,1.70646421499388,1,1,1,3.1551277979165,1,1,1
-0.939779775135914,0,-1.28919992554536,0,1,0,-1.58698858537784,0,1,0,-1.09098830737488,0,1,1,0.192284412728453,0,1,0
1.53836358801599,0,0.658467978390544,0,1,1,0.553511080256547,1,1,0,3.46117450045112,1,1,1,5.35666489361265,1,0,NA
0.468351598166099,1,1.52486488068537,0,1,1,1.76621155908926,1,1,1,2.59453264977003,1,1,1,3.38446737047432,1,1,1
-0.71663302769885,0,-0.657255814479522,0,1,0,0.264065913275836,0,1,1,1.82368446369341,0,1,0,0.628284460076738,1,0,NA
0.230438944862016,1,1.4534141022278,1,0,NA,NA,NA,NA,NA,NA,NA,NA,NA,NA,NA,NA,NA
-0.38686369131377,1,-0.993076741169172,0,1,0,-0.902365897542388,0,1,0,-0.781142774355935,1,1,0,1.49458483698376,0,1,1
0.50870846650783,1,0.69374272518014,1,1,1,-0.0780870417740467,1,1,1,0.262191645529704,1,1,0,0.29581386368813,0,1,0
-0.809396597344662,0,-0.455737325272869,0,1,0,-1.22840068343294,0,1,0,-0.32426036917702,0,0,NA,NA,NA,NA,NA
0.463215859683372,0,0.784642066167005,1,1,1,2.93705066623647,1,1,1,3.40848087518552,1,0,NA,NA,NA,NA,NA
1.58317836100403,1,-0.0229721827506079,1,1,1,2.58005211634216,1,1,1,3.25827059724483,1,1,1,4.54628796426908,1,0,NA
1.26276162796841,0,0.587034529570474,1,1,0,3.70326407444434,1,1,1,2.02285976476413,1,1,1,4.12873627261961,1,1,1
0.304992512785019,0,1.23196012965364,1,1,1,1.26870790432909,1,1,1,3.40682756425353,1,1,1,4.59454574531052,1,1,1
0.333676634814215,1,0.472202319769692,0,1,0,0.271810597178807,1,1,1,-0.158285386408836,1,1,1,2.69314222611583,1,1,1
0.421503008938672,0,0.903992098152149,1,1,1,2.01319912300403,1,1,1,3.69069942122539,1,0,NA,NA,NA,NA,NA
0.898379755642647,1,1.38702810659674,1,1,1,3.19698778101867,1,1,1,4.56559525851647,1,0,NA,NA,NA,NA,NA
0.385927146861621,0,1.83533497037396,0,1,1,2.03800473838293,1,1,0,3.44995778497498,1,1,1,5.0477606961954,1,0,NA
0.606090117308301,1,0.942758589496861,1,1,1,1.17711806477691,1,1,1,1.04831976099341,1,0,NA,NA,NA,NA,NA
0.637811527522779,1,-0.160354253202865,0,1,0,-0.798457171602697,1,1,1,0.166591322498631,0,1,0,2.17643504890018,1,1,1
0.227793843711254,1,1.59947337289188,1,1,0,2.07603035771604,0,1,1,2.41174114697701,1,0,NA,NA,NA,NA,NA
0.720449424080687,1,2.20606384160763,1,1,1,1.71668201500051,1,1,0,1.95310102804841,1,1,0,3.24329746395052,1,0,NA
0.0578393567246293,1,0.2209088290556,1,1,0,-0.817908920227893,1,1,1,1.22704731399013,0,0,NA,NA,NA,NA,NA
1.01128638626024,0,-0.264324017097922,1,1,1,0.899155973195185,1,0,NA,NA,NA,NA,NA,NA,NA,NA,NA
-0.428251372732744,1,-0.934100471025499,0,1,1,0.644582266572343,0,1,1,0.130923183181155,0,0,NA,NA,NA,NA,NA
0.193770942237221,1,0.0634513968424253,1,1,1,2.34688475682198,0,1,1,1.44279464090045,1,0,NA,NA,NA,NA,NA
0.0324641118561838,0,0.428126122632782,1,1,0,0.678523841993088,1,0,NA,NA,NA,NA,NA,NA,NA,NA,NA
-1.07415455414373,0,-0.581992027061288,0,1,0,-1.06531794926075,0,1,0,-0.304844110067378,1,1,0,-0.844244474158166,0,1,0
1.19882598973803,1,1.01111639286673,1,1,1,2.48115493024996,0,0,NA,NA,NA,NA,NA,NA,NA,NA,NA
-1.16243321340069,0,-0.927694049438758,0,1,0,-0.882973689144413,0,1,0,-1.55870170439942,0,1,1,-1.9584811928259,0,1,0
1.30512922116238,1,1.01730913698157,1,1,0,2.24210388084164,1,1,1,3.23434858517633,1,1,1,4.98677167041748,1,0,NA
-1.06846647571752,1,-2.11103684696348,1,1,0,-2.64797540398391,0,1,0,-0.209760294209289,0,1,0,0.0884945852018939,0,1,0
-0.982083465583142,0,0.0608602203188503,0,1,0,-1.20779761262304,0,1,1,-0.533139510757943,0,0,NA,NA,NA,NA,NA
0.860888491074712,1,1.37381293216802,1,1,1,0.130135261144225,1,1,1,1.78948305468485,1,1,1,3.38070998223192,1,0,NA
-0.081744927167929,1,-2.17715084016411,0,1,0,-2.38890059587803,0,1,0,-1.94976583858038,0,1,0,-2.06481391611407,0,1,0
-1.8451908393036,0,-0.463956378028059,0,1,0,-0.381676874249562,1,1,1,0.756805720770377,1,1,0,-0.837718673775764,0,1,0
1.50342038213375,1,1.14655299481409,1,1,1,2.96966469199802,1,1,1,3.45059085788236,1,1,1,6.5673921135798,1,0,NA
-2.48852743080384,0,-0.256025153970727,0,1,0,-1.80551453394336,0,1,0,-1.64566419729619,0,1,0,-3.71931433766482,0,1,0
-0.692526021320325,1,-1.41074002196934,0,1,0,-1.4801008934844,0,1,1,0.591399311619376,0,1,0,1.24229654184785,1,1,1
-1.52033934327632,0,-1.65355742575036,0,1,0,0.380794995646785,0,1,1,0.122251350438438,1,1,0,0.0353893877856417,0,1,0
-0.567967502113959,1,-0.472562554072124,0,0,NA,NA,NA,NA,NA,NA,NA,NA,NA,NA,NA,NA,NA
0.0886811291310934,0,0.704497375926266,0,1,1,-0.183441463758272,1,1,0,0.433503604950258,0,1,0,0.310652923877125,0,1,1
-0.333540775490231,0,0.123561145475661,0,1,0,0.501036662314354,1,1,1,1.85095210799993,1,1,0,1.29608484699311,1,1,0
-0.578854149910313,0,-2.08073123752516,0,1,0,-1.55327596512633,0,1,0,-1.54793061932036,0,1,0,-2.7519346427492,0,1,0
-0.163795855729233,1,1.10522790415533,1,0,NA,NA,NA,NA,NA,NA,NA,NA,NA,NA,NA,NA,NA
0.269165410758008,1,3.93436139603927,0,1,1,2.65424635585166,1,0,NA,NA,NA,NA,NA,NA,NA,NA,NA
-0.855759582087002,0,-1.4403770310583,0,1,0,0.118505694240219,0,0,NA,NA,NA,NA,NA,NA,NA,NA,NA
-2.07485622665075,0,-0.565765009901821,0,1,0,-2.54047991191413,0,1,0,-1.87264212104774,0,1,0,-2.84785750245486,0,1,0
-0.925845864287955,1,0.505363110849788,0,1,0,-0.95991312680459,1,1,0,-1.21414350667308,0,1,0,-0.640201617806321,0,0,NA
-1.90435779127418,0,-2.56620493989717,0,1,0,-1.85750235050597,0,1,0,-1.05467979948185,0,1,0,-2.77293874746731,0,1,0
0.635338733866089,0,2.19304603145165,1,0,NA,NA,NA,NA,NA,NA,NA,NA,NA,NA,NA,NA,NA
1.87015838792933,1,1.35322843202734,1,1,1,1.40203486535163,1,1,1,2.2826870008998,1,0,NA,NA,NA,NA,NA
-1.14546193848128,1,-1.92122289554093,0,1,0,-3.08823893576942,1,1,0,-3.16961821798998,0,1,0,-2.337697551133,0,1,0
-0.885435444170508,1,-0.94165654867869,0,1,0,-0.308449794825324,0,1,0,-0.628173199881489,0,1,0,-2.93988625355604,0,1,1
-0.875533900687168,1,-1.03030715843119,1,0,NA,NA,NA,NA,NA,NA,NA,NA,NA,NA,NA,NA,NA
0.788390456341582,1,2.78301651517888,1,1,1,2.50195075602816,1,1,1,3.1187558521506,1,0,NA,NA,NA,NA,NA
0.0313446839741886,0,-1.78618579053177,0,1,0,-1.70330420305763,0,1,0,0.321815581316132,0,1,0,-0.813393739363909,1,1,1
0.488947815943938,1,1.07604335295123,1,1,0,2.04129317998072,1,0,NA,NA,NA,NA,NA,NA,NA,NA,NA
0.771469878691198,0,1.9130929916294,1,1,1,0.621414926466783,0,1,1,0.34316132558744,0,1,0,1.05469235447959,0,1,1
0.247834608669137,0,2.18226775788585,1,1,1,1.61710080832123,1,1,0,2.22566211526281,0,1,0,5.46716513736844,1,0,NA
0.447831638138293,0,-0.72473710487984,1,1,1,0.276565858154244,0,1,1,0.222372543200332,1,1,0,1.73746897591826,0,1,0
-1.16256526522146,0,1.1980104487562,0,1,1,1.36159413220647,0,1,1,0.0483542848566985,0,1,0,-0.403544289145665,0,1,0
-0.0617882821038358,1,1.71583535996556,1,1,1,0.941449056695578,1,1,1,1.31469073764807,1,0,NA,NA,NA,NA,NA
-0.616103464566919,0,1.42353624889434,0,1,0,0.389664009754125,1,1,0,1.22188304616779,1,1,1,1.62463125918214,1,1,1
-1.30482930362763,0,-0.0892936854673767,0,1,1,1.40382295787157,1,1,1,0.814169645026138,1,1,1,0.83612402318043,0,1,1
-1.16898434302642,0,-2.19197788601632,0,1,0,0.580620936071729,0,1,1,0.290681404464164,0,1,1,0.735451927480418,0,1,0
0.937609547717227,0,0.515754593578919,1,1,0,2.07788946471449,0,0,NA,NA,NA,NA,NA,NA,NA,NA,NA
-1.3005469870359,1,-0.718224040340739,0,1,0,-0.960856266140597,0,1,0,-0.853852221777807,0,1,0,-1.74954445159512,0,1,0
-0.404328026761701,0,1.90448707889409,1,1,1,1.1605610942997,1,1,0,1.7577477463108,1,0,NA,NA,NA,NA,NA
0.982565049225279,0,0.718748618422236,1,1,1,-0.60946287318913,0,1,0,0.278506876587724,1,1,0,0.663886337098361,0,1,1
0.329259493151393,0,0.349738355216599,0,1,1,1.31969890489538,0,1,1,1.19848402163912,1,0,NA,NA,NA,NA,NA
0.652347233454389,1,0.47051132413949,1,0,NA,NA,NA,NA,NA,NA,NA,NA,NA,NA,NA,NA,NA
0.33137935811481,1,1.08644912824943,0,0,NA,NA,NA,NA,NA,NA,NA,NA,NA,NA,NA,NA,NA
-0.148875337173038,1,0.616172013776099,0,1,0,1.75619285525534,0,1,1,1.13829146072242,1,0,NA,NA,NA,NA,NA
-2.19971757795955,0,-1.81882763976423,0,1,0,-2.07699839430783,0,1,0,-4.44515563365098,0,1,1,-4.17017757063964,0,1,0
-0.608838514896523,0,-0.432886658596387,0,1,0,-0.446912784742792,0,1,0,0.840645435954041,1,0,NA,NA,NA,NA,NA
-1.37830797006746,1,2.14779847586215,0,1,1,2.10003435652154,0,1,0,0.950331139133581,1,0,NA,NA,NA,NA,NA
-0.37808428586824,0,-0.275205554924204,0,1,0,0.0394583197459153,1,1,1,1.05307790128883,1,0,NA,NA,NA,NA,NA
2.05410707311695,1,1.23693893397673,1,1,1,2.93190038374427,1,0,NA,NA,NA,NA,NA,NA,NA,NA,NA
0.138225403263888,1,0.679283915415439,0,1,1,0.706121850108869,0,1,0,2.23531070772706,0,1,0,2.13682993326747,1,0,NA
-0.719146277753351,0,-1.07432376128972,0,1,0,-1.07659573956975,0,1,0,-1.15980895040128,0,1,0,-0.306144023520401,0,1,0
0.888692440655481,1,0.878941095287897,1,1,1,1.18750002260566,0,1,1,2.95208702103911,1,1,1,3.77390864982794,1,0,NA
0.491372928474695,1,-0.0354999403204969,0,0,NA,NA,NA,NA,NA,NA,NA,NA,NA,NA,NA,NA,NA
-0.0803500691057765,0,-1.44878306181312,0,1,0,-1.32860885998224,0,1,0,-0.482674285703626,0,1,1,-1.7103872353796,0,1,0
-0.227631250524714,1,2.0697293980239,1,1,0,1.91134434614867,1,1,0,4.34557584970358,1,1,1,4.40359860025312,1,1,1
-0.145485583230482,0,0.852046856263218,0,1,0,-0.627625676907092,1,1,0,0.0909839526910711,1,1,0,-0.271366121956116,0,1,1
-0.0714200255752952,1,0.985549054696225,0,1,1,0.934199911457787,1,1,1,0.938008522340488,0,0,NA,NA,NA,NA,NA
0.619530244648906,1,1.10111202452618,1,1,1,1.72037447940936,1,0,NA,NA,NA,NA,NA,NA,NA,NA,NA
0.127656676246875,1,-0.19113300817353,1,1,0,0.458091668810215,0,1,0,1.43015915687153,1,1,1,2.14352119752788,1,1,1
-0.627376645697984,0,-0.824644585637406,0,1,1,-0.172766170178125,1,1,0,1.30962073287908,1,1,0,0.533144859856577,0,1,1
0.834371493937897,0,-0.81149975790962,1,1,0,0.0134747886202945,1,1,1,0.554872079234359,1,1,0,2.72896947842651,1,0,NA
-0.698403948311629,1,1.83914965815404,1,1,1,1.66002115865255,1,1,0,0.323922583869329,0,1,1,3.06945630602909,1,1,1
1.30924048218871,1,2.47491872517213,1,0,NA,NA,NA,NA,NA,NA,NA,NA,NA,NA,NA,NA,NA
-0.980177626888364,0,-1.26334288200438,0,1,0,-2.19417432969823,0,1,0,-1.29024588300621,0,1,0,-1.52685324182119,0,1,0
0.747985102745544,0,0.945471866929983,1,1,0,1.56322005285757,1,1,1,3.61487463461184,1,1,1,4.84149264368266,1,0,NA
1.25779662068081,1,0.569205481719647,1,1,1,1.93847985197404,1,1,1,2.556391987062,1,0,NA,NA,NA,NA,NA
1.2221833523778,0,-1.31254901113679,1,1,0,0.3046331772096,0,1,0,0.290576109171174,1,1,0,1.01888164403964,1,1,1
-0.112160842700522,0,0.0847015375140218,1,1,1,1.20616242046561,0,1,1,1.75147166938192,1,1,0,1.35003878634548,1,1,1
0.692200142934224,1,0.244707497436076,0,0,NA,NA,NA,NA,NA,NA,NA,NA,NA,NA,NA,NA,NA
-2.13764149985513,0,-1.16245462096655,0,1,0,-1.7903086187233,0,1,0,-1.23870869304236,0,1,0,-0.920145597600545,0,1,0
0.444235984040234,1,0.267334509018544,1,1,0,0.622017371979903,1,1,1,2.73774344749134,1,1,1,5.04529262985479,1,1,1
-0.109286874357898,1,0.756263795139515,0,1,1,2.33742584972733,1,1,1,1.72835975847841,1,1,1,2.34525805069073,1,1,1
0.599824655782442,1,1.55238943896261,1,1,0,1.13511127029285,1,1,0,1.85378335149752,1,1,1,1.46375693360003,1,1,1
0.108759073688381,0,1.64211918635656,1,1,1,0.0995667229824164,0,1,0,-0.16622793452545,1,1,1,0.50441874769008,0,1,1
1.29479689861678,1,0.239474164628205,1,1,0,-0.536636537037283,1,0,NA,NA,NA,NA,NA,NA,NA,NA,NA
-0.170650755658055,0,-0.932780930400834,0,1,0,-0.432476626912523,1,1,0,-0.609932698339024,0,1,0,0.0296702529647603,0,1,0
0.733739518696074,0,0.144794322983242,0,1,0,0.275999944759394,0,1,0,-1.20240499179334,1,1,1,0.70838384041535,0,1,1
-0.105956081619216,0,1.45608896806422,0,1,0,-0.805428791638275,0,1,0,1.43075461929513,1,1,1,1.71819440543664,1,1,1
0.655762571951209,0,-0.715172726900558,1,1,0,-0.44751392827645,0,1,0,-0.0185515921054309,0,1,0,0.17821664499268,1,1,1
-1.23126609336929,0,-0.150841571046308,0,1,0,0.530313995425779,1,1,0,1.93772127654924,1,1,0,1.2507752944779,1,1,0
0.606569514039166,0,-1.25094788349318,0,1,0,-1.04171674594834,0,1,0,0.216542392899935,0,1,1,-2.76466175112822,0,1,0
-0.389590456231888,0,0.651422752367788,1,1,0,1.76130909034742,1,0,NA,NA,NA,NA,NA,NA,NA,NA,NA
0.394815020131042,0,0.143482235329294,0,1,1,-0.38281735556852,1,1,0,-0.263880189293413,0,0,NA,NA,NA,NA,NA
-0.875318548777549,1,-0.19142915989866,0,0,NA,NA,NA,NA,NA,NA,NA,NA,NA,NA,NA,NA,NA
0.54164091212584,0,2.72225227776604,1,1,1,3.16127153513037,1,1,1,2.95520731526488,1,0,NA,NA,NA,NA,NA
2.99152532733133,1,2.94580545759882,1,1,1,2.77071920050864,1,0,NA,NA,NA,NA,NA,NA,NA,NA,NA
1.54052050648587,1,0.384567663577163,1,1,0,0.453930946639513,1,0,NA,NA,NA,NA,NA,NA,NA,NA,NA
0.980378794904776,0,1.5905122952529,1,1,1,0.941356183387186,1,0,NA,NA,NA,NA,NA,NA,NA,NA,NA
-0.619014968381663,0,-0.0493080058363192,1,1,0,-0.386628360093006,0,1,0,0.588940112037983,0,1,1,-0.567867727225101,0,1,1
0.324860466266969,1,0.0539791811887698,0,1,1,0.580658355570233,0,0,NA,NA,NA,NA,NA,NA,NA,NA,NA
-0.158338330946089,0,-1.25854194710531,0,1,0,-1.8584404218069,0,1,0,-1.96233486523629,0,1,0,-2.99119746206748,0,1,0
-1.98512889480691,0,-2.47710988161995,0,1,0,-1.30892604451674,0,1,0,-2.57781416169161,0,1,0,-2.7449222884831,0,1,0
-0.240167897097374,1,-1.33857667803942,0,1,0,-0.760089423205969,0,1,0,-0.904547672251158,0,1,1,-1.31860332994334,0,1,0
-0.316538046267265,0,1.0960862626063,1,1,0,0.588127232744141,1,1,1,1.54914210657683,1,1,1,3.4635520425347,1,0,NA
-0.0896303158722854,1,0.854753561857703,1,1,0,2.42262462879697,1,1,1,3.64618531758314,1,0,NA,NA,NA,NA,NA
-0.532006993707045,0,-1.14511799864611,0,1,0,-1.62976277063666,0,1,0,-2.45603980330137,0,1,0,-3.27138238899952,0,1,0
0.651828959763116,1,-0.227925693880717,1,1,0,0.668941798995,1,1,0,3.07581552220232,1,0,NA,NA,NA,NA,NA
1.91858057970287,1,1.07811514091992,0,1,1,0.803821198366628,0,0,NA,NA,NA,NA,NA,NA,NA,NA,NA
1.15565715134385,1,-0.181846673346363,1,1,0,1.87598653926077,1,1,0,1.61184955756663,1,1,1,2.68882454388717,1,1,0
0.660185179168459,1,0.313872991186384,1,1,0,1.56232892693817,0,1,0,2.5225248300941,1,0,NA,NA,NA,NA,NA
0.0550690875835367,0,-2.22375351095279,1,1,0,-2.00312146898515,0,1,0,-1.40253872384485,0,1,0,-2.47765554243754,1,1,0
0.0757323802746318,1,2.27668118817049,1,1,0,2.72654840199699,1,0,NA,NA,NA,NA,NA,NA,NA,NA,NA
1.15752258181319,0,1.16305999616663,1,0,NA,NA,NA,NA,NA,NA,NA,NA,NA,NA,NA,NA,NA
1.28164889939765,1,2.89863421492195,1,1,1,1.16438652260048,1,0,NA,NA,NA,NA,NA,NA,NA,NA,NA
-0.591946857097672,0,-0.360694329357048,0,1,0,0.303567472982854,1,1,0,-0.463415633237364,0,1,0,-1.00787222044462,0,1,0
0.949803349503218,0,-0.0113003773662591,0,1,0,-1.4259327603474,0,1,1,0.699823062038673,1,1,1,0.086171475834282,1,1,0
-1.18310978507429,0,-1.49191745752609,0,1,1,-1.51173671588981,0,1,0,-2.99959555846258,0,1,1,-3.45805618526336,0,1,0
-1.19265860477875,1,-0.147331501730616,0,1,0,0.783088612963729,1,1,0,-0.61337440169917,0,1,0,-0.228468516833583,1,1,1
1.59578333479431,1,1.40999394935234,1,1,1,2.08987109435272,1,0,NA,NA,NA,NA,NA,NA,NA,NA,NA
0.0369392685017888,0,0.944563089643385,0,1,1,1.2243040461994,1,1,1,1.21052692300723,1,1,1,2.65555913365064,1,1,1
0.0337820994332734,0,-2.07403950513454,0,1,0,-0.343061462970907,0,1,0,-1.25541520808878,0,1,0,-2.65262960247639,0,1,0
0.979023019683957,1,1.63726415913573,1,1,1,2.85605435727249,1,1,0,2.96388762655966,1,0,NA,NA,NA,NA,NA
-0.19665658614585,1,-1.09093398264294,0,1,0,0.620214449914796,1,1,0,-0.878358268685148,0,1,0,-0.416745792592712,1,0,NA
-0.84666438748252,0,-1.42234856734062,1,1,0,-1.83940467842979,0,1,0,-0.65913461576468,0,1,0,-1.02989865808016,1,1,0
0.138357324986206,0,1.10571174925288,1,0,NA,NA,NA,NA,NA,NA,NA,NA,NA,NA,NA,NA,NA
-1.70863333602975,0,-0.661006414099803,0,1,0,-1.47506371559585,1,1,0,-1.56520070710841,0,0,NA,NA,NA,NA,NA
-0.472466103539983,0,0.339346312146887,1,1,0,1.35568189791709,1,1,0,1.74488355001,1,1,1,1.15000648655103,0,1,0
-0.156740160934217,0,-0.218343585703278,1,1,0,-0.323088467754655,1,1,0,0.258004019025174,1,1,0,1.08242418216819,1,1,1
-1.44256268479559,0,-2.94287941962008,0,1,1,-2.5164738311596,0,1,1,-2.80251638575497,0,1,0,-3.43654848716985,0,1,0
0.184764335937665,1,0.517198732575408,1,1,1,-0.00919662027157009,1,1,1,-0.167754952974951,0,1,0,0.390913618600943,0,1,1
-0.732733102643874,1,-0.129299020142282,1,1,1,-0.844434070028264,1,1,0,0.144214617689458,0,1,1,-0.458380371769925,1,1,0
1.11407753323473,0,1.40528735180655,1,1,0,0.452111634960703,1,1,1,2.60747780773349,1,0,NA,NA,NA,NA,NA
-0.281042036472996,0,-1.07939279314173,0,0,NA,NA,NA,NA,NA,NA,NA,NA,NA,NA,NA,NA,NA
-1.09100027664817,0,-0.771412279694418,0,1,0,-0.968731179631973,0,1,0,-1.17794526110649,0,1,0,-1.13450786439415,0,1,1
0.239222737737268,1,-0.390889142227221,1,1,0,-0.0445684015984474,0,1,1,2.02155688877595,1,1,1,1.88408460990471,0,0,NA
-0.0532176840575105,0,0.20615753976492,1,1,0,1.6883638894691,1,1,1,2.94583454811399,1,0,NA,NA,NA,NA,NA
0.0403178822322321,1,1.19489528740014,0,1,0,1.36978183452759,1,1,0,1.66317536757901,1,1,1,1.9912093249249,0,1,1
0.215454744346174,0,1.5184160971614,1,1,0,1.39308162536667,1,1,1,2.21046233557654,1,1,1,4.35636730554344,1,1,1
-0.394021000135933,0,-3.01594169133455,0,1,0,-1.30313060569595,0,1,0,-3.56180586277864,0,1,0,-3.82573147245383,0,1,0
-0.326590873793965,0,-0.802951296295831,0,0,NA,NA,NA,NA,NA,NA,NA,NA,NA,NA,NA,NA,NA
0.648003818354912,0,2.62576089484464,1,0,NA,NA,NA,NA,NA,NA,NA,NA,NA,NA,NA,NA,NA
1.62673701629703,1,0.150519195378918,1,1,0,0.933131364950782,1,0,NA,NA,NA,NA,NA,NA,NA,NA,NA
-1.92569377349633,0,-0.651094025091656,0,1,0,-1.30277058365567,0,1,0,-1.7751479590997,1,1,0,-1.20132244323199,0,1,0
-0.135680412514509,0,-0.742553128564183,0,1,1,0.0365029669027488,0,1,0,-2.05870811113868,0,1,0,-0.634372973964826,0,1,0
0.979682304928802,1,-0.566816983552757,0,1,1,-1.02605670004546,1,1,0,-0.744300890038973,0,1,0,0.443840934580691,1,1,0
-1.17921193210068,0,-0.0430419249140018,1,1,0,0.156935765541847,1,1,1,-1.66548776832282,0,1,0,-1.7101698239825,0,1,0
1.16681337455667,1,1.12903631840951,1,1,1,1.5541707141099,1,1,0,2.48763683545483,1,1,0,3.22672311364448,1,0,NA
-0.379227415297271,0,1.50618332276206,1,1,1,1.6620634106096,0,1,0,0.644527157569314,1,1,0,0.307841398245422,1,0,NA
0.70775212141734,1,-0.171454934677146,1,1,0,1.83242245809526,1,1,0,2.62993301956767,1,0,NA,NA,NA,NA,NA
1.47376577810174,1,2.40802548217559,1,1,1,3.24047383723198,1,1,1,2.98481838649706,1,0,NA,NA,NA,NA,NA
0.898576833356327,0,-0.749046996757451,1,0,NA,NA,NA,NA,NA,NA,NA,NA,NA,NA,NA,NA,NA
1.21431502306541,1,0.768777193743879,0,1,0,2.18020644010404,1,1,1,1.7367894658271,1,1,1,1.98356255037109,1,0,NA
-2.2078270583898,0,-1.63500736563951,0,1,0,-0.233082121738182,0,1,1,0.90241489207013,0,1,0,-0.849912939097563,0,1,0
-1.2733628036548,0,-2.07828464485837,1,1,0,-0.859894386629186,0,1,0,-0.953458947069838,0,1,1,-1.49003249984482,0,1,0
0.581466657889296,0,0.74406144119335,1,1,1,1.96267258450799,1,1,1,2.42317628259328,1,1,1,4.4121898927315,0,0,NA
-0.910780798192153,0,1.18489813397551,0,1,0,0.285502085992443,1,1,1,0.611236707703242,0,0,NA,NA,NA,NA,NA
-0.551874495500953,0,-0.554843201373524,1,1,1,-0.047873572022735,1,1,0,-0.36921491886942,1,1,1,-0.0186597434229178,1,1,1
1.38422224664466,1,2.13042414262533,1,1,1,3.6920453135474,1,0,NA,NA,NA,NA,NA,NA,NA,NA,NA
0.116494123723035,0,0.296694362472185,1,1,1,1.22792063248404,1,0,NA,NA,NA,NA,NA,NA,NA,NA,NA
0.0453178784831703,1,-1.17183631693784,0,1,0,-2.39061826477025,0,0,NA,NA,NA,NA,NA,NA,NA,NA,NA
-0.245585632015596,1,1.39117875100598,0,1,0,0.9216385059816,1,1,0,1.486609424197,1,1,1,2.01512891844591,1,0,NA
-1.59789551871642,0,-1.60620964806159,0,1,0,-1.15333001684002,0,1,0,-1.00473436202462,0,1,0,-1.69037050199488,0,1,0
-1.88057396502837,0,-1.02447094170915,0,1,0,-0.781410376952282,0,1,0,-1.28757257846286,0,1,0,-1.06859700683385,0,1,0
-0.217766243830373,1,0.831630966922891,1,1,1,1.43151631684891,1,1,1,2.44198019887489,1,1,1,4.34381836837388,1,0,NA
0.354738794936102,1,0.764829036382236,1,1,0,1.07077801090429,0,1,1,-0.35983867878281,0,1,0,1.37333589548185,1,1,0
-1.31894478115298,0,-0.770805651184965,0,1,0,-2.11397615278627,0,1,0,-2.48078297026886,0,1,0,-1.42530740022846,0,1,0
-1.80778009715662,0,-0.42924580763484,0,1,0,-1.56248961202381,0,1,0,0.167048670780775,0,1,0,-2.38641663574105,0,1,0
1.2755091369191,1,1.48522844995895,1,1,1,0.760719420641823,1,0,NA,NA,NA,NA,NA,NA,NA,NA,NA
0.50699835111917,1,2.44540526775582,1,0,NA,NA,NA,NA,NA,NA,NA,NA,NA,NA,NA,NA,NA
0.482094871689672,0,0.371084495007967,1,1,1,1.47790029610648,1,1,1,1.89174163622577,1,0,NA,NA,NA,NA,NA
0.917096497774865,1,1.84575637773783,1,1,1,0.912077492886074,1,1,1,3.23863663894525,1,0,NA,NA,NA,NA,NA
0.554743570423318,1,0.954700245660487,1,1,1,1.95188808477859,1,1,1,3.41244725644638,1,0,NA,NA,NA,NA,NA
-1.05550268160105,1,-0.0985194371997115,0,1,0,-1.96048154399203,0,1,0,0.308231822596929,0,1,0,0.23053142056321,1,1,1
1.25015505558455,0,0.209126533302609,0,1,0,-0.237261473659255,1,1,0,-1.48520238760816,0,1,0,-0.124012714588724,0,1,1
-1.27736005340688,0,1.96133935490272,1,1,1,1.58016141312689,1,1,1,1.68184422087917,0,1,1,2.59422200562496,1,0,NA
-0.478588320720279,0,-1.36451970787996,0,1,0,-2.19606112970778,0,1,0,1.34135967693738,0,1,0,0.499685556367645,1,1,0
0.333595621234046,1,0.390263675297427,0,0,NA,NA,NA,NA,NA,NA,NA,NA,NA,NA,NA,NA,NA
0.280998469151164,0,-0.870288180251568,0,1,0,-1.33429242156694,0,1,0,0.102842930936927,0,1,0,0.0108973636229768,1,1,0
0.589335500714839,1,-0.403091790880117,0,1,0,0.0185459457137754,1,0,NA,NA,NA,NA,NA,NA,NA,NA,NA
0.876592079389192,0,-1.04669637804461,0,1,0,0.513043736600474,0,1,0,0.577003794822658,1,1,1,1.47114965362537,1,1,0
-0.809672330735992,0,-1.10793658556524,0,1,0,-1.71161276500432,0,1,0,-2.10843178457898,0,1,0,-2.66672517919884,0,1,0
-1.28742628778282,0,-0.754042075462342,1,1,0,0.350473842247304,0,1,0,0.469107865017796,0,1,0,1.84062945911124,1,1,1
-1.16773308895199,0,-1.93605048457406,0,1,0,-2.41513528285169,1,1,0,-1.88938299312972,0,1,0,-0.839356908962641,1,1,0
0.574483137039138,1,0.37459240373653,1,1,0,1.9507823855471,1,0,NA,NA,NA,NA,NA,NA,NA,NA,NA
-0.462754276400969,1,-0.606790848018202,0,1,0,-0.840350154698078,1,1,0,-2.07170194829873,1,1,0,0.110925469672414,1,0,NA
0.412912128628034,0,-1.1125514168821,0,1,0,-1.36588804779299,0,1,0,-1.43081967841557,0,1,0,-0.846963987685889,0,1,0
1.18298161074152,1,2.22023861387956,1,1,1,2.62656292272604,1,1,0,4.35468654505955,1,0,NA,NA,NA,NA,NA
-0.671733976875938,1,0.62326303531719,0,1,0,1.45269894807472,1,1,1,0.792564404062794,1,1,1,4.23047147930212,1,0,NA
0.924698947331539,1,0.617718495646732,1,1,1,3.08143801568397,0,1,1,2.90558585262547,1,0,NA,NA,NA,NA,NA
-0.64489251592825,1,0.163891968840804,1,1,1,0.586296919627904,1,1,0,0.193049724124145,1,0,NA,NA,NA,NA,NA
0.616813884899903,0,-0.604288979814359,0,1,0,-0.532278220025164,0,1,0,-0.530592892560377,0,0,NA,NA,NA,NA,NA
0.0340745981039207,0,1.89179118569797,1,1,1,1.40119186164067,0,1,1,1.72146771213909,0,1,1,2.03032985509694,1,0,NA
-0.850439447987543,1,0.243851752822351,0,1,0,-0.753687161373973,0,1,0,-2.11343803804615,0,0,NA,NA,NA,NA,NA
0.947850371730136,1,1.98880098079415,1,1,1,3.24368410661737,1,1,1,4.21530667954726,1,0,NA,NA,NA,NA,NA
0.722604398667226,0,-0.220307151178798,0,1,0,0.23788200061024,1,0,NA,NA,NA,NA,NA,NA,NA,NA,NA
-0.868606252322955,0,1.30562484292816,1,1,1,0.417963052491053,1,1,1,1.58566604022576,1,1,1,2.59427614518875,1,1,1
0.0377018047450394,0,-0.0491278058494293,0,0,NA,NA,NA,NA,NA,NA,NA,NA,NA,NA,NA,NA,NA
2.52239807042822,1,0.731383937521139,1,1,0,2.20850572600924,1,0,NA,NA,NA,NA,NA,NA,NA,NA,NA
-0.751862790605904,0,-0.775603482021631,0,1,0,-1.06817644670071,1,1,0,-1.69533135636569,0,1,0,-2.35170616260384,0,1,0
-0.166712862493818,1,0.228664777030249,0,1,0,0.195134038142665,1,0,NA,NA,NA,NA,NA,NA,NA,NA,NA
1.4028930698445,1,1.10850695356361,0,1,0,0.979893854449662,1,1,1,3.12924281176136,1,0,NA,NA,NA,NA,NA
-1.11369772678606,0,0.26020156964198,0,1,0,0.942153882808596,0,1,0,-0.455393258792396,0,1,0,0.308001234440369,1,1,0
2.380413636511,1,2.78984634878195,1,0,NA,NA,NA,NA,NA,NA,NA,NA,NA,NA,NA,NA,NA
-0.667302144757731,0,-1.33868077558334,0,1,0,-1.19441690346337,0,1,0,-0.891003675145626,0,1,0,-1.75016686407601,0,1,0
-0.521432196322171,0,-0.235318161818478,1,1,0,0.208328212178134,0,1,0,1.6823376291072,1,1,0,1.33534126044837,0,1,1
-0.0385537561204246,0,-0.346599729976136,0,1,1,1.45497638306391,0,1,0,-0.950149110839143,0,1,0,0.807537596859946,0,1,0
1.07467642177463,1,0.933934415229594,1,1,1,1.61641378282444,1,1,0,2.46314061485079,1,0,NA,NA,NA,NA,NA
3.23554281654337,1,1.93174382918046,1,1,0,4.26086934231317,1,1,1,4.99543389746202,1,0,NA,NA,NA,NA,NA
0.483314635182074,0,0.667718036279727,1,1,1,3.48297987180197,0,0,NA,NA,NA,NA,NA,NA,NA,NA,NA
0.619616219204552,1,0.788223044734397,1,1,0,0.214263744775296,1,1,1,2.47033595394677,1,1,1,2.87824752404546,1,0,NA
-1.37352867429314,1,-0.339553084984958,0,1,1,-1.20231536571236,0,1,0,-0.471711847932498,0,1,1,-0.302459403441224,0,1,0
0.141241738837254,1,-0.257675580623015,1,1,0,0.0180785133252932,0,1,0,0.461414914809118,1,1,1,1.8350761639162,0,1,1
-2.35978263907092,1,-0.769127469372139,0,1,0,0.782565488528624,0,1,0,1.36622181125223,0,0,NA,NA,NA,NA,NA
-0.258273243330735,0,0.131892139654381,0,1,0,0.231807569538897,0,1,1,-0.387585138291315,1,1,0,0.635608019890904,0,1,1
1.46142509399092,1,1.65306250823433,1,1,1,1.59024204962288,1,1,1,2.35576650721887,1,1,1,6.16144782047245,1,0,NA
-0.198070049692169,0,0.0673282237382584,0,1,1,-0.919249548648313,0,1,0,-0.203372613724377,0,1,1,-0.920286088421474,1,1,0
-0.0576426334267687,0,-0.355154117816099,0,1,0,-1.12270592751233,0,0,NA,NA,NA,NA,NA,NA,NA,NA,NA
0.0390446413634702,1,0.581481865185585,0,1,1,1.38406064238125,0,0,NA,NA,NA,NA,NA,NA,NA,NA,NA
-0.123729489633514,0,3.05085175588062,1,1,1,-0.305585448811597,1,0,NA,NA,NA,NA,NA,NA,NA,NA,NA
0.100049582245978,0,-0.944875948251427,0,1,0,0.0443135820795396,0,1,1,-0.0325406770640931,1,1,1,1.15592263614425,1,1,0
-1.51123341901236,0,-0.426412139968553,0,1,0,0.603703135876412,0,1,0,0.352982783202526,0,1,0,1.52038545279275,0,1,1
-0.480871431890273,1,-0.2209487763883,0,1,0,0.371599954196863,0,1,0,2.24828533976733,1,1,1,2.35629529029367,1,0,NA
-0.341587648007823,0,-0.769853980551693,0,1,0,-0.212182917968894,0,1,1,-1.52601470798652,0,1,0,-1.62569692322088,0,1,0
0.569773368026909,0,0.936459265331374,1,1,0,0.979463202046162,1,0,NA,NA,NA,NA,NA,NA,NA,NA,NA
0.207376636370952,1,1.25046257265117,1,1,1,2.08480819579451,1,1,0,2.36394416763061,1,1,0,5.48548735400087,1,1,1
-0.75859247225466,0,-0.429762374957742,0,1,0,-1.25153304860715,0,1,0,-0.749559985714326,0,1,0,-0.592242078831864,1,1,1
0.849013844908703,1,-0.0651097428922978,1,1,0,0.135406774992196,0,1,1,0.315071454484425,0,1,0,0.754270627047036,1,1,0
1.22658542110533,0,-0.295624740240528,0,1,0,0.700914760366575,1,1,1,1.55156148268267,1,1,1,1.76579880609246,1,1,1
-1.27941767070771,1,-0.842932242749184,0,1,0,-0.497023335166213,1,1,0,-2.12576329858574,0,1,0,-0.644560821832933,0,1,0
0.184011110654948,1,-0.660173913695254,1,1,0,1.02360824570638,1,1,1,2.48100096037501,1,0,NA,NA,NA,NA,NA
-0.7490257660595,0,1.14556094755315,1,1,0,1.21210115972365,1,1,1,2.32103424925148,1,0,NA,NA,NA,NA,NA
-0.608148531230079,0,1.80600132747226,1,1,1,3.64033361286742,1,1,1,4.82029717633616,1,0,NA,NA,NA,NA,NA
0.419863624728317,1,1.0325061294344,1,1,1,1.41055130034753,1,1,1,3.9748671050594,1,0,NA,NA,NA,NA,NA
0.841849795634128,1,-0.219945346997021,1,1,0,1.99466304411185,0,1,1,2.68744865018566,1,0,NA,NA,NA,NA,NA
0.380156936736672,1,-0.494140588703445,1,1,0,1.78493709990276,0,1,1,2.12021590277796,1,1,0,4.05490925044649,1,1,1
-0.534844330403008,1,1.87697578325735,0,1,0,1.94916012210835,1,1,1,3.34427151578598,1,0,NA,NA,NA,NA,NA
1.12971200930182,1,1.13096905491449,1,1,0,0.448732510977741,1,1,0,2.60450363534985,0,1,1,4.13298656016848,1,0,NA
1.03188963184648,0,0.323936688689671,1,1,1,0.292706253841369,0,1,1,0.371452742228335,1,0,NA,NA,NA,NA,NA
-0.989382575570002,1,0.202292374339087,1,1,1,-0.224188761637993,0,1,0,0.441113892358069,0,0,NA,NA,NA,NA,NA
0.31316852556151,1,-0.76361251690397,0,1,0,-0.244637052823133,1,1,1,2.35370937911155,1,1,1,2.8341380742467,1,1,1
-1.15966477035314,0,-1.56806381654426,1,1,0,0.186446982212594,1,1,0,-2.38205137938169,0,1,0,-1.91993370166597,0,0,NA
1.46673353907052,1,0.00360499777710332,1,1,1,0.666770370710087,0,1,0,0.837255496379875,1,0,NA,NA,NA,NA,NA
0.270059578028115,1,-1.57882878545195,0,1,0,-0.0716970146889653,1,1,0,0.0137924961157666,0,1,1,0.0982066178640558,1,1,0
1.06713532118701,1,1.20927941170109,0,1,0,0.242419020734615,1,1,0,2.29153938662132,1,1,1,3.0727967912192,0,1,1
0.388143801506102,1,1.30191294642477,1,1,0,1.18661023978345,1,1,1,2.64861040335106,1,1,1,4.13819336555204,1,0,NA
-0.108270386698755,1,-0.853589202851772,0,1,0,0.112947936101523,0,1,1,1.38790517289623,1,1,1,1.01713432815854,0,1,0
0.750488542155902,1,-0.474729636773029,0,1,1,-0.810557034088794,0,1,0,-2.01372767292055,0,1,0,0.367251538332687,1,1,0
-1.10331774675753,0,-0.771590029996604,1,1,1,-0.764418828298711,1,1,0,-0.680414937364623,0,1,0,-1.45325953226457,0,1,0
-1.43268242639769,0,-1.45866046755422,0,1,0,-0.00665244763826522,0,1,0,-1.15135900417966,0,1,0,-2.20817603022859,0,1,0
-0.631153638334791,1,0.0819563024415928,1,0,NA,NA,NA,NA,NA,NA,NA,NA,NA,NA,NA,NA,NA
0.263617951041476,1,-0.0164694125089506,0,1,0,-0.579862216298506,1,1,0,-0.735394205500732,0,1,0,-0.663956722820685,0,1,0
-0.413688070505232,0,0.38181955035218,0,1,1,0.245800481531619,0,1,1,1.26465210769231,1,1,0,0.96395300137027,0,1,0
-0.465118741895463,0,-0.676769610414023,1,1,0,0.754345563850973,1,1,1,1.2404466252026,0,0,NA,NA,NA,NA,NA
0.920851504045787,1,1.14634919724674,1,1,1,0.552740450474838,1,1,1,3.75590450525514,1,0,NA,NA,NA,NA,NA
-0.502192713878502,0,0.785921281592362,1,1,1,1.0620025506909,1,1,1,2.75077934814026,1,0,NA,NA,NA,NA,NA
0.974456871806679,1,1.62323147093578,1,1,1,1.25685216575846,1,1,1,1.86791128581275,1,1,1,4.12284305957436,1,0,NA
-0.772935917727367,0,-0.488773435617183,1,1,1,0.197640196700353,1,0,NA,NA,NA,NA,NA,NA,NA,NA,NA
-0.256483362676747,0,0.756333609999513,1,1,0,-1.05572811182592,0,1,0,-0.0286434830042029,1,1,1,1.91502988448669,1,1,1
-0.826313344778546,0,-2.10064900287919,0,1,0,-1.12855609386779,0,1,0,-0.710493248828612,0,1,0,-0.98160817893796,0,1,0
-0.426199321602835,0,0.151559589266314,1,1,0,0.083358035819471,1,1,1,0.41956671254231,1,1,0,0.0800441017114613,0,1,1
-1.16169686834141,0,-0.0942008237172146,1,1,1,0.754750363823504,1,1,0,0.312541274034319,1,1,0,0.997477239021395,1,1,1
0.446986972332676,1,0.74529210932072,1,1,1,1.92088728807459,1,0,NA,NA,NA,NA,NA,NA,NA,NA,NA
1.18231429883526,0,1.14659089688818,1,1,1,0.46949540945965,0,1,0,1.66052786784533,1,0,NA,NA,NA,NA,NA
0.283358694174729,1,-1.31568358134815,0,1,0,-0.467054203986909,0,1,0,-1.1649351957656,0,1,0,0.636912969810665,0,1,1
1.71226784466114,1,1.58433657325635,1,1,0,2.0225780923654,1,1,1,2.28540463628154,1,0,NA,NA,NA,NA,NA
-1.64010000474981,0,-2.66134327990122,0,1,0,-3.78304769969631,0,1,0,-5.92678304459399,0,1,0,-5.68910388562613,0,1,0
-0.751552073945755,0,-0.253698874325988,1,1,0,1.19677108296659,0,1,0,-1.21188499054744,0,1,0,-1.2732715426852,0,1,0
0.52464440269118,0,0.66538241981514,1,1,0,1.19773304832327,1,1,1,1.83250840170094,1,0,NA,NA,NA,NA,NA
0.633379288392583,1,1.4981700218878,1,1,1,1.47049698805006,0,1,0,2.53152547148276,0,1,0,2.81522748931327,1,0,NA
0.32699671904924,1,1.39606193251175,1,1,0,1.34609237458988,0,1,0,-1.52515154330937,0,1,1,1.0702426788626,1,1,0
1.74568499211517,1,0.865571593970119,1,1,1,1.76380321607289,1,1,0,3.33006076594295,1,0,NA,NA,NA,NA,NA
1.67538956644338,1,1.75956860489255,1,1,0,2.33614071521596,1,1,1,2.1908003498791,1,0,NA,NA,NA,NA,NA
-1.4593043614019,1,-0.981713534286218,1,1,0,-0.174071166437417,0,1,0,1.10935912506864,0,1,0,0.552530261916443,1,1,1
-0.417404252867921,0,-1.93804139267686,1,1,1,1.15566957837145,0,1,1,1.04133767428449,1,1,1,1.15937213417329,0,1,1
-1.43403337067262,0,-1.92735561380977,0,1,0,-1.86719295701912,0,1,0,-2.96622395418075,1,1,0,-0.543088718430756,0,1,0
-1.03077397230637,0,-0.743850673690323,0,1,0,-0.83086934689492,0,1,1,-1.18581533532572,0,1,0,-1.76569707525047,0,1,0
0.248256394147199,1,0.557094630577228,0,1,1,1.81205730342197,1,0,NA,NA,NA,NA,NA,NA,NA,NA,NA
0.351407773967145,1,1.47113930539001,1,1,0,2.77104114190237,1,1,1,2.98976279814944,1,1,1,5.002792265493,1,0,NA
-0.780451694935575,0,-1.159053396484,0,1,0,-0.764987833498222,0,1,0,-1.27293884650067,0,1,0,-1.29113144574998,1,1,0
0.301600444867741,1,-0.611004084868288,0,1,0,2.43610749735996,1,1,1,2.14439645579262,1,1,0,2.4860746425904,1,1,0
-0.727835428176207,1,-1.40528196562183,0,1,0,-1.92427839150161,0,1,0,-0.333081709496296,1,1,0,-0.907353582746482,0,1,0
0.249413868883769,1,0.125476318266334,1,1,0,0.828960331004667,1,0,NA,NA,NA,NA,NA,NA,NA,NA,NA
0.113145255522151,0,0.151435011943175,1,1,0,-0.157231400188713,1,0,NA,NA,NA,NA,NA,NA,NA,NA,NA
-0.284012580696411,0,0.92211812721817,1,1,1,1.48217918570758,0,1,1,-0.578848975086828,1,1,0,0.914780816449218,0,1,1
-0.960092462975384,0,-0.121112899933576,0,1,0,-1.92488617826859,0,1,0,-0.501587667801438,1,1,0,-0.170058160676134,1,1,0
-0.465325060092531,1,0.181472407581161,0,1,0,-0.983105652052764,1,1,1,0.715771957220324,0,1,1,1.52357893813832,0,1,1
0.491146204122848,1,-1.42254600796422,1,1,0,-0.920641055296687,0,1,1,-0.236913873829887,0,1,1,2.69386288459725,1,1,1
-0.494181843877065,0,-1.72877006582456,1,1,0,-1.04456084130366,0,1,0,-0.62921676153878,1,0,NA,NA,NA,NA,NA
-0.325507791607573,0,0.133249048853975,1,1,0,0.732577330882782,1,0,NA,NA,NA,NA,NA,NA,NA,NA,NA
-1.06976068195843,0,-1.12038153036752,1,1,0,-0.173752548971978,0,1,0,0.398137619103965,1,0,NA,NA,NA,NA,NA
-0.434114796822793,0,-0.758351484172984,1,1,1,0.425040028765313,0,1,0,-0.581876469964215,1,1,0,-0.302707643933269,1,1,0
-0.0248566438012168,1,-0.463931069670384,1,1,0,0.671474099754581,1,0,NA,NA,NA,NA,NA,NA,NA,NA,NA
-0.729108845461425,1,0.495345029381235,0,1,0,0.702708865749582,1,1,0,0.0747825193076225,0,0,NA,NA,NA,NA,NA
-0.38271233932852,0,1.14842247120785,1,1,0,0.988939816483477,1,1,1,2.11285621040516,1,1,1,3.62874117567282,1,0,NA
-1.10069412034449,0,0.90479918567618,0,1,0,2.32522880310737,1,1,1,4.18974877822776,1,0,NA,NA,NA,NA,NA
0.749164757240454,1,1.33342922832566,1,1,1,-0.169487418325243,1,1,1,0.895308690280017,0,1,1,1.66488345537465,1,0,NA
2.20977517791002,1,0.475720793373136,1,1,0,-0.730601593808674,1,1,1,1.97503229802533,1,0,NA,NA,NA,NA,NA
-0.425230228920035,0,1.10661454944726,0,1,1,0.532344036018114,0,1,1,-0.244012265058329,1,1,0,2.09770707400817,0,1,1
0.4666662872896,1,-0.0875765224174347,0,1,0,-1.02859400118889,0,1,1,-1.09178506038815,1,1,0,0.210900726669424,1,1,0
1.58196744706869,1,0.80434016971328,0,1,0,0.948301382244303,1,1,0,1.37626661623085,1,1,0,2.75378470249398,1,0,NA
-0.384444162472612,1,0.73571742070732,1,1,1,1.74051919261782,1,1,1,2.22881944001603,1,0,NA,NA,NA,NA,NA
-0.389164984085092,0,0.393760812778542,1,1,1,1.2802531764019,1,1,0,1.67933876536475,1,0,NA,NA,NA,NA,NA
0.647275142770483,1,-0.69143839179492,0,1,0,-0.202707129193999,0,1,1,2.04607028964494,1,1,1,2.94934631318843,1,1,1
-0.952345799282998,1,-1.91612052587687,0,1,1,-2.41946433704805,0,1,0,-4.3743090099349,0,1,0,-3.28830559003931,0,1,0
-0.173136503089637,0,1.23929986643444,1,1,0,1.30561744869963,1,1,0,1.91646589354629,1,1,1,2.1869120673463,1,1,1
-0.55316507526113,0,-0.431192426615364,0,1,0,0.124650014498743,0,1,0,-0.384656275538769,1,1,1,-1.14194531503318,0,1,0
-0.967837023816664,1,-1.31341967922931,0,1,0,-0.387183549618868,0,1,1,-1.75285559387456,0,1,0,-0.725363524571708,0,1,0
0.420695958687057,1,-0.834971938441451,0,1,0,1.37909808357319,1,1,1,-0.0665165980503735,1,0,NA,NA,NA,NA,NA
-0.13881389317545,0,0.94359688392837,1,1,0,0.543027750522356,1,1,0,1.94483823644114,0,1,1,2.22186324224285,1,0,NA
2.1695257924131,1,1.07734648619592,1,1,1,2.04670714041867,1,1,1,3.38244131823349,1,0,NA,NA,NA,NA,NA
-2.84301789503408,0,-2.56547775744381,0,1,0,-0.611148829637649,0,1,0,-3.05181879867231,0,1,0,-3.06403714579427,0,1,0
0.645281929502748,0,1.37840292935355,1,1,0,1.92735778712946,1,1,1,1.55291576324228,1,0,NA,NA,NA,NA,NA
-0.821321707080598,1,0.410363625280968,0,1,0,-0.103410695756981,1,1,0,0.738727102430843,0,1,1,1.42475600277243,1,0,NA
-0.286229169578084,0,-0.0168763418965354,1,1,1,0.561750418810475,0,1,0,1.74263168283596,0,0,NA,NA,NA,NA,NA
-1.08880098387599,0,1.36648416172759,0,1,0,0.961298485261693,1,0,NA,NA,NA,NA,NA,NA,NA,NA,NA
0.578400488855279,1,0.641015004529506,1,1,1,1.57407441265109,0,0,NA,NA,NA,NA,NA,NA,NA,NA,NA
1.35541776928185,0,1.20140562907368,1,1,0,2.53068467124555,1,1,1,2.68633583786976,1,0,NA,NA,NA,NA,NA
0.489112200603266,1,2.07344091996219,1,1,1,3.33963439089335,1,0,NA,NA,NA,NA,NA,NA,NA,NA,NA
-0.911856524356647,0,-0.765706268915979,1,1,0,0.141962409650628,1,1,0,-0.101451971849733,1,1,1,0.112991045618654,1,1,1
1.61447746884251,1,3.36212845099741,1,0,NA,NA,NA,NA,NA,NA,NA,NA,NA,NA,NA,NA,NA
-0.163726665585519,1,0.246395981347627,0,1,0,-0.556995627217984,1,1,0,0.0663098945272927,1,1,1,0.200117546063502,0,1,0
0.178738701781817,1,0.192590299469017,0,1,0,0.486922063001363,0,1,0,0.354112834244691,1,1,0,1.00748864278766,1,1,1
-0.0492386288291377,1,1.66691556701505,0,1,0,1.29967306539951,1,1,0,2.95698777137393,1,1,1,4.92565328743965,1,0,NA
-0.215800723580408,1,0.162213780928055,0,1,0,0.0130307706275694,0,1,0,-1.36652178563346,0,1,0,-1.41955944857074,1,1,0
0.0809770830406314,1,-0.773132202745721,1,0,NA,NA,NA,NA,NA,NA,NA,NA,NA,NA,NA,NA,NA
-1.03055273658386,1,-2.16637681803929,0,1,0,-1.37031371966266,0,1,0,-1.96935843905037,1,1,0,-1.32137234807041,0,1,0
1.15321130232285,1,0.292001057807832,1,0,NA,NA,NA,NA,NA,NA,NA,NA,NA,NA,NA,NA,NA
0.646328884938565,1,-0.325677252580844,1,1,1,-0.0286565101024516,1,1,0,1.10953566715245,1,1,0,2.19580528473661,1,0,NA
0.0788285553783438,0,-0.355872777789435,1,1,0,1.1803713784948,0,1,1,0.870315985765202,0,1,0,0.790246707118913,1,1,1
0.945405729852455,0,1.5542490958835,1,1,1,2.32796707891361,1,1,1,1.93225574397,1,1,1,3.39349269107543,1,0,NA
-1.22214879072262,0,-0.045808289108862,0,1,0,-0.94474649821389,0,1,0,0.645046541183784,1,1,0,-0.481553153034771,0,1,0
1.08512896360543,1,1.62641192655592,1,0,NA,NA,NA,NA,NA,NA,NA,NA,NA,NA,NA,NA,NA
0.212001873527642,0,0.135233341727871,0,1,0,-0.488345817549926,0,1,1,0.141165767066933,1,1,1,1.67635813332413,1,1,1
0.503221026911538,0,-1.79728031237199,0,1,0,-1.04287567694491,0,1,0,-2.85196552227928,0,1,0,-2.39354727496454,0,1,0
-0.455711994077975,0,1.2652436853606,0,1,0,0.344744037519142,1,1,1,0.0970743223946451,1,1,0,0.322001966574486,0,1,1
-0.782293586541174,0,-0.176501046408156,0,1,0,0.987828648854267,0,1,0,0.526361504379093,1,1,0,-0.569238963619044,0,1,0
-0.54620305037046,1,-1.21982188214814,0,1,0,-1.2087015423298,0,1,0,0.754552671288228,0,1,0,1.11874588707851,1,1,0
1.03625304627522,1,1.27708756826443,1,1,0,2.27275153790313,1,1,1,2.61200925441298,1,1,1,4.56995502074696,1,0,NA
1.09077665503263,1,2.41331227249077,1,1,1,1.41477095007337,1,1,1,2.21666284583831,1,0,NA,NA,NA,NA,NA
1.55487239810675,0,1.30956605353483,0,1,0,0.299845672478887,1,1,0,0.32462424430375,1,0,NA,NA,NA,NA,NA
-0.0619972054953878,0,0.14161069080763,1,1,1,2.65467521826022,1,1,1,0.312431143750337,0,1,0,0.523292220501216,0,1,1
-0.756056442753469,0,-1.27946726848143,1,1,1,-0.418473707146102,0,1,1,-0.38216032875376,0,1,0,-0.24958245401406,0,1,0
1.47246617375261,1,0.22660291942185,1,1,0,1.63680210707229,1,1,0,3.45513851714225,1,0,NA,NA,NA,NA,NA
-1.55194489509854,0,0.775200403413306,0,1,0,1.68957516645498,1,1,0,3.27112414159433,0,0,NA,NA,NA,NA,NA
-0.15888537828916,0,0.264979404801184,0,1,0,0.690208983344589,0,1,0,0.815034142781561,1,1,0,0.861190786899267,1,0,NA
0.603257019789009,0,0.285111130909381,1,1,0,4.51209755489039,1,1,1,4.40843236188262,1,0,NA,NA,NA,NA,NA
-1.16228473907955,0,-1.27796058140099,0,1,0,-0.153284232070137,0,1,0,-0.067065553743765,0,1,0,-0.116489908901884,0,1,0
-1.56009578379087,0,0.248165671754391,0,1,1,-1.11773846796222,1,1,0,0.360429867035066,1,1,1,0.77524939329282,0,1,0
0.489185585613409,1,-0.59800817601576,0,1,0,0.497995516665091,0,1,1,0.947330459454874,1,1,1,2.66431547699627,1,0,NA
1.62105050747679,1,2.13132920098394,1,1,1,2.96373735030268,1,0,NA,NA,NA,NA,NA,NA,NA,NA,NA
-0.714736528438557,0,0.619288413412148,1,1,0,-0.465215329517727,0,1,1,-1.30000030649185,0,1,0,-1.22548820788152,0,1,1
-0.686687437166656,0,-0.462496551377633,0,1,0,-1.96477524629346,0,1,0,-2.72491403607304,0,1,0,-2.09710596089655,0,1,0
-0.941603766118093,0,0.43055137762476,1,1,0,1.14009038642596,1,1,0,1.86198828853335,1,1,1,2.0771710809526,1,1,1
1.48472599900393,1,1.55905085063727,1,1,1,1.04687545884161,1,1,1,2.95534044956519,1,1,1,4.73357534748043,1,0,NA
-0.707935194370652,0,0.193195412706532,1,1,1,0.161125203146945,1,1,1,1.40718269976953,1,0,NA,NA,NA,NA,NA
-0.837443806426317,1,-0.0454880024832998,0,1,0,-0.263476880748895,1,1,0,2.21403521446226,1,1,0,2.38906283097316,1,1,1
-0.804029989369464,0,-1.93979119364352,0,1,0,-0.773919746883703,0,1,0,-0.786080922275797,1,1,0,-1.73473076289894,0,1,0
-0.58790398966908,0,-1.01253500957964,0,1,0,-1.17664849169689,0,1,1,-1.32822477832691,0,1,0,-0.637357148104309,0,1,0
-0.597717941949531,0,0.488464856405842,0,1,1,0.192055169168108,1,1,0,1.23713476308519,0,1,0,-0.943332530894558,0,1,0
0.606447474560152,1,0.0164276924168573,1,1,0,0.745706539785677,1,1,1,1.04719841023507,1,1,1,0.169912464875349,0,0,NA
0.301728112720811,0,1.82616653589654,0,1,0,-0.333764363364941,1,1,0,0.890851088678247,0,1,0,2.68320000305987,1,0,NA
0.474748254024927,1,2.86238746376172,1,1,0,3.6535739935019,1,1,1,4.05455355437985,1,0,NA,NA,NA,NA,NA
-0.63020028988294,0,-0.652911756716029,0,1,0,0.620329432785821,0,1,1,0.0773281477433241,0,0,NA,NA,NA,NA,NA
0.724514310071569,0,1.0435541062277,0,1,1,0.534785141971042,0,0,NA,NA,NA,NA,NA,NA,NA,NA,NA
-3.04313484257759,0,-1.50204246108608,0,1,0,0.00432480344379593,0,1,1,-2.31251895340079,0,1,0,-2.77863828439067,0,1,0
1.12770217136719,0,1.03093924534036,0,0,NA,NA,NA,NA,NA,NA,NA,NA,NA,NA,NA,NA,NA
0.199846383343375,0,0.247800523249639,1,1,0,1.36424846354091,1,1,1,3.46521327215427,1,0,NA,NA,NA,NA,NA
-0.405102186288378,0,-0.515329724903025,0,1,1,0.392337763534252,0,1,0,-0.55064832096959,0,1,0,-0.535538398389171,1,1,1
0.475527499245612,0,-1.02376858445448,1,1,0,1.14359112603781,1,1,1,1.51796701903852,1,1,1,2.62443579483991,0,1,0
-1.22312208393652,0,0.842745676788988,1,1,1,0.529752494289257,0,1,0,1.28829310752346,1,0,NA,NA,NA,NA,NA
-0.632713554588276,1,0.527722126217839,0,1,0,0.326085101942029,0,1,1,0.648511729311477,1,1,1,1.96987441420402,1,0,NA
0.109171617679726,0,0.0676874130051449,0,1,0,2.28662576306087,1,0,NA,NA,NA,NA,NA,NA,NA,NA,NA
-1.5625565841361,1,-0.723227183407904,0,1,0,-0.0698251202959103,1,1,1,-1.09889871348739,1,0,NA,NA,NA,NA,NA
-0.040245432814847,0,1.05056923771633,0,1,0,1.57105259185893,1,1,1,0.750041862010749,0,1,0,1.81480854709902,1,1,1
-0.0363299297187298,0,-1.95192880058137,0,0,NA,NA,NA,NA,NA,NA,NA,NA,NA,NA,NA,NA,NA
-0.278925581491909,1,0.154155076378751,0,1,1,0.46733629149881,1,1,0,0.937592527080431,1,0,NA,NA,NA,NA,NA
-1.29312944937939,0,-1.9546880863126,0,1,0,-2.67689624030299,0,0,NA,NA,NA,NA,NA,NA,NA,NA,NA
1.16680080614526,1,0.381069801867476,1,1,0,0.257316534270213,1,1,0,0.540103481534355,1,1,1,1.74272791555829,1,1,1
-1.48537404711266,0,-2.57807505811745,1,1,0,-0.846313617389595,0,1,0,-4.14473189522712,0,1,0,-4.14416193360201,0,1,0
-1.47712041031981,0,-2.31900048814937,1,1,0,-1.281035126452,0,1,0,-2.74844896387458,0,1,0,-3.87808368995358,0,1,0
-0.58264035626689,1,-2.33434669649089,0,1,0,0.204508309809304,0,1,1,-0.190356415926708,1,1,1,-0.056241796616774,1,1,1
1.54930379091226,0,1.86313275218136,1,1,1,2.12538237190524,1,1,1,1.58097726977071,1,0,NA,NA,NA,NA,NA
0.10688293076497,0,1.73712642939111,1,1,1,0.618505248861297,1,1,1,3.17154298360992,1,0,NA,NA,NA,NA,NA
0.259566728752779,0,1.85156696620111,1,1,1,2.8296456905744,1,0,NA,NA,NA,NA,NA,NA,NA,NA,NA
-0.215988701887296,1,-0.893908244673028,0,1,0,-0.858545794850723,0,1,0,1.73151220700684,1,1,1,0.609888561284032,1,1,0
0.270847411651089,1,-0.166337563267153,1,1,1,-1.68630806766373,1,1,0,0.424165857474133,0,1,1,0.276613642283027,0,1,0
0.633189247403892,0,2.28108405755155,1,1,1,3.56635870711689,1,1,1,2.66073726386776,1,0,NA,NA,NA,NA,NA
0.707469331514634,1,-1.03536893529507,1,1,0,-0.383787004010202,0,1,0,-0.313710607700116,0,1,1,-0.332566179449059,0,0,NA
1.37068146839201,1,0.675642226409264,1,1,0,1.31983248807905,1,1,1,4.39960355627083,1,1,1,5.62451121901695,1,0,NA
-0.778056134077629,0,-1.04309521603871,0,1,0,-1.52079611593386,1,1,1,-1.85557306011035,0,1,0,-3.20194154426186,0,1,0
-0.158113544897406,1,-1.10817298615828,1,1,1,-0.570625031611473,0,1,1,0.686533791477062,1,1,1,1.94304209142225,0,1,0
0.413538663207615,1,2.44510313939846,1,1,1,1.50096507419711,1,0,NA,NA,NA,NA,NA,NA,NA,NA,NA
0.825075725328577,1,0.953838132004573,1,1,0,1.40460383603412,1,0,NA,NA,NA,NA,NA,NA,NA,NA,NA
-0.333022248776666,0,0.634254668009323,0,1,0,0.601639123931497,1,1,0,-0.140695152486622,0,1,1,-0.377892114355232,0,1,0
0.650773965410399,1,0.91108699853954,1,0,NA,NA,NA,NA,NA,NA,NA,NA,NA,NA,NA,NA,NA
-0.548452682937463,1,0.466166754233463,1,1,0,-1.04588345955591,0,1,1,0.743504481238073,0,0,NA,NA,NA,NA,NA
-0.341476452668467,1,0.446593118899918,0,1,0,1.53763258198148,0,1,1,0.268009730299307,0,1,0,0.285600476618685,1,1,0
1.0121437662515,1,2.38939218905924,1,1,1,1.5780940403796,1,1,1,1.19827432977893,0,0,NA,NA,NA,NA,NA
-1.88275450185253,0,1.02467402747646,1,1,0,2.38951517618348,1,1,1,2.11044925830716,1,1,0,2.63823390618778,0,1,1
0.221546740723215,1,-0.506590166433749,1,1,0,1.46248308844146,1,1,1,2.67000871389152,1,1,1,2.99233071241754,1,0,NA
0.925939991622145,1,2.06092543455098,1,1,1,1.69602539070457,1,0,NA,NA,NA,NA,NA,NA,NA,NA,NA
-0.344776981722618,0,0.443968852141983,1,1,1,0.34026322397621,1,0,NA,NA,NA,NA,NA,NA,NA,NA,NA
0.624855729729621,1,1.77504204307496,1,1,1,1.00498703726268,1,0,NA,NA,NA,NA,NA,NA,NA,NA,NA
-0.706496293740966,0,-1.93041126964313,0,1,0,-1.24447271225889,0,1,0,-1.31526434377905,0,1,0,-2.10499393166213,0,1,0
0.171207414363386,1,0.237964852935541,0,1,0,0.726829484642604,1,1,1,0.861658870303944,1,1,1,3.41594409503237,1,1,1
0.00977875691569575,1,1.81749525279801,1,1,0,1.47829229357734,1,1,1,1.16081515517498,1,0,NA,NA,NA,NA,NA
-0.0285917181661211,0,0.193106841401776,1,1,1,0.494084627556021,0,1,0,1.77491380091898,1,1,1,1.30720810933024,1,0,NA
-1.27578726414557,0,-0.0891961366574984,1,1,0,-0.522420992013499,1,1,1,0.238491657360028,0,1,1,1.24720208719064,0,1,0
-0.162588041070684,1,-0.950389302262786,0,1,0,-0.999935013208634,0,1,0,-0.085376696244028,1,1,0,0.766836287125554,0,1,0
-0.813952668017409,0,0.628008599939244,1,1,1,0.925731897593339,0,1,1,0.0244519245054833,1,1,1,-0.625265848176866,1,1,1
-0.35960728144336,0,-0.230133693143954,0,1,0,0.808789709780942,1,1,1,2.23800208022436,1,0,NA,NA,NA,NA,NA
1.02424399526782,1,1.02128635949481,1,1,1,0.756344849935297,1,1,0,2.87015940757244,1,1,1,3.5829801403052,1,1,1
-0.5665925820569,0,-0.710497744148634,0,1,1,0.296662732193477,1,1,0,1.8330679605617,1,1,1,1.99244228097839,0,0,NA
-0.0327291610703558,1,2.07531144564151,1,1,1,2.14122948079801,1,1,1,3.04823712443494,1,0,NA,NA,NA,NA,NA
0.103023621831118,1,-0.0261474383532004,0,1,0,2.21777113886146,0,1,1,1.64414733984821,1,1,0,2.43938584094506,1,0,NA
-0.189466034412415,1,1.67698998208288,1,0,NA,NA,NA,NA,NA,NA,NA,NA,NA,NA,NA,NA,NA
0.806090490556974,1,-0.0361933505732115,0,1,1,-0.0675834265133319,0,1,0,0.229720213021879,1,1,0,-0.0958800487899238,0,1,1
-0.0424478238394652,0,-0.800366176395121,0,1,0,0.665061026279849,0,1,0,2.18350980666044,1,1,0,2.95075235382589,1,1,1
0.154898225663518,1,0.231553559945576,0,1,1,-0.107405762746565,0,1,1,0.0425391875548156,1,0,NA,NA,NA,NA,NA
-0.890281200482892,0,-0.906739338685939,0,1,0,-0.738225578470207,1,1,0,1.69075689474837,0,1,1,0.50489874116488,0,0,NA
-0.382259076212963,0,-2.28226849520978,0,1,0,-2.98672462629516,0,1,0,-2.04375514043799,0,1,0,-3.2412775717062,0,1,0
-0.64700443202483,0,-1.1769628356473,1,1,1,-0.180682817345529,0,1,0,0.142247705101814,0,1,0,0.429646125555054,0,1,0
0.474278292025528,1,-0.684489116014037,0,1,1,0.215543674745693,1,1,1,0.576145121118039,1,1,1,1.05842068291438,0,1,0
1.15152892329233,0,1.00046394300936,1,1,1,0.989310447626699,0,1,0,2.84099906727055,1,0,NA,NA,NA,NA,NA
-0.460631493696267,1,-1.49363632494545,1,1,0,-0.498668026713301,0,1,0,2.28678596760013,1,1,0,2.12531541476628,1,1,1
-2.21526238484571,0,-1.59902399627773,0,1,0,-3.3084743586003,0,1,0,-4.3312075976374,0,1,0,-3.08069778444626,0,1,0
-0.845512772514131,1,-0.229520351126412,0,0,NA,NA,NA,NA,NA,NA,NA,NA,NA,NA,NA,NA,NA
-0.934275894673734,1,1.06002410470419,0,1,1,0.181573134762356,1,1,1,1.80135350694488,1,1,1,2.01020532329352,1,0,NA
1.18075478725766,1,0.761014169107486,1,1,1,1.34747820099855,1,1,1,2.72441876894284,1,1,1,4.34842282163612,1,0,NA
0.142993683957656,0,1.80971247772368,0,0,NA,NA,NA,NA,NA,NA,NA,NA,NA,NA,NA,NA,NA
1.56473745939815,0,0.854572044095399,1,1,0,1.51657080059919,1,1,1,0.697177134817597,0,1,1,0.749289595546105,1,1,0
0.400904127545379,0,-0.189702957865897,1,1,1,0.469968210316526,1,1,1,2.51811796560938,0,0,NA,NA,NA,NA,NA
-1.54755722071225,0,-0.0287185302738572,0,1,0,0.753097242894847,0,1,0,0.814972428374342,1,1,0,-1.30761692707297,0,1,0
0.494910618258433,1,0.193718469041148,0,0,NA,NA,NA,NA,NA,NA,NA,NA,NA,NA,NA,NA,NA
-0.74785389485066,0,-1.50381698565553,0,1,0,-1.67400323621857,0,1,0,-2.44086472899129,0,1,0,-3.73261399116003,0,1,0
0.000603359390358705,1,0.970165412662032,1,1,1,1.9370436678747,1,1,1,3.43186794149917,1,0,NA,NA,NA,NA,NA
-0.101653371124766,0,1.08031343056413,1,1,0,0.412014521828611,1,0,NA,NA,NA,NA,NA,NA,NA,NA,NA
-0.144058142629655,0,0.619328513783179,1,1,0,-0.64913554151278,1,1,1,1.64556670916923,0,1,1,2.19019756078398,1,0,NA
-0.331369056733852,1,0.279120591562342,1,1,0,-1.08093169672432,0,1,0,-0.629712007528655,0,0,NA,NA,NA,NA,NA
1.92120815461321,1,0.651852281016797,1,1,1,2.55079486072033,1,0,NA,NA,NA,NA,NA,NA,NA,NA,NA
1.5098548579768,1,2.70515689842457,1,1,0,1.59581689149564,0,1,1,2.28412741974834,1,0,NA,NA,NA,NA,NA
-0.889284398071151,1,0.951143828607208,1,1,0,0.36875972523363,0,1,1,-1.62518431873212,0,1,0,-0.0402563326538751,0,0,NA
0.198680207047596,1,-0.133945599321014,0,1,0,0.936200323221738,1,1,1,3.99678517906995,1,1,1,4.92517819648212,1,1,1
1.15136467995391,1,0.57389678639134,1,1,0,0.50678691308393,1,1,1,1.37640700467405,1,0,NA,NA,NA,NA,NA
1.10252557067069,1,0.459535963139695,1,1,1,2.65497981452431,1,1,1,4.77119301976096,1,0,NA,NA,NA,NA,NA
-0.895383046063281,0,0.113851563689051,1,1,0,-0.819808421885651,0,1,0,-0.0733684864968084,0,1,0,-1.13231637515175,1,1,1
1.4098008988475,0,0.226071759335707,1,1,1,2.26786123770439,1,1,1,1.9225235508552,1,1,0,4.06006253928924,1,0,NA
-0.70459579703588,0,0.0824270278089878,0,1,0,-0.318600569115389,0,1,0,-1.09845126243701,0,1,0,-0.747942205406358,0,1,1
0.126642533268377,1,-0.726526906452439,1,1,0,0.885046404964526,0,0,NA,NA,NA,NA,NA,NA,NA,NA,NA
0.168755803793434,0,1.31909304233741,1,1,1,1.49402675333919,0,1,0,1.06765780841839,1,1,0,3.09191078562052,1,0,NA
-1.9199911245538,0,-0.982037311867597,0,1,0,0.780289917283322,1,1,0,-0.738561583041999,0,1,0,-0.885794683237151,0,1,0
-0.133307420233706,1,1.27242297814526,0,1,1,1.07301807558304,1,1,0,2.7824128185942,1,1,1,4.1050905428383,1,0,NA
-2.10038657301994,0,-0.490764676267119,0,1,0,-2.0623341196058,0,0,NA,NA,NA,NA,NA,NA,NA,NA,NA
-1.96633850418178,0,-0.926949662115613,0,1,0,0.677516171879344,0,1,1,0.991468158508068,1,1,1,0.510475658717144,0,1,0
0.320515432417219,1,-1.39641049317287,0,1,1,0.323555865319465,1,1,0,0.0117093287291132,1,0,NA,NA,NA,NA,NA
0.341243420633991,1,0.721430651784577,1,1,1,-0.17621137600694,1,1,1,1.00265087328896,1,1,1,2.83891532155294,1,0,NA
0.974334700699356,0,0.88537686953822,1,1,1,-1.09427002646135,0,1,0,-0.0136300195503978,1,1,0,-1.66268328225826,0,1,1
0.379546198219388,1,-1.42155685974724,0,1,0,-1.32185227163279,0,1,0,-1.44209420056888,0,1,0,-2.83755150985414,0,1,0
-0.673769295614138,0,-1.88419831175942,1,1,0,-2.37745470187842,0,1,0,-1.35609396350227,0,1,0,-1.80306795828388,0,1,0
-0.800727074103756,0,-0.199682279256217,0,1,0,0.55521401234038,1,1,0,-1.36029966094476,0,1,0,-0.540008505247288,0,1,0
0.804554506792211,1,-0.913512533201398,0,1,0,-2.0324667338847,1,1,1,0.614909634025703,1,1,0,1.14479347376221,1,0,NA
1.45103564875772,1,0.219976245544183,1,1,0,1.34292044207651,1,1,1,3.72908816101129,1,1,1,5.25990267480035,1,0,NA
0.798793711024647,1,1.26884853078267,0,1,1,1.49835419690148,0,1,1,1.18986259218772,1,0,NA,NA,NA,NA,NA
0.21692478937968,1,1.079663158064,0,1,1,1.71166111422982,1,0,NA,NA,NA,NA,NA,NA,NA,NA,NA
-0.0689971962824077,0,-0.401046032278248,0,1,0,-1.08877729178855,0,1,0,0.808273120648455,0,1,0,0.175175131071129,1,1,1
1.6284169621075,1,0.819687191522329,1,1,1,1.80110807171545,1,1,1,1.1413600924635,1,0,NA,NA,NA,NA,NA
-2.49168698142231,1,-0.349983397855802,0,1,0,-0.4648805430643,1,1,0,0.929939189321903,0,1,0,0.0643422274474849,0,1,1
0.99290910096881,1,-0.233481180015959,0,1,1,2.1532804848022,1,1,0,0.126474592476173,0,1,0,1.62350115281259,0,1,1
-0.167695281953007,1,0.251968273092126,1,1,0,0.194152925764524,0,1,0,0.335621197758403,0,0,NA,NA,NA,NA,NA
-1.12710117964319,0,1.32709191935592,1,1,0,0.524188512873839,1,0,NA,NA,NA,NA,NA,NA,NA,NA,NA
0.836662040400748,1,0.791322827814504,1,1,1,1.45456852837607,1,0,NA,NA,NA,NA,NA,NA,NA,NA,NA
-0.980278646483449,0,-1.45769995147496,0,1,0,-1.51719361812223,0,1,0,-0.776400638378294,0,1,0,-3.23115661990145,0,1,0
0.344005988229784,1,0.270312513665735,0,1,1,-0.252658690391069,0,1,1,1.48115472009119,0,1,0,0.916752717019832,1,1,0
0.185534561177573,1,-1.43765703952799,0,1,1,-1.89863522738142,0,1,0,-1.7575447528995,0,1,0,-2.38089293683707,0,1,0
0.141199612995274,0,-0.840668287094809,0,1,0,-0.333939775920654,0,1,0,-0.790671852352195,0,1,1,0.607734254893776,1,1,1
-1.85209740277942,0,-2.11574950190237,0,1,0,-1.48750374032424,0,1,0,-1.6231017761892,0,1,0,-4.64244702234238,0,1,0
0.162420018098686,0,-0.983333909259097,0,1,0,-0.314262298176167,1,1,0,-1.43836289460061,0,1,0,-1.74559932277109,1,1,0
-0.493178962831244,1,-0.604616268116018,1,1,0,-0.29653644056547,1,0,NA,NA,NA,NA,NA,NA,NA,NA,NA
-0.70378506653743,0,-0.913603293780713,0,0,NA,NA,NA,NA,NA,NA,NA,NA,NA,NA,NA,NA,NA
-1.18362070634854,1,0.691680371697486,0,1,1,0.651958744806396,1,1,0,1.29428785656003,1,0,NA,NA,NA,NA,NA
-1.1386981820339,0,-1.04292880978314,0,1,0,0.172439748190523,0,1,0,0.198005386454448,1,1,1,-0.429097471691284,1,1,0
-0.84560346853087,0,-1.68054095881653,0,1,0,-0.207326812598187,0,1,1,0.266058709656952,1,0,NA,NA,NA,NA,NA
1.24699040807504,1,-0.531978757125746,1,1,1,2.06754975827016,0,1,1,3.07525054513438,1,1,1,4.09635765923266,1,0,NA
0.695165011889778,1,0.022135809059633,1,1,1,0.350119569555547,1,0,NA,NA,NA,NA,NA,NA,NA,NA,NA
0.27483248030804,1,1.66562200234522,1,1,0,2.13667327197169,1,1,0,3.37186051988294,1,0,NA,NA,NA,NA,NA
1.71648527264982,1,3.24557415414177,1,1,0,1.81601867059707,1,1,1,3.04023581544851,1,0,NA,NA,NA,NA,NA
1.61208119736512,1,-0.0994177489462711,1,1,1,0.831292027226968,0,1,0,1.52712053688257,1,1,1,4.15245717502496,0,1,1
0.902960768100829,1,2.06599757163314,0,1,1,3.3719556325859,1,0,NA,NA,NA,NA,NA,NA,NA,NA,NA
-1.18344198624181,1,0.94639670055197,0,1,0,0.321893601318477,0,1,1,-0.298371261766157,1,1,0,0.0340882190148352,1,1,0
1.43308002390937,1,-0.290633867962336,1,1,1,0.733605638798083,1,1,1,2.33637249760153,1,0,NA,NA,NA,NA,NA
-0.202126635484378,1,-1.79945706329309,0,1,0,0.123684824273296,1,1,1,-1.38233564977289,0,1,0,-0.881859922076237,0,1,0
-0.242671297917503,1,-1.16079161798555,0,1,0,-0.714350214083154,0,1,0,0.245401778499906,0,1,0,-1.53878721773145,0,1,1
0.237540119595662,0,-0.459166134832117,0,1,0,0.259446206747976,0,1,1,1.3175241785656,1,0,NA,NA,NA,NA,NA
0.0629377155423012,1,-0.482461456221117,0,1,0,-0.0811369808246501,1,1,0,0.767085879092966,0,1,0,1.68873168822299,1,1,0
-0.493880053554895,0,1.2165928478141,0,1,0,1.19199658575911,1,1,1,0.537005579017754,0,1,1,1.60189563960192,1,1,1
0.684869475041558,1,1.01525494730701,1,0,NA,NA,NA,NA,NA,NA,NA,NA,NA,NA,NA,NA,NA
-0.48204249043091,1,0.314282066791762,0,1,0,0.113303252588489,1,1,1,0.946152879617381,1,1,0,0.658536341043654,1,1,1
-0.564795167351673,0,-0.118545097172915,0,1,0,-0.15227186059714,0,1,0,-0.628633326213348,1,1,1,1.27623072719631,1,0,NA
-0.254293407504726,0,-1.37952104404326,0,1,0,-0.603637446673309,1,1,1,-0.321284790621052,1,1,1,-0.775614288552745,0,1,1
-0.759682871256907,0,-1.07763586152648,0,1,0,-0.666458021163304,0,1,1,0.492062932615515,0,1,0,-0.488792377846005,0,1,0
0.153682006360345,1,2.24433119276616,1,1,1,2.55528202252658,1,1,0,4.41836077581427,1,0,NA,NA,NA,NA,NA
-0.0972534984139286,0,-0.291653350761728,0,1,0,0.629300759092961,0,1,0,2.45143206952534,1,1,1,3.50056885428136,1,1,1
-0.295900576371233,0,-0.152808871393704,0,1,0,0.310785418657379,1,1,0,1.94992291411688,1,1,1,1.2508613735455,0,1,0
0.463791381562935,0,-0.6260186779345,1,1,1,-0.914624443757115,1,1,1,0.316910919204547,0,1,0,-0.0834576679543343,1,1,1
-1.82483093838315,0,-0.0770684055145547,0,1,1,-0.118548335619934,0,1,0,-0.0751188108353631,0,1,0,0.0118561540228105,1,1,1
0.252441911929357,1,0.401043923175435,0,1,0,1.87486048806009,1,1,0,1.56194564537509,1,1,1,1.0895672390184,1,1,1
0.901248254480784,1,1.65284839003467,0,1,0,2.46490327989106,1,0,NA,NA,NA,NA,NA,NA,NA,NA,NA
0.880440689856259,0,0.618710259133481,1,1,1,-0.405583364766905,1,1,1,-1.78405630232471,1,1,1,1.16032014671265,0,1,1
2.23177009882985,1,-0.350684027695511,1,1,0,1.26301152555975,1,1,1,2.39093026701176,1,1,0,5.08952581524099,1,0,NA
-0.639834830368802,0,1.60798937090328,1,0,NA,NA,NA,NA,NA,NA,NA,NA,NA,NA,NA,NA,NA
-0.980103654491157,0,0.441542907481546,0,1,0,-0.625875783888119,1,1,0,-0.74902442635196,0,1,0,-0.978650395155396,0,1,0
0.326097975989528,1,-0.155149247945584,0,0,NA,NA,NA,NA,NA,NA,NA,NA,NA,NA,NA,NA,NA
-1.68526239503335,1,-0.208356248518725,1,1,0,0.834642331644226,0,1,0,0.597379269602641,1,0,NA,NA,NA,NA,NA
1.21069157198561,1,-0.0240512863425457,0,1,0,-0.146190444461383,1,1,1,0.703462370836237,0,0,NA,NA,NA,NA,NA
-1.04711359062743,0,-0.229265450686638,0,0,NA,NA,NA,NA,NA,NA,NA,NA,NA,NA,NA,NA,NA
0.438546775700866,1,1.67180221742301,0,1,1,1.10347681289665,0,1,0,1.37174067392087,1,0,NA,NA,NA,NA,NA
-0.33780518841252,0,-2.24657515574653,1,1,0,-2.65705050216949,1,1,0,-3.5975394078726,0,1,0,-2.79966119580051,0,1,0
-2.37947638574378,0,-2.88089581436119,0,1,0,-3.56630328402614,0,1,0,-5.87045730281889,0,1,0,-5.38417466518897,0,1,0
0.259344892403064,1,-0.133534528589527,1,1,1,1.49358596466688,1,1,1,3.21028575911849,1,0,NA,NA,NA,NA,NA
-1.10300468277767,0,-0.814720076199143,0,1,0,-2.78575209687431,0,1,0,-2.98537513884405,0,1,0,-0.744788271606828,0,1,0
0.922301059107954,0,-0.387523907842917,0,1,0,-1.39676047128025,0,1,0,-1.29495396166044,0,1,0,-1.67493925201312,0,1,1
-2.45149100964402,0,-0.801473894782277,0,1,0,-1.93762032417628,0,1,0,-1.50694924848565,0,1,0,-3.00077024924199,0,1,0
-0.131003819224936,1,0.0578567221380789,0,1,0,0.166776164213597,1,1,1,1.73568912991221,1,0,NA,NA,NA,NA,NA
-1.05339701036674,0,-0.548289708944107,0,1,0,-1.89940528239932,0,1,0,-0.847202047150941,0,1,0,-1.49444493486558,1,1,0
1.12716590131421,1,-0.100517241630857,1,1,1,1.32724708590945,1,1,1,2.07109890903013,1,1,1,2.93215446126098,1,0,NA
-0.727834639228732,0,0.50471308531002,0,1,0,0.213846715480801,0,1,0,0.471219709958355,0,1,0,0.287276648917914,0,1,1
0.935340589208178,0,0.751981993065654,1,1,1,0.664964246481305,1,1,1,2.73902726229939,1,0,NA,NA,NA,NA,NA
-0.468292103835751,0,0.0109956753599893,1,1,0,0.634211014557276,1,1,1,1.03423681824877,0,1,0,0.721812107869336,1,0,NA
0.12982106876817,1,0.982298154772565,1,1,1,0.564073647957411,1,1,1,1.16421216121892,1,0,NA,NA,NA,NA,NA
1.46235284119442,1,0.538462536862596,1,0,NA,NA,NA,NA,NA,NA,NA,NA,NA,NA,NA,NA,NA
-0.682169375643072,1,-1.24433244677196,0,1,0,-1.41596863454306,1,1,0,0.43401810754048,1,1,1,-0.503232851304139,0,1,0
1.81861838674073,0,0.140957138443901,1,1,0,-0.246715935169675,0,1,0,-0.000700305906037979,1,1,1,0.853049284919474,0,1,1
0.986158368247289,1,-1.18479551021743,1,1,1,-0.217429015192021,0,1,0,0.377710742707898,1,1,1,1.26609136131705,1,1,1
1.28460132176685,0,1.00542772851604,1,1,0,1.13509463374986,0,1,1,1.0402187202565,1,1,1,0.659700733716981,1,0,NA
-2.24640056940027,0,-0.351760425805018,0,1,0,-0.662626194657941,0,1,1,-1.77137737131949,0,1,0,-1.7517678434688,0,1,1
-0.168516631588257,0,-1.52087648257717,0,1,1,-0.557175185956787,0,1,0,-1.84642417761543,1,1,1,1.63410305178322,0,0,NA
-1.46661662751573,0,0.0276166004366066,0,1,0,-1.44741195140145,0,1,0,-0.521609277454009,0,1,1,-0.287202874205771,0,1,0
0.759275035989203,0,-0.219597978216292,1,1,1,1.36869710149353,1,1,1,1.65197851594464,1,1,1,3.47688695675649,1,1,1
1.22277702922995,1,0.322384545503662,0,1,0,1.38318054904943,1,1,0,2.67016405743173,1,1,1,2.92168986599655,1,0,NA
-0.617535389141603,0,-0.794430195413199,0,1,0,0.159920137802758,0,1,1,1.1655515476303,0,1,0,0.341349837630774,1,1,0
-0.511773942223519,1,-2.29662946205548,0,1,0,-1.51536109279808,0,0,NA,NA,NA,NA,NA,NA,NA,NA,NA
-1.62158019298443,0,-0.567075576784017,0,1,0,-1.10543920202015,0,1,0,-1.46766275487429,0,1,0,-0.722245909276658,1,1,1
0.790937635334595,1,0.441152675754434,1,1,0,1.84773730156329,0,0,NA,NA,NA,NA,NA,NA,NA,NA,NA
1.46152195521853,1,1.73538459631976,1,0,NA,NA,NA,NA,NA,NA,NA,NA,NA,NA,NA,NA,NA
-1.69993221571343,0,1.37018440378817,0,1,1,0.0600319405022997,1,1,0,-0.53963962815425,0,1,0,0.614193287312891,0,1,0
-1.81251474524571,0,-1.4063838786672,0,1,0,-1.03873887749995,0,1,0,-2.69470384416468,0,1,1,-3.35865459587134,0,1,0
1.14414109742141,1,3.39345250411232,1,1,0,3.7577482340211,1,1,1,4.96663141573899,1,0,NA,NA,NA,NA,NA
1.34854185723644,1,1.49820074576054,0,1,0,1.1111369162674,1,1,0,1.06999255569072,0,1,0,2.24300447510389,1,1,1
0.371556455073257,0,0.792721101821891,0,1,0,0.35791606464603,1,0,NA,NA,NA,NA,NA,NA,NA,NA,NA
0.242249032302166,0,-0.0606232460945002,1,1,0,1.42093816607189,1,1,1,1.89489406204258,1,1,1,1.44825577764433,0,1,1
-0.621258548098154,0,-0.403863459392689,0,1,0,-2.5828865926636,0,1,0,-2.34472935653003,0,1,0,-1.41835114662802,0,1,0
0.339038070553804,0,-0.617909023869592,1,1,0,-1.41432842066092,0,1,0,-1.86884494497469,0,1,1,-0.760874427171316,0,1,1
-0.452140126031672,1,-0.24869043800376,1,1,0,-0.764982569295585,1,1,0,-0.540646453465015,1,1,0,-0.721582463179066,1,0,NA
2.04323321252589,1,0.236444150103928,1,1,0,2.34059891000377,1,1,1,1.67981360406792,1,1,0,4.54057839789449,1,0,NA
-0.449337685075739,1,0.652121043590503,1,1,0,1.59317692433574,0,1,1,2.49935673240815,0,0,NA,NA,NA,NA,NA
-3.13738452799538,0,-2.34061060429034,0,1,0,-1.39830516236648,0,1,0,-3.07778172912053,0,1,0,-4.60450177424039,0,1,0
0.499962209076086,0,-0.257642688589263,1,1,0,-0.694570174003489,0,1,0,0.288883046377373,0,1,1,1.10540077557439,1,1,1
-1.25714158968218,1,0.879503944674958,0,1,0,-0.0342363632438252,0,1,0,0.51520551706855,0,1,0,1.97043139540579,0,1,1
0.822761428159943,0,-0.0395282312283615,0,0,NA,NA,NA,NA,NA,NA,NA,NA,NA,NA,NA,NA,NA
-1.54609608135241,0,-2.4357433393251,0,0,NA,NA,NA,NA,NA,NA,NA,NA,NA,NA,NA,NA,NA
-0.258780758988273,0,-1.71668081132323,0,1,0,0.819079355316488,0,1,1,1.57355221378874,0,1,1,2.09778009859862,1,0,NA
0.390407377124082,1,-0.543325886119023,1,1,0,0.308548234905619,1,1,0,1.21766287355575,0,1,0,1.55167520669259,1,1,0
-0.197270203079809,0,0.492482225888888,0,1,0,0.445504940614832,0,0,NA,NA,NA,NA,NA,NA,NA,NA,NA
-1.94694947947191,0,-0.670938408787932,0,1,1,0.413019413244897,0,1,1,-0.365017097742021,0,1,1,-0.0382997757394,0,1,0
-1.42763817341705,1,-1.82798104696448,0,1,0,0.122479807873054,0,0,NA,NA,NA,NA,NA,NA,NA,NA,NA
-0.850418042257596,0,-1.11916484948335,0,1,0,-1.39063700477012,0,0,NA,NA,NA,NA,NA,NA,NA,NA,NA
1.62446909297786,1,0.265328430345025,1,1,1,2.1586537270733,1,1,1,2.65324823205868,1,0,NA,NA,NA,NA,NA
-0.126638161398654,0,1.2653825249899,0,0,NA,NA,NA,NA,NA,NA,NA,NA,NA,NA,NA,NA,NA
1.27560202747805,1,3.75397646810206,1,1,1,2.03312157806845,1,1,1,3.69143095985739,1,1,1,5.14765188110762,1,0,NA
0.179496176715821,1,1.61632084049759,0,1,1,0.838084489117698,1,1,0,0.416308368993561,1,1,0,2.17354742014751,1,0,NA
