"W1","W2","A"
0.775097903935566,-1.18063239569365,2.41083678999424
-1.1424670505057,0.490813168332749,2.31940210382067
1.63483829277736,-0.38462868022701,2.33800564909945
-1.18666555085936,-0.743706127008123,0.410416279564923
-1.73437211372376,1.74081141456639,-8.11599921197315
0.986647383666566,-0.467279335852421,-0.0337537613329997
-1.14675012051921,0.737095542499549,0.950003098139277
-1.16874498101662,0.702131121567729,-2.0139579474034
0.746692575738536,0.0702371326569998,1.140273451704
-1.19442565817443,0.504626161125565,-0.346648642719817
1.84643636420662,0.564430744514113,-2.0184223524019
0.237591210389643,-2.45996166018813,4.51486058181113
0.332775738560945,-0.487889360879049,0.747264476481129
-1.12368806324318,-2.71163050778967,4.33607247208523
0.110539848057549,-0.279157230253537,4.91738624443011
-0.170886227175815,-0.964993897437595,2.94939852290101
0.379814073305475,-0.775923287589357,-1.75759836650009
-1.13090980391145,0.407864332487211,3.31691339220436
-0.266714508682113,1.71746405626112,-4.63701546188931
0.581725848374009,-0.507166505812778,6.591589171233
-0.347585146753932,0.0156533660440898,2.4295289952652
-0.0410772815947564,-0.370179591803869,-0.916170579131612
0.244739186103707,-0.874395970493505,4.77522914789612
0.80491405091824,-0.317326649590058,0.652313281296763
0.529582392789345,0.945469863563336,-0.250906571120201
0.0401714118057943,-0.151318772991139,0.114353805223546
-1.43342293624265,-0.198567075754156,1.96751050084657
1.57966652758678,-0.27569887080409,2.42579232853536
0.34234928876386,3.31525005978162,-4.68444150812372
0.338240015358273,-2.53970499392717,5.47134536896003
1.0617346192367,-1.32364467547864,4.12322633385724
0.886960179486229,-1.72940105102162,0.333159736814193
-0.25391331203178,-0.274888679973011,-0.698146714039045
-1.55030989813955,-0.373383098449568,0.27110009564425
-1.08148897451433,0.467372058050519,0.355577214739024
-0.160023343483913,0.360819486793452,-0.221640384923357
0.465478658726927,-0.0165244240029659,4.25846412021224
-0.126434566539762,-0.719990862341291,4.55245735434984
-1.64654484821772,0.793485542933594,-1.89332915627732
0.502646634189747,-0.874178853840272,-1.04230008060314
1.22300965769862,1.76142356018131,-1.65272164949458
-0.0836541885945956,1.04942108248803,-3.03441647355219
-1.37954810526138,-0.263082650212935,2.39568527916386
-0.148093562066391,-0.998159415018932,-0.0692991497387898
0.520693958266052,-1.19506054900257,3.06223860731847
-0.437171712193584,0.0126621198726315,0.139821891502429
0.672148865197039,-0.520741366176474,3.06249923665253
0.952140520970138,1.58443548809116,0.513604927342003
0.247285602020895,0.443681622163248,1.88961238495265
-0.944414556857127,0.0542409025657748,-1.85585672771226
1.28602504748479,-1.91751353951638,6.94938272464974
0.787548710018582,-0.813923493386944,1.89480088128178
0.235679704759718,0.0794986849840889,-2.25219290362876
1.76290070690118,0.471011498330932,3.43640289218254
-1.61246438172227,0.510553416464055,3.79168374873751
-0.53802037687918,-1.36157900881905,3.58645853577418
0.822703545310481,1.73568554069762,0.772003556490886
-0.407318373414228,0.842980059858074,-2.25044554859987
-0.874075060921086,-1.02159766549295,1.34251037157191
-0.776134343568664,-1.51184423154629,3.72994725108457
0.298817311220344,0.0729763698695069,1.3556187414541
-0.0889692557891816,1.57718759608953,-0.409227152239441
2.6773890509045,0.422408682523133,-2.41928387286545
-0.198335188807604,-1.05094115196964,2.90534904897006
-0.202655747632136,1.62711231908366,0.112433206376318
0.184122316517316,0.698076367244722,-0.82413059709664
-0.474300906502905,-0.347623395541794,3.69433833051591
-0.634436713782711,2.15973129792826,-2.04694994420242
-0.338246654921865,-0.0183233479875535,5.85526044700539
0.366755095763486,0.16830607565511,0.261124240228141
1.80676347339399,0.281878570468074,-1.83036921535622
-0.778340935627011,1.54586379235043,-1.15337960701023
-0.244343711495866,-1.90319503583403,6.52672966301406
-1.67750714297384,-0.430371803981462,-1.05275119115247
1.96897687920381,-0.698264069855629,5.49792960887986
-0.573270552807562,0.491380239418983,-4.43316797455198
0.981911448266266,-1.84369605636494,5.04595354473089
0.24373112711249,1.16599669591467,-3.14614537032972
-1.03480635249356,-0.223408232469227,-1.73088121159177
1.23160122428458,-1.69831051093957,4.86694023946018
-1.28995905284231,0.340420234436898,1.53854194745572
0.0337648819488737,0.440465845228131,-0.79325928935606
0.568259654130118,-0.852761729119273,1.66789115414652
-0.506470315045774,-0.444891645822982,1.76258855675324
0.546867186553604,-2.22080280798238,6.26581972428357
0.880425745605538,-0.230622063113146,2.26911519211661
0.313317977723064,-0.953374239892177,0.260205975705579
-0.0475351555472798,0.957664139216447,0.394496302523665
0.813539029481494,-0.04525032764043,0.998705450611793
0.75920946605849,-0.379052871733065,3.13427676473583
-0.0598527162666485,-0.146122761350292,3.86179299190624
0.263214797702816,0.256946960318755,3.22312306597292
0.771009498556615,0.151429428185648,0.258629254756416
0.157932166261822,0.626961781193914,0.625375569366605
1.53348971411225,2.35628423510049,-0.00493185601146617
-1.54226607108007,0.239142566930306,-2.47267069907526
2.15590263974948,0.515338673683591,-1.13333225097369
0.130547362592844,-0.0568311788042156,-1.74499483431707
0.439347718828013,0.70995830599474,-0.00481947612906189
-1.18277251243144,-2.2862014683562,4.47696506785453
0.238077711527456,0.308716254084618,-1.42151479189897
0.0779702220824445,0.638043712841916,-1.01700844276606
-1.02951166590945,-0.499838925852598,3.40468682026647
-0.688711593928344,0.771230773371561,2.09884181817772
-1.26411825019377,0.028119770332012,-0.0793388054730071
0.441698057593837,-0.432118880488467,2.24737832168418
-0.67105189893437,0.243963738739474,2.40221336721057
1.12305588271204,-1.3504818287427,1.04408211566787
-0.516810252721649,0.250784133730144,0.250586443574511
-1.67575544150431,-0.360967673788322,-1.09649792245225
-0.394162943603193,-0.161037918321708,-1.24733966058825
-2.0044787435002,-0.776542788107226,3.27741174302769
-0.96405222645341,0.21017334136911,0.765904810478891
-1.47115527740435,-0.159695043364677,0.378159056708641
-0.495900165716605,1.60077296431535,-2.25332864106245
0.322517378020601,0.0148383940496665,-0.598155040008365
-1.11847301388882,0.607149433652178,1.72990098085213
-0.69083085364314,0.0255223442215544,3.25316844587425
0.291528470673808,0.311548305084487,0.427572124804887
-1.5026451440921,0.194497286018201,2.16430358658088
-0.0444069058119603,0.843422202935118,-4.85176354098052
-0.608348082847986,-0.201089757424528,-0.184806161410859
1.45454034944469,0.406503118803777,1.92697417162619
1.16592229175425,-0.810229259427465,-1.57898791393464
0.449712924992555,-2.25471208225348,5.74968031176272
-0.756371670225085,-0.70257012956981,4.06885644746924
0.022934265657955,-0.997516481495857,4.1412552657691
-0.128484911353953,0.441000750664954,3.06986083248832
0.782147015033324,-0.798596871977409,0.364125485596298
1.14313294505521,-1.52647781334981,2.09248766541716
-0.82772515186085,-0.749936802373034,4.00415104411642
-1.03359234616463,-0.530998080272424,-1.86786258031753
-1.07501881173075,1.70781957610419,-0.968995966670813
-0.254756255816123,0.479908599663459,-2.48968681511789
-0.822584814500132,-1.41340798859205,4.6429858129861
-0.613002002695009,0.34953338332459,-4.47274235745251
-1.62674242379698,-0.247079527593823,-0.59213058203924
-0.16608754018629,-1.23953575947492,2.9858388342006
-1.26730849740541,-1.13107635208767,1.33074752768061
-1.29936842732319,1.01100945154177,-1.74891985528485
0.842277117321271,0.273472242951224,1.42298748716408
0.0298750989660811,-0.0292312939514066,-1.03023816296584
-1.55420292935338,0.149432100288912,1.3075825104276
1.52055183037261,-0.775329673523244,2.33008771876402
-1.20514788605348,-0.317652680066304,2.00100045935804
-0.581775137469578,0.327330941414425,1.34561348208951
0.363008288791078,1.22820875014228,-1.00362272216707
3.17025872635697,-0.969670825928901,5.17684327397772
-1.0977900089938,-0.756585207401356,1.68640581999284
0.241708126339423,1.5071316011388,-1.60262981070578
0.163072659922168,-0.0892780193954948,-0.708125770300267
-0.253107161869791,-1.93762843089411,6.03756373679577
-0.614570851567855,-0.00737786675987225,3.988770138996
-0.0266365572325903,-0.907200248183563,2.56240592545462
-1.40607071061905,1.5155142112616,-0.0141375086342963
-1.46261147568942,0.0597256413098492,-2.70765898603058
0.133069328886031,0.321837579829065,3.73117956902013
-0.508030302613868,-0.655382981724643,-0.307570642756059
-0.242471412242275,0.526923447400338,1.75360940329558
0.755050059861583,0.820941640098436,-2.16987648041111
1.60321212046881,0.422532990050065,0.910099691089515
-1.48651940353243,-1.18939426033441,1.13085033992649
-0.64173852693763,-0.257567708358128,3.4157475549556
0.358905988668084,0.701043106127388,1.5262827414367
-0.151247354972948,0.432784869318196,-1.87648270663088
-0.0963343729420759,1.48229688633648,0.735273776643335
-0.224603189627343,-0.237341012280326,2.22882395137565
-0.732130164180572,0.361862013099457,4.8224486172411
-0.0845129596992288,-1.81746485584907,4.12560712404224
-0.00220883195355409,0.123639020559478,0.489853551928508
-1.21942204734946,1.02509802209725,-3.7936182826118
-0.773291497220686,-0.331086226883531,4.71984798481424
0.259926735078036,0.44762858410879,-2.38152449879256
1.58324134022164,0.612095052507488,3.75988738230083
-0.608719285693478,0.480404364220442,4.56534156881878
1.21502029473912,0.65401883529755,-0.556718738554601
0.0946491517484891,0.0531126071788295,0.726324856643362
0.192531067560926,1.21981567733983,-0.0161183086349502
0.802491531533333,-0.62691413346503,0.0117608222042143
1.44111710499908,1.31853913741917,5.27206607751895
1.47042648737385,-0.0335809633472933,8.07744421231061
-0.0745189849165555,0.0711538269644836,-0.976397000939848
0.665932420389851,-1.38163713619955,2.14730109977148
-1.47272809530044,-0.0783288050561889,1.73921962988481
1.29348752040292,-1.33659877582406,4.67500598695577
1.86135609205511,-1.89341384357168,2.34945370480298
-1.94425812673787,-0.0194504533421376,4.2436565143103
0.0268614703798282,-0.468457955756619,-0.343516744403932
0.0841584276065596,-1.37839566327257,7.10377504028024
-0.495416840290633,-1.18244040685338,2.60106982910701
-1.15551561720143,-0.216736940149214,-1.0559430512789
1.85572143536963,-0.333395317935897,4.3112606853478
-0.062729626525779,0.394171285239706,1.62552116588354
0.844496840723439,-1.24353418414244,2.58413405367118
0.69970232651783,1.58376539036073,2.60705273824767
1.60771779540607,-0.649805630533682,1.67724907993492
-1.28737138549238,-0.544592229533218,2.68029112160554
1.61471013986046,-0.357505319805493,3.18319436223011
1.77949639862113,-0.839654577729091,3.54058593570605
-0.337018848257542,0.792800261179327,-0.750584782356758
1.40813939908155,1.06579395813122,-0.721828643832762
0.141737635510393,0.0880197528447785,-1.42878153889427
0.032713482293703,-0.823434723763319,0.60574573998941
-1.10300522555705,2.1930601864905,-1.89737339246156
0.335514645553931,-0.00576815912411989,2.69069601296672
0.736066907711877,0.786122018330675,0.805595123487235
-0.288663479428498,-0.264938864747637,4.21564237167038
-0.208943226711196,-1.52717527201214,4.22049336167326
-0.561078289238786,-0.676829537720695,1.9601088048619
-0.199623525956177,0.746085970573667,-1.17461165891037
1.01488893597628,1.15741058018965,-1.52520233177017
0.474224205888022,-0.340828623843229,1.03050329986161
-1.37159264288378,0.57919381053334,3.21458497752985
0.570343801056477,1.41556156118793,-2.60998456295085
-0.594727926757697,-0.309301724177239,4.10015947130581
0.648964569489161,1.80006969709003,-0.922505639696573
0.222809914322973,-1.06724956008547,4.59924295295774
-0.173666537295968,0.27745939054362,-0.755471480013185
0.801313782829116,1.00685293649473,1.85389170074752
-0.354966092867648,-0.436064772073369,4.43447125488823
-0.079889279030712,1.1550661433975,-1.48683025544101
-0.16153427437554,-2.00168347188816,5.30440848027574
0.855572856632669,2.27931881377615,-2.50645420218405
-1.19107463999447,0.390636261812498,0.016533648109422
-0.500165043124283,-0.0124967416638745,-1.91893498440767
0.0623458869366509,-0.247440146423996,2.55250922235236
0.140103133536637,-0.623133064462926,2.60231194358287
-0.506138496069297,1.41422558976287,-3.31066898010408
1.79249635160725,2.42014558618718,-3.0714939252985
-0.0622220782939201,-0.531118866778333,4.08729078541859
-0.103866663073409,-1.57543833711454,2.27727631255957
-0.0610711722240429,-1.08308470515301,-1.2176893712377
1.34987484231811,-0.429656704616751,1.0486256058712
0.0662346933425665,-0.181595901623952,1.93576364597912
0.0500997095403179,1.1719021792578,0.510753489026508
-0.192445223316415,1.71273223685986,-2.78524884742175
1.60899972704309,1.42680428437745,-3.08061276770171
0.752953975487356,-0.503522872579952,2.59646339432682
-1.04182623916072,-0.668450485790834,-2.50008587654138
-0.705748230453206,-1.25878098722864,0.569554018627087
2.03356242513638,-1.60451146530032,2.08339965521546
-0.112026576682743,-0.433629374797925,-0.287487284376742
-0.589117305550196,-0.125230692465439,0.964273882989544
-0.630806379344646,-0.703181560717593,-2.22913567804874
-0.874693108596801,0.141730056503179,-1.18066560138004
0.705352799040238,-0.933732031753701,5.24708672311701
0.28744453123977,0.94548070443448,0.33327776866076
-0.896292228536803,0.812365660882098,-2.72330594575832
2.1461784323355,0.666332103916178,0.577367184469616
0.791517049754522,-0.150500665458937,-2.06736254526258
-0.468638176444747,0.921217164640494,1.92910368374657
1.87636078943976,0.595636609962519,0.736978907457528
-0.482107194161911,-0.603555050437555,2.52236554998692
-0.0108116774644627,0.980664332146603,-2.18599957027891
1.776565157027,0.362184410766143,3.9210522225072
-0.447632431845558,-0.47853985639686,0.405501112591183
-0.0559582270279519,0.792828207393034,1.50736878008067
0.0457416489766615,0.284614308480381,1.97305004990415
0.258151587942719,-1.11129988768073,2.35819317944951
0.218397884595182,-0.0917856692361265,2.58549938678768
1.34539924319848,-0.0464156803206656,3.9405195030834
-0.940544172844465,-2.07069602384478,8.27996928128573
0.242035750128077,-1.23684917049892,0.598923994029018
0.141456727364516,-1.47859443431334,7.10590772877596
1.5320179747635,-1.01277786020037,3.51120140495103
0.824186179532445,0.0371148593593716,0.116491405661759
-1.49826234737555,0.793453528347725,-0.313335480085827
0.829162658908315,-0.563066897739802,7.67624891384128
-2.09101804282409,0.821388878187989,-3.53255802356922
-1.49173046518698,0.380756702527087,-1.54262382561422
1.2302068963279,-0.688550214694132,3.5463190427436
0.422786163923666,1.6638888590366,-0.898012326768383
-0.216696739799193,-2.4856743018532,6.17577285289639
0.145346523378538,1.33589190203392,-1.95811786245659
-1.14075193677144,-0.307433184379204,6.02056492071907
0.619061136994323,0.152706367439963,-0.935173501954402
-0.232006144527334,-0.718678709852764,0.234622408689752
2.04327899389896,-1.19114580810776,5.13526766732799
-1.46227416748354,-0.812402679241394,1.53407412153683
0.406416337198439,0.295365279722319,1.14738854663443
-1.88836992439977,1.82198359643133,-4.92367140021018
2.21076364008614,0.266040879169827,-1.75887812582544
-1.21573889926838,1.223776266706,-3.83501215726774
-0.327069222667541,0.814183476228971,-4.37660170530696
-1.69967558126816,1.57116597632041,-5.09019477496351
-0.327341107976432,-0.141658919175719,3.27048088416969
-1.40282736357302,0.313443833917463,-1.08337571457903
1.01524862043529,3.7627586678381,-7.70971795166127
-0.815435088115899,-0.663680861415228,2.26405304861631
0.184222080230647,1.00397993536906,-3.03682718762191
1.4435830023813,-1.17246140942286,0.308212619835216
0.50112836672432,-0.465866710004822,0.561990590219733
0.828360722163267,0.175224499064997,1.46298779930247
-2.06058274161629,-0.516456558959083,4.0054065500459
-0.756892410706995,0.339269219885992,1.70795473448007
-0.0226414363031484,-1.75168625560292,2.73336681207651
-1.19096172034068,0.432376604860009,-0.603792236666563
-0.264592086983787,1.08311698109714,-3.62675837104651
0.60349492336368,0.0826955547052171,-4.35464213117907
1.17505552382701,-0.708948663283761,0.0710724555392761
0.279660739123243,-0.0127745899774327,-0.548772451574595
-2.14637589953932,0.0443805614160943,3.13948714977913
-0.246614647873849,-0.153396429862705,5.77793002492381
0.734846123634449,-0.770511824597096,3.28869606455381
-0.0787193352004994,1.38438605732331,0.0191447811078151
1.44338642604826,1.52560851784172,-0.967228817182225
-0.66159982733869,-0.154146534818052,-0.878995746734953
0.632629787038806,1.70817880162908,-6.03090916877718
-0.88126218218859,0.794129086493916,-1.56463133353806
-0.128810555939195,-0.625883060905077,4.74375330970962
-0.121951296275066,-0.151097891244415,0.182223842372932
0.636269216693699,-0.12449497092936,-1.35723789156546
-1.21256116230841,-0.266280651585396,1.56377713427968
-0.122033302170013,0.368741379382878,2.05748236032689
-0.799780552389082,-1.43173901897714,-1.37742714855343
-0.662570820294027,-0.702058719574254,-0.970184871970618
-0.296034902461517,0.90285164741009,-2.35621608681702
0.0239017531557603,-0.14823115502021,1.74411443647641
-0.939381393569668,-0.315102742241109,0.349295619377453
-0.535034791734999,-0.15356925335119,-0.68402520767538
-0.602590767391466,0.474558002109305,-0.974223442955081
0.847070775216327,-1.41840218969829,3.58440032619757
0.190650714765456,-0.601059198302902,4.08295615960818
-1.64364955750236,0.262538636980929,-3.13495212998371
-2.02968690512164,-0.177998568054599,2.46125308017808
-0.762656879944353,1.01035404410983,0.83551516839287
0.844746160985837,-0.056439204739823,0.440757203156266
0.339029865536545,-1.14754856914611,2.33397221883396
-1.11417661045667,0.207310215697043,-0.262269889055895
0.747645125319259,-0.430806580073641,3.27900467013676
2.42589658908081,-1.41679021018965,6.87439470186536
0.257395562832725,-0.197440514776567,0.880559216375526
1.81796820025009,0.0889124138282531,0.117312369675136
1.55538582218578,2.48743284213752,-2.52229141020264
0.31655936225134,-0.214297553762739,0.525210601349633
0.500165952438347,-0.524412009223805,0.5312966747239
0.0860673698451451,1.42508058569274,-0.239763831218631
0.375253876073588,1.1551334145929,-2.11653754660611
-0.934434251416519,0.428898782641084,-1.65437059272074
-0.68311994982522,-0.437315049699286,5.68983887690171
-0.388521261395551,0.63524317479154,2.88639939737618
0.426198281742831,1.30963093393787,-0.485665691329263
-0.00398055971737551,2.20259757310449,-2.91259558986339
-0.0272957738647851,-0.320062014858559,-1.31218513008079
-0.262126204024486,0.602109696235638,0.346970439665639
0.579154534996052,-2.70918120378132,3.26876737064839
1.17700297667355,-0.143552619209263,1.16978663169893
1.51137356060621,0.278194628513017,0.24721099281869
-0.227811269765069,-0.370769118966488,3.11928693225514
1.38931152209775,-0.116033475951112,2.22300199059702
-0.684042689320738,-0.0687800842273376,0.6595647190666
-0.226911824066325,0.178613078839334,3.55100270581558
-0.245540423937145,2.09740828374418,-2.55936664649096
0.0634565298492798,-0.693201125828278,2.9645252691142
1.69711402563672,0.959674396341116,-2.42728790170117
-0.0330110721189928,-0.339264041236348,3.14843289218109
-0.68477368704147,0.519021946070106,0.710116062010437
-1.27727699382851,0.0909282280345703,-0.494724256821278
0.166026249983914,0.265331860525473,1.9254546464445
-1.24242807955675,-1.06746292272134,8.52120191484746
1.41050521446931,0.725086701307887,1.46051580714602
0.18424637288572,0.943089240005086,0.0970158830413559
-0.132468138084162,2.06824467426773,-1.68831407796694
-0.30202445111707,-0.919885973345817,6.55110275506685
-0.649654594496374,-1.47684008818066,5.90212012958762
-0.0417782659581188,0.609447740224773,-0.54869318106517
-0.892700442476335,-0.247348035429815,-3.49012473655249
-1.72631772225104,0.328010111796369,-2.55187425076667
-1.72856338839207,0.574295021060538,1.59170961337905
-1.21616069678673,0.2390955893551,3.21581117385637
-0.195412393125154,-2.27268783594135,3.32430250563329
0.0962980684136383,1.49577769902746,-3.02494789482468
1.98482179513454,0.923478861772545,0.0634165514073621
0.770420130046009,0.00980304528403612,-0.00213633498930843
-0.885868379472937,1.01747319863659,-3.67056329960354
-1.3722951945031,-0.637874629901813,3.24246039527233
-1.74811137910268,0.00647614539006328,4.62154284300385
-0.0846987602663229,-0.806223989286498,-1.09935079877557
-0.177745255911465,-0.261511696231213,3.68274030076326
0.369994749739831,-1.55688770979072,3.0204924512227
-2.34924690525791,0.595447616301499,-0.98263917399823
2.25635742248107,-0.829468031232147,2.16589143265267
0.351038552429915,2.73036838055586,-1.5766026385202
1.13836961301546,-0.749524007632755,0.870726561810621
-0.201192287517058,0.993191069828982,1.97958403270905
-0.358684569877788,-0.423058799456497,1.13970874758698
-0.3232182900377,2.07755256605767,-2.9398241240416
0.546868980084562,1.98608397850251,-1.7977645045949
-1.10452761827546,-1.03082954441478,2.99255292549336
-1.62818432363419,-0.509648181585846,2.20908509012395
0.312129287263171,-0.868833686325352,2.62792055150464
-1.84859562745542,-0.0121391231791308,4.26211000354252
-0.68515903597118,0.393253227183143,1.19822189358418
-0.0230753220685424,-0.370759673589043,1.11895397511114
0.672149401142836,0.493191374482692,-0.434776143970971
1.21064218586542,1.62358807757827,-1.4008406935185
-0.166173046857798,-0.0536567052751976,-2.08673710879208
0.0519986090785467,1.39093838479627,4.38232983487919
2.73743654618967,0.195922039827792,-0.923195242493052
-0.252105524910951,-0.724302522306642,0.453791777975155
-2.51633603606773,0.155164804940966,0.758978576989625
-0.329531862739804,1.03996171028018,-1.14512890382436
0.407854491289487,-1.04598172707999,6.22812916733602
-0.364368864429582,0.126186396775855,0.38045052362293
-0.072880908332203,-0.453101466206809,3.04199065634704
0.706885065402511,0.870182247647275,-0.910684473285556
0.647531605673264,0.647064330261433,2.04507855400933
-0.26818919519712,1.68591281891866,1.24540152273099
-0.874755153753079,1.10586499428083,-1.1682391970524
-0.553017536876973,-0.576545301991151,2.07873931028892
-1.14749858159688,0.563733821605788,0.00866843197637154
0.640088537216056,0.530426308220597,1.1725798269296
0.488099970110971,0.875183996955629,3.31635134193269
-1.91887918392774,0.855300654331749,-0.188203829415721
-0.805651148121098,1.49172262977036,-0.429001329476281
0.380849527460605,-0.997829835210954,4.98531026091234
0.753688821338204,0.782911622901527,1.16133248670671
-0.268356309594088,-0.495237907262219,2.50363360052728
-1.53081692618456,0.52529219300826,-0.97263170271504
-0.116989564182265,1.02657983713025,-1.55154669539452
0.257273940218454,-1.21568793665916,2.48218650048177
-0.798901228963685,-1.71957054524989,0.628090099616052
2.34914375953966,-0.163353098004815,1.08435101489716
-0.908673707509875,-2.2084798611073,2.57475050816937
-0.785369732967128,1.15763030655628,-1.22477109194911
0.175717024167324,0.618302457234071,-1.87726103665319
-2.11637186095485,1.59017669451643,-3.70965562616945
-0.0924288175928784,0.974702089238734,-1.02773258172861
-0.589169447336039,-1.26648281358334,2.64353157734601
0.657889588506858,-0.96529270738274,3.76144020640795
-0.0260141225210504,-0.238010139271081,0.63114266941308
0.320953758381168,0.574060762789267,-3.55093844120219
1.30029203445361,-0.862697628031607,0.631210419397594
-0.100832129821825,-0.212015979632449,1.4937951422299
-0.457555726500982,0.00688494577309309,2.02681380728112
-0.200086511511524,0.974674924125493,-3.39734206444944
-1.83121663620854,-1.49149659983421,3.44270173548237
-0.376545361840994,-0.265181822522656,-0.322949994512505
-0.643653878941117,-0.0296429410904877,-1.19550764229557
0.20934614488453,0.159555054470115,0.532879031255527
-0.246823758213482,-1.31358639239877,5.04725770876462
-0.63109368719037,1.65995949424997,-1.85953694181287
-1.02904506981676,-1.15306247332094,-1.24442878052221
1.9572871717875,0.952195491575757,0.408167657893863
-1.42718336431909,0.903269662208996,-1.42467618264405
2.22703461240799,0.66187632815286,-0.297539453095114
0.504676110113578,0.362689400869751,-1.86203217635088
0.34098320109427,-0.531650033834001,1.07377878040327
-0.834006018403281,3.81753722002965,-3.16415828550276
-1.06468747578913,0.0356734341805365,7.79897525707977
1.28140275415707,1.6082725687432,-1.571583192839
1.05748602939209,0.430022462966202,-0.340879140992811
0.849682842382819,-1.32812231670037,3.69630782998671
-1.90323557339738,-1.02439351640208,6.32713819868119
-0.511666151606855,0.0244669079026513,-2.7610165305472
-1.48506155016974,-0.969226262230371,-1.70955856166405
-0.564039882573227,0.209416048007799,3.56513517665501
-0.443996558923594,-1.48333590943486,0.208216256408069
0.667476438842857,-2.65427565063221,6.65756730217178
0.404932342902038,-0.596499596225457,0.938804287231331
-0.743022351324019,2.28837304370597,-3.28642861980761
-1.11974748957703,1.04834888999307,-0.534423909101626
1.66301263402539,0.645254584219147,-1.96910368300592
-0.191218578038138,-0.970816696836512,3.62097927693567
-0.0610069423227399,-0.602811305274684,1.17476587653373
-1.85989836284077,-1.15275254709023,0.145293498429672
-0.862219286069093,1.47420752633933,-1.61360441440147
1.33505684529441,-0.22067668543115,2.91479765965513
-0.761483604599258,0.794499177583771,0.979326119595767
-1.0061109080744,-1.17713206464708,-1.73700143072836
0.702642479023429,0.679732117599819,1.30574888825082
0.846078180713493,1.29816334746934,0.80228749987818
-0.424988809951574,0.0973061348827529,1.95510209613952
1.04517091540094,1.36204920672329,0.767741782244765
-0.35508164697461,0.876378202481434,-0.359981471633869
-0.587912336127519,0.168047555897306,0.268847703292443
-2.05753382519586,0.24132900176447,-1.8770127521231
-0.341261240425865,-1.49723347462757,4.53219888580343
-0.506607063729436,0.827869710111236,-0.759272115383246
-0.45323642861488,-0.5595818710001,2.48881533281325
0.134455447308443,-0.444761257962962,-0.119277938536581
0.705355475108811,0.486694431642783,-1.55082392857216
0.745489049078113,0.683789261469995,4.77635282903387
1.5177676372602,0.460071131922464,-2.68259444616224
-0.156611132173022,0.255493045396165,0.322407899654211
-1.09599891779065,1.10242076126676,-3.32082620892724
0.970101659647875,-1.08348875477049,2.1128735230569
-0.251506899023824,0.460115095493782,0.972345119396215
-0.0710901672474078,-0.779008367407016,0.910788694083235
-0.132058017229341,-1.9479757509591,5.27569653465972
-0.285546985973464,-0.85384843870439,-0.836724803190331
1.08062636331051,-1.67905618344332,5.95508296313018
0.284582127323114,0.964021848170867,0.784220232302169
0.392411422426904,-0.169867191149052,-0.446941740731427
-1.81464705650846,0.103570541568213,-0.155294930519254
-0.190612911431507,-0.936175465050708,1.04165318984475
-0.201233265014401,-0.684703700692801,0.739752539968436
0.39810107613913,0.52469065633761,1.39036132749177
1.13475519440617,0.931830430022048,-5.7013476863181
0.0640281186512981,0.781161480882055,-1.94461789692718
1.13720738654618,0.781359452611933,-5.17608947717246
1.12700835601142,1.07843291336482,1.74348920612369
0.120203121602243,-0.287731261736421,2.83167450218369
-0.848469904387323,-0.172035578858282,1.40106080079597
1.87612138034042,0.434826566962252,0.703226322771882
-0.933239997023624,-1.28823392790458,3.80785615595499
1.35414522367198,-0.87337691106774,1.54404993240524
0.618761830390951,-0.786767375895912,2.21040312251156
-1.98051695954439,-0.752250410864131,0.786439902813635
0.937094149767219,-1.83842966796351,3.69429423874874
0.316833060539829,0.897641897145935,-1.50732856119818
0.536483426695998,0.194571010337263,3.18537987989217
0.102169805264903,0.201816794038217,-0.112812505887025
1.10318281889881,0.255945242821801,1.25417733959125
1.29541174037001,0.61256654543492,-1.78398104766603
-0.164659433390702,1.11949101372586,-5.87604569582372
-0.878876169765821,0.985065102223736,0.310365121217388
-0.169863069048644,-0.972221925361632,-1.27489739308186
0.695347185784623,0.71988399570174,3.20327182221215
-0.10690214205926,0.950773992498149,-2.61046798911205
-1.13804375061617,1.63843219650502,0.120422698632053
0.259080914511137,1.25598693365337,1.40358523948119
1.44431695095998,0.289958179782576,2.31008384263729
0.00156751429954536,0.466747541390766,0.160147695158311
-1.80390017187695,-0.206239209350613,6.68448272992149
1.82855073468841,-1.08323070958628,-0.518093924361162
-0.523401676709665,1.30194503886764,-2.22680550295255
-0.164808526449101,-0.0545990598392171,0.952286484296356
-0.172511636268607,-0.487056071340958,-3.69969199763752
-1.01967736774691,-0.437515917020085,-1.66091102892757
0.0839035263521923,0.766273613398819,2.47519800622317
2.39903884242612,1.39358556674509,2.99144491550679
0.267435343018348,0.0669536165812294,-0.0725189819186604
-0.604196026380856,-1.86361165553021,4.49162736997321
-0.456453519221653,0.145017853437185,4.69174360628558
-1.24638253257492,-1.56981117928795,4.63635962886073
-1.64923325094386,1.89776978759091,-1.32589321723608
-0.0761781035053676,-0.525422569639248,0.66163005224362
-0.295063024964965,-0.867440935525579,0.658387234513013
0.52706224181738,-1.59490971146296,4.65483468881051
1.19400132346935,0.356652231247615,-0.757149704383861
-0.060829803609982,-2.18167017078459,1.21437727634982
-0.0520324190852291,1.45610616864317,-1.91271416903662
0.573037074000449,0.249540806563342,0.614153123061917
1.17495485213013,-0.254843578854011,3.73448656249479
0.163013913435362,-1.07187558951627,3.63011131135775
0.9347114657999,-0.334328170327385,-1.52756816266081
0.249823950589837,-1.2474155992862,4.4105095880865
1.35564636886873,0.113386460059248,5.63185090694359
-0.301774573023612,0.285661952965925,3.33608159151113
-0.264513100783807,-0.200954964345867,0.84224677809767
1.87571567340363,1.17457299608934,0.637158796088599
-0.65942469686957,-2.20086805734833,5.94164937669444
-0.53220896554913,-0.98699260209168,3.03579285025011
-0.200456249607796,0.363993103788662,-0.712245585707897
-0.217434905117404,0.187700659136648,-0.732351345658764
0.530009220811332,0.0712872197067314,2.55550478273842
2.63554341711359,-0.808888815605257,0.253480835546374
-0.913921319809372,1.27145046905957,-3.37850759389077
-2.16789622566319,1.44459419161102,-1.89150305143157
-1.03657056505297,-0.929149896964417,-0.455180351809057
0.875571593883847,0.547689074708348,-0.229610780192989
-2.38099959547845,0.0031481013652111,-0.0709569179601788
1.3803274771907,0.875412002312513,-1.29762931986109
-1.36640291630513,0.832568718521121,-1.47085317159805
1.14044126755281,0.299274188910928,1.49625977250264
-0.659804734990743,-0.407531517986255,-0.0302842239354737
-1.08278831178516,2.21959918125828,-3.32552138506928
-0.0100935239491859,0.721457714289504,0.538446744279818
1.37430497389695,-0.283431547393529,3.05950892451762
-0.846840846147931,-0.515140747471133,2.91278022892227
0.0332253576305503,0.613326101920064,0.188804233779674
-2.0946726143256,-0.79705373952942,2.48950966557464
0.993588035475133,1.39094499909894,0.743675957480405
0.0452892709057295,-0.108396643965172,2.74100177714932
-0.162170854099873,-0.0180483519922455,-1.80519637602433
-1.0218140815371,-0.14778400785896,1.32668589005545
1.39239263564519,-1.01747974214164,1.05026656334399
0.725247223423625,-0.556949030094543,2.86701321964018
0.1050137222488,0.433283847838762,0.695976864720854
-0.0682018143147913,-0.33084296319763,0.228824975520312
0.529507853725605,0.88543759640598,2.15769642225269
-1.25994358368681,1.99343129620078,-2.7494113256595
2.02849678325754,-0.00281914025590891,2.64524585875824
-0.561395732789107,2.10745934628752,1.54686190533333
-0.134576421003906,0.373824605470978,-0.427665004441317
0.284405663479784,0.202971130562412,0.177855290189933
0.601901224601846,-1.09646726269383,7.59989892353575
-0.400856674058706,0.518242133367479,6.57771685907279
-0.537047977211928,0.132800163770019,-2.16440544101771
1.36036420604034,1.34038695123176,-2.62353666457998
-2.14486966734239,0.264390958511103,-4.56730228815091
0.338733385979435,1.01084731999488,0.562471895336648
3.32092554250323,-0.504566254376433,5.31710247757762
-1.34357837819207,-0.47902442541702,0.16466767794536
1.61397921913994,-0.358650371591263,3.39502102445495
0.523590287697881,1.53808377302134,-4.45238339204077
-0.264708482166281,-0.352445960599061,2.82633982866394
-0.449226153036179,1.32070180959563,0.396711907948153
-0.596736733534877,0.016718753095461,2.28154322963736
1.663871013307,-2.35017850768623,8.30158388137447
-2.0109694969009,0.0979288902719245,3.48606199354629
0.542504990043549,1.69696720128869,0.773774073495106
0.913216048995763,0.50665733576856,-1.56292065459031
0.826219846819549,-0.510419226189096,-1.88463944804183
-0.821383817102488,1.36014611913802,-3.96058905854118
-1.74353203705648,1.11229180833971,-0.515467745941994
-0.411909664082431,0.789996856530432,1.47969794494146
0.641397263715126,1.66553810141578,-2.12154105609458
-0.785782196578029,1.94032198647031,-2.69576816965618
-0.00110133169224847,0.40287495607633,0.0932499117210933
-1.7354378276024,-2.05699507064162,4.10467927522617
-0.533344717238165,-1.04737591050049,1.54358339458721
0.529439545250486,-0.889126169174595,3.49199766102227
-0.374378483629964,-1.31974456615826,1.91845395953755
-0.297051251001916,-0.0346836345608763,1.1230225075119
-0.940735667259161,0.113706675606143,4.17713061267441
2.75489124284316,-1.42122846910981,-0.0937828998421528
-1.53113797256895,0.589525996940726,-2.42591612510697
-0.207190863013705,1.0620030055434,-1.14368076834981
1.08249453346576,0.581677017720411,-1.94825638862654
-0.185812806032849,1.68393385023718,-1.93449515945132
-0.406338863730948,0.299983528122606,0.461485853984972
1.28976629518252,-0.422857152499161,0.863681044461631
1.57931560375108,0.234196801824278,-0.18951907385266
2.25802310544327,0.313205715334455,-0.977111719658019
-0.466521721549868,1.54795268390196,-0.479046997210359
1.75611133794087,0.595027591029567,-0.894651141253519
-0.251980036160066,0.83796790946325,1.11335533143399
-0.576538890299891,1.87084164180956,-1.76599675388175
1.39969857768772,-0.428515454936067,2.25610361721918
-1.23814025259467,-0.412517899129966,0.502720224510634
-0.241264381335214,1.27500804051142,-3.07918633418746
-1.04686995428527,1.03516655989284,-0.0455275002809519
-0.863408448232184,1.01866767297422,-0.442175868124409
-0.243180638917121,0.38119032295303,1.9648390245139
-0.539709384489132,-0.0817827865549509,-3.61735805893315
-0.436873639312954,2.01718363834164,-0.931116059290099
-0.529387818601913,0.358927844933322,-0.459116978605951
-0.730388667162557,-0.293923405927691,2.69827660956793
2.46840439296294,-1.91249312307924,3.25290150950021
-0.660395842692606,0.120804287931889,0.713533668003226
1.14324988145043,1.11832012838605,-1.07701343948316
0.277491121513337,1.93433517759426,-5.74782828865453
1.13870735252503,-0.437334188943946,-1.87504402582637
0.110485842176651,1.26152301037502,-2.15388755350591
-1.64582741062429,-0.0189034364928349,0.198954812687777
0.507652179582878,-0.656474443265534,1.6322153575538
-1.66889159344614,1.34900536558369,-6.1408738344291
1.28748569619129,-0.165244412186224,5.54781897360028
1.58853700816517,-0.757334062557125,2.51885754827238
0.875828337657656,0.368958798429854,0.340138203194717
-0.229908621109284,0.066629452646894,2.17338527652349
1.81041619631848,-0.431821783914,-0.150626323528476
0.45063033433992,0.369861004765329,-0.247073125083114
0.733483564145586,0.112786961662651,0.0155517018202083
-1.93934833385829,-0.467336709598337,0.878161371889962
-1.18862023390093,1.06677250307896,-3.68667600643807
-0.0974896858003514,0.521926320360328,0.197737984472327
1.10323549621194,-0.718733232863742,4.57274923774644
-0.972717998979323,0.709326376186006,-0.648455476956709
-0.286811946786058,-1.39491529029555,4.38053424736929
-1.22877735039601,0.893853369873902,1.519423740866
1.70621890189413,-0.872961738501271,3.85805084446642
0.734809744768248,0.658250589163606,-0.618936904029157
-0.298071056479757,0.354418011857363,2.01743567935251
-0.892824699944886,-1.0921621669805,2.78202549932665
-1.13402158066162,0.430137989824532,-0.961725165057702
-0.705268859937266,1.56987199895734,-1.52428287786579
0.14704117991678,-0.401165269565162,0.0807527560444288
1.1616806883229,0.0804519952241688,-2.24073951333219
-0.072723781863803,-0.856694866835884,1.49314143617254
-0.841986255001727,-2.14015879087449,5.60384156374218
-0.188033335411073,0.445194358724088,0.451660931340931
0.742455126069217,-0.217454301078445,-1.54169414518134
0.694402069953251,0.339650039453529,-1.38771642640728
0.582806472548778,0.503352978337724,2.85979518882839
-0.544834611182716,0.0417510701058983,0.314035779529943
0.0930258199746179,0.33596668917985,4.5666363282285
0.764488192996768,0.612700823488427,0.912923565181293
2.11234202567809,-0.167863142562112,0.605203059088271
0.0331828337790032,-1.75668937760094,4.43815848086465
1.26771001983204,-1.57505413347783,2.95721179328869
-2.00662879755588,1.16465294760541,3.9022918571226
-0.872211819283135,0.051117905836235,-3.71920659685689
-0.20106463300368,0.705060644399078,-0.494245468466462
-0.148465200090918,-0.977451459621016,1.66945366709484
0.5308113916282,0.898207141472799,-1.36735265402218
1.28408010594618,0.759309967457216,-2.68221566984252
0.443513849112427,1.54771865599118,-1.14832180041731
-0.404317274561142,0.220778535532209,2.08421265116177
0.545710650949621,1.63905057793744,-0.844301867036136
-0.810875080949276,-0.123675977486345,1.77785118867143
-0.189963556973451,0.9369845289561,-4.18131112153253
1.18848979581301,-0.59179608726992,3.50885446049343
-0.0775129683270594,-0.922978204703634,4.42915847184861
0.891649623657078,-0.679392277994948,4.32590236695441
0.203042649233182,0.0583532519560191,2.00073340566237
0.287408050551388,1.47356949254555,-1.8544255674799
-1.13894966399184,-1.50341263351897,4.26376795008728
2.31425135732922,-2.40370364808173,5.95643191613545
-1.31208542201314,1.52928792482286,0.354995572475823
0.262105325690666,-0.425442087144031,-0.150868160299254
-1.20074181747216,-1.09243831231931,7.22493926416843
0.142997833512833,-1.17761858560987,1.64613110832185
-0.76055875369995,0.134753153092131,-3.27133382744303
0.0342741716284954,2.16329414371475,-4.15313308518536
0.561527650903216,-0.626024820796119,2.58925449818847
0.585162864472084,-0.796233757933125,4.26817547398179
0.0678824502898251,-1.53655702733889,0.538754315087064
-0.0971369391281037,-1.99053840673357,2.13610111193423
-0.206853442612134,0.478744493829631,-0.805159998686674
1.93735464917313,0.589521019334776,2.54865339000486
-1.64470240758792,0.144168405532934,-0.791173308211721
-0.566979770931289,-0.31502054678786,1.59961817891929
-0.0110266549714383,-1.11975454931432,0.0104391600209306
-0.10043144087412,0.926769065691146,-1.07915721025312
0.460909109527363,-0.455346651579159,4.18405392786567
1.29154421747833,-0.0778330246822902,1.5959261901026
-0.539378055820191,-0.264392350079246,0.992991905856338
0.128210621397161,-0.564483972336786,1.21308963873242
0.0628315331008521,-1.87079913974879,4.34099372776187
0.156659218060779,-1.12417794574075,2.63004483397515
0.265693774732404,1.22961083535325,-3.7312487236655
-0.883683805127449,0.526989917760761,0.0133884822727511
-1.1099020977142,0.715605381847934,-1.88002006522989
-1.19622368693179,1.53886284661978,-3.57202401206487
-1.49663883737364,1.62428194265652,0.442913723271886
-0.760647929480277,-0.830936551018571,4.83100026672354
-0.251913806354906,0.751856657163332,4.12617889796844
1.31452811209584,1.26328645406147,1.59846095687528
0.244229847808648,-1.37061654074608,9.50638884944594
-0.418485663326203,-0.116850928459575,-2.2432065445144
1.0331715563115,-3.73103867716691,6.04241241988064
-1.19546896673072,-0.27128355497912,1.23024145319873
-0.762213084206403,-0.924135078893296,1.95998097975353
0.74651760747643,-0.0898043049620255,5.36950482741127
0.0173675965908633,0.159096699283272,-0.66803528183536
-0.881796450439837,0.904919296881231,1.98254704859012
-0.292867067374603,0.702883938165593,-2.99283525404644
-1.24752379596411,-1.97769782684831,6.24139651011912
1.46094224252193,0.80111990297216,0.239191634107083
2.03481825420273,-0.0456770738542235,-0.118571641723724
0.440721167057793,0.691423066779648,0.44866535812248
0.546407288393634,0.0143890130028055,1.14449221777593
-0.120375630662947,-1.54458572525637,2.35932167598347
0.231300759928725,-1.29148139027086,1.16189717714884
-1.20336861635577,-0.955233099568517,0.262643198737932
-0.17987475701226,1.21551986315684,1.08339759043278
0.846067304955602,-0.882369522140713,2.84212106701035
0.159461409949047,-0.247749526086088,4.42409871041316
-2.00492668351339,-0.138820942040819,1.59699212918468
2.07796638277473,-0.539293042808196,2.93030839928303
-0.655657285651558,-1.51965813691091,3.34732175718326
0.255258448114851,-0.0787914916680423,2.75224917033781
-0.0730127101574126,0.316619310626522,0.071362402414968
2.02653034687445,-1.47282342679422,2.06877217029046
-0.661693484103758,-1.4283464121638,3.64912700739427
-1.33074356647468,0.0621321286223984,-0.404651533202164
0.566814783788094,-0.120211469267142,1.75134100817718
-1.37124262760098,1.96338769263763,0.352280443794116
-0.437310774950958,-1.31550096426322,5.23521863618651
0.958565344562996,-0.9871164711593,7.9232103081086
0.227104566977072,3.06219252967885,-1.82603625267208
-0.222394716611857,-0.606046959108204,1.8536082703952
0.77328808500725,-0.422764424101655,4.71848477729719
-0.535642951745404,-0.264748702446992,0.559759977660922
0.844758879783887,-0.575856540899347,4.79711997294277
-0.873109801166537,1.37737382200508,-3.03119333280621
-0.109561650262525,0.59311056855312,-3.08976381594065
-0.809450332975976,2.06363422619939,-5.69461113320713
0.201651190750027,-0.0887873667294789,-0.722447290761968
-0.523006133196944,1.3043904158631,-1.23595348882359
0.938517527360223,-0.409342067100093,3.08348905989164
0.83883319727122,1.21649270552281,-0.617473262692787
0.580264278791565,-0.747088444309895,0.265128285281424
-0.0550243109515945,-0.282477275627285,-0.265854532096965
-1.00485375013393,0.807291760502313,-2.67423709866561
1.69724035048698,-1.19700650827113,4.56192240775202
-0.235571508808973,0.590960734207078,4.16968322501603
0.432655525922157,-0.724429074966269,3.06808868513999
0.0281950001325427,-1.55203080311646,5.63202778586999
-0.858072278041386,1.21534792667431,-5.94665559940552
-1.1451345462499,1.56642063578621,-1.3115561827279
0.182031222430719,-0.833060748299966,1.30151041586067
-0.370269659577333,-0.761681735049046,3.78300992787882
-0.0942327933754009,-0.102554054983749,-3.79369427307535
-1.76090641054571,1.79878062111277,-0.123659587711919
0.882256335071692,0.654924959747735,0.81706452018956
0.708989807705633,-0.306554848931984,2.95447782809109
-0.340986003069548,-1.34738112601561,3.91396919275399
-0.32822344430093,-2.11201438800766,2.81577270576693
-0.720882784360128,-0.342029141377826,2.56818613806174
2.30048792851283,-1.26737925356647,4.50353359122559
0.767228462841304,1.00630057106438,0.639103481242659
-1.46450953571512,0.169224598524123,3.75270653495274
-1.66384468543863,-0.554592280197704,2.39716932770728
0.476987686580561,-1.52898980299374,3.96451788852363
-0.634241390019156,0.954554291959496,-3.11548470789005
1.15866630602096,-0.537466550611208,3.33702317163103
-0.695437167203454,-1.58316880235003,1.94125425556032
0.139056054652128,1.52781318424185,-0.535345454736718
-0.0126748693359774,-0.709426362896597,5.53071464538553
0.386334984804188,1.4481787846775,-1.67440021928716
0.777517472862072,-0.188628288753595,4.20793772130461
-1.11561041097391,-1.4752373492477,1.29453025096397
0.218631068926375,-0.408636959983442,1.68745576608443
0.473274237439636,-1.21530995069428,0.579333854757118
-1.65902378823704,-0.00554791915399606,-0.372655203503192
-1.47942760395367,0.729005608495602,0.827059626511924
1.89198659881722,0.551924757377761,-0.0654363498466943
-0.157993872306737,-0.392605188617034,0.466767580537872
0.0565857630906892,0.546303691169644,0.516057525078198
-0.0936039976858435,0.908156727575596,0.394510283808593
0.299554948962547,1.44108749973789,-0.252529251561683
0.0282881859439085,0.337764184187529,-1.5260026297049
0.242721534366995,0.810527425052874,-0.833917361066243
0.344141086332566,0.323232096529844,-0.0377976902056252
-0.452589693884072,-0.837189318425867,-2.38200313536118
-1.16464444503225,-0.678498672462077,1.99496742371484
0.14966176607323,-1.50978612565767,2.37490874734235
-1.21946256171841,-0.298437547366392,0.593765439884946
1.30547128407827,1.43531302290569,1.22869769791641
-1.178071220111,-1.33948930655083,2.26117881800232
-0.627146894187859,-0.854201983572507,0.474429586449596
-1.95498585681706,0.974978932652713,-0.437248356157547
-2.60955713390171,0.679450024006992,0.34750251224953
1.09691667305488,-0.638545833684717,4.41188427594544
0.320128315332203,1.39721529642757,3.09609222915793
-0.506461850287049,0.728839818088018,0.286286184178514
1.24987578294427,1.06943499721528,3.82086884406269
-0.980569120435391,-1.55474695922202,1.22730990581326
-0.713124343190811,-0.237426232504634,2.97950812939309
0.716178497440101,1.09777935511813,-0.736582791372789
0.846037254969629,-0.7884136053498,2.61608844706489
1.28846077594495,-1.41701229983737,5.13835376862097
-1.30322136562576,1.7409342901748,0.305278259363035
0.785253133035115,1.60554470009653,0.943279265576622
-0.307299047579842,0.868517144152499,-0.814203127692504
1.338753379967,-1.51177114610351,-1.09265015107454
-0.58555936886014,-0.76819882482113,0.149361907689612
1.95507381957589,0.64384531706794,1.41177356140382
1.19066020858405,-0.133684657507456,0.535357302805646
2.1615345983072,-0.185683373952764,1.5985536381496
-0.639801233613599,-0.700347078709239,2.52930680315272
-0.219004381365487,-0.38823682043424,2.44075620925924
-0.226224969304938,-0.531402691212502,5.48573322718631
-1.08924939870799,0.427784124012572,0.522661582410425
1.82000298458944,-1.50155870193562,-2.67618971466372
0.485142735460652,-0.631091873719081,4.68083357541329
-1.95747848320722,-1.72292045615187,4.13707877960926
0.228776659403472,0.945821757696832,0.714571300426441
0.752200185745331,-0.454267405695073,-0.226821159284929
-0.965810834107031,-0.859577409878053,1.30791288161827
-0.103447104616639,-1.80313797326331,-0.98406562107724
-0.829465900033574,-1.80907380253422,2.23333672202359
-0.559188277828341,0.252015788454078,1.33045773796955
0.599356961500988,0.241480115826768,2.36623991438961
-0.384965188841896,-2.22468600139882,4.79357268041113
1.99605274066866,0.0726655606102666,-1.00697343822914
-0.582839302516596,1.58613142823052,-2.05532700418331
0.617864936108772,1.4432002330708,0.537906157811867
1.18569441748852,-0.47444224620857,-1.53631425403144
0.729045884977173,-1.60612452927522,3.77601066352031
-0.409513440066744,-1.44605527779689,2.54636491007806
-1.38727134068128,-0.00096079630831612,4.66815864104176
0.813928708953369,0.795113813443629,-3.33159387801344
-1.59753789937927,-0.249702739910294,1.8457527414659
0.313335091935271,0.823513239892605,-2.63257379103296
0.187702670659297,1.06464769567427,-0.0215797694750898
0.287074085302073,1.3315481096383,-0.10704438923691
-0.333321206757073,-0.149360372650317,3.28028338038783
-0.650175804460363,0.321758759929577,-3.06998961689536
1.00550610653389,-1.616329079782,4.64120160308999
-0.0866144999306854,-1.10991662967745,5.88869318553595
-1.06519271805173,-0.750174084143529,-2.88311538322608
-1.00348080526316,0.369573412506495,-1.25351320428785
0.099716417861255,-0.11077611220698,0.160362056792092
-2.9639335886209,-0.544474245744261,7.99067542506983
0.415873474995528,0.867013749306003,-4.81270381219284
-0.542042721927787,-0.21831810794653,-3.95066827490164
-0.618914568460261,-1.11377363939879,3.86162980555795
-0.495261795820258,0.608715426758224,2.4615336592762
0.359112875737934,-0.121228647258343,0.111707957503009
-0.768377427427238,0.559817728233831,1.2614701481385
1.22803856037768,-0.69702094697624,5.732126374343
-1.65738604743136,-0.24841185521586,1.45473352367436
-0.238836187800662,0.805148305768233,-3.06722974250682
-1.65509681080866,-1.01682515344595,-3.17122010021417
1.26144296284001,0.082631571927589,2.20432742492465
-0.265625420833626,0.659880869431766,-0.592535794363312
-0.958807510744178,0.0264109251277814,-3.08719270537216
-1.11032927528921,1.05365221462595,-3.18208642294917
0.661043603888176,1.00141137102967,-3.00003169265525
0.903636314815418,0.241007805723832,-0.098447566718985
1.36259765320441,-0.921776157521839,-0.463442831029483
0.601895815293736,-0.925494379233625,1.13866465014453
0.0954903534592661,0.68643712615099,-1.29894266164944
0.494170097793144,-0.818183316209499,2.5209337334719
1.82742153665326,0.254058730149434,-1.51537813729707
1.57969762918134,0.636826384669682,-1.51984445515991
0.59003386746769,0.235546703220036,1.55264393183008
-0.115130354204074,-0.286581765431503,0.105048687973744
0.440858789654258,0.127616817009284,4.70829660054968
1.03337107374502,-0.745679100414643,0.410504467863295
-1.27045392620011,-0.582455918854894,-2.09879417080914
0.979223245523096,-0.255898311727471,4.14047752547861
1.00028958658853,1.27036392642631,-2.63905748246731
-0.937584539869714,0.143064575535993,0.535259922634209
1.52196700336336,-1.46402820535453,4.20658388151987
1.04384206950926,-1.20483861228158,-2.21388022497309
-3.02364472024684,0.0733703329265756,-1.07661218086288
-1.05337169194292,-0.507888642377298,2.9399874176756
-0.237111082045158,0.465643331539631,-0.935830569507886
0.527168688321145,0.529253788318955,0.179240879048659
-0.51120296792052,0.542879223377018,4.74389243310424
-1.910176325179,1.54796690159085,1.85559014270664
0.308730970003544,-0.898472676467456,3.45146210677741
1.12873547345648,-0.137249045325892,1.74073863195413
0.906349353645935,-0.0190447187104147,4.53831238409803
1.43831217868875,1.28044835728056,2.1921419146967
0.21504905972273,-0.540612560189275,2.79915978336951
-1.70621064944359,-1.29704785878536,-3.16196939188705
0.268725693445757,-1.53018896621817,4.60495704314844
-1.09308205217187,-1.62308154201942,0.727711126927792
0.812187016328794,-1.17785664879138,0.455821930522594
0.753224837500053,-1.56736612270874,1.06757495804232
-0.066845450499872,-0.24204619933519,-0.792221037007538
-1.14500135299787,1.76520906900019,0.292948338755878
1.50684134995784,1.04480575166407,-2.79740790499091
-0.144340030429874,1.31426714190465,-1.55100501236487
0.781065358733884,-0.126322380901591,1.20248743347859
-0.435685798373194,1.08749857732114,-4.41651493594236
-1.40729123608092,1.86502782986635,0.364065682622849
1.08404409477274,-0.201701230284267,1.64897099278988
0.293044657688621,-0.324799138092744,0.671811959424404
0.793845005536274,-0.171574952245214,7.09032312199996
-0.15588458040544,1.51193729233921,-4.74175094820473
0.487449235767439,-1.87095349493021,-2.97656302967507
-0.987903089238932,1.11625083457096,-1.75075529371188
-0.921696614859916,1.48335396850516,-1.65619483912
-0.0988282623522821,1.86964108191742,-3.78374345203575
-1.0325450292609,0.168164663540897,2.07162441845111
0.101580813056383,1.18130557297739,-3.09911664562994
0.254839750819514,-0.00291571183804176,1.11778580984568
0.226543802236321,0.776830966747441,1.69513804196894
0.452660264494095,0.526504469574428,1.4012846901458
-0.173203132900378,0.193529369488388,-0.441733790168878
-1.69898887022849,-0.331183009261785,-1.53805631792112
-0.719423627867223,-0.0316939858347767,-2.98919525734287
-1.50460039101473,-0.990000386798223,1.62810362063834
-1.15358323272985,-1.29310322828807,2.44936690283315
1.05573335310171,0.439289577928422,-1.7889880213268
0.640767200707939,1.18985978990538,2.49318144273137
1.59654996586962,-0.189561668012245,3.47672364615207
-1.102255652988,0.594353072573863,-2.68754551275114
-1.1394271492979,0.0696815349631404,0.412822011274873
-0.56466056146927,1.11673505583384,-2.64674811093296
0.547479299189678,-1.92459892588093,4.07880344651816
0.742063406953137,0.0380462535396773,-2.24621677440392
0.75247815940288,-1.09578103822219,0.625357138040988
-0.148484890298626,-1.52282258993294,4.99360384703844
2.21064352052494,0.887605479778273,1.79899739535365
0.687783559421243,-1.38358991560905,0.962618542729274
-0.800096224986017,0.441349825133795,2.33440762740053
-0.40701731509643,-1.12588116358215,-0.367732326278893
0.913980681090883,-0.801288892274824,0.487798939132416
-0.599170270433703,-1.62311575494439,2.44474248591969
1.36673552523009,0.275100784837042,1.0216939795234
0.382858327613378,0.0754259235617216,1.70188047319395
0.534149752617247,0.805194105857472,1.33158536037635
0.00569906521683874,0.158418181798064,1.12287991876033
0.339575168784537,0.162772434292566,1.43591465163566
1.55274799875665,2.06108978268575,-2.04926276784363
0.0840138982731544,0.637610452030719,-0.467313546968369
0.677409958840794,0.0732056525052349,-1.12685970954679
0.0615368389189588,-0.863498900479151,3.39808387413031
0.16252769299433,-0.412974752587669,-1.33334375219095
-1.15958856484328,1.7884344199969,1.76595368508204
-1.57573463744016,0.27773675795303,1.76594238681808
0.211205717649576,0.251299040262729,-1.46355688583733
-2.23915312031046,0.165730562108713,-2.23608534937533
-1.80779620851572,-1.63422081810277,0.920989285647303
0.519844715483302,0.670783323482345,1.9356977718266
1.40688399827958,-0.0693189024974718,5.15104561648648
-1.0218029781622,-0.219763569472417,-1.23337349052113
-0.619242620691895,-1.89860882956485,5.1495865588248
-0.68722139390188,-1.01486815845708,5.59830240526569
0.577822255181616,-0.934910770853231,4.02105190047547
-0.841615772769516,-0.128327920396414,-1.86413534564806
2.44176329572053,0.546904372335976,3.7805666629266
0.204987368923495,-0.298770334387546,-0.211498508762896
0.915303366357542,0.263843748111321,1.09280849107009
1.94949997423393,-0.343358405191688,6.54463304156674
-0.7143541868518,-1.61645519210176,6.90734258379317
-0.198373532352086,0.46620793386644,4.62368467909681
0.351806187288258,-1.8677065531042,4.08542796284259
-1.06029154683372,1.37985142280879,-5.06522071017541
-0.329776705142745,1.23217990820964,4.11227672376721
2.07628039103088,1.27371956008469,5.16183775256459
-0.39614684341606,0.646399703711136,-2.24353351803606
-0.478169638577407,-0.0502872973473984,0.0620231750127885
1.04403981397004,0.882777356285815,-3.0323636559265
0.627611053996735,0.372940729095666,2.35020511877899
1.03334008450795,0.54519431641119,1.34110850070896
0.65374456506547,0.749976416964102,3.01642522848656
-0.749850426280279,-0.658555702050028,2.80245611241769
0.22048779268973,-1.03934974629544,4.10860082770739
0.779715412780234,1.05290397194463,0.716320305267345
-2.00447743516114,0.20169318175056,3.71877638933577
-0.131922086793954,-0.828094682555591,-0.94305380316752
1.39754337575628,-2.28194916218894,1.26382328687671
0.832811285071558,1.52825812857848,3.61123136792395
-1.82441277483021,-1.79010970256994,0.592574827292993
-0.209069436140475,-0.40249261264188,4.47571658838991
1.26537989961325,0.56830970072417,2.29249432505719
0.251425865760487,-0.951318953223202,-0.0187996252023046
0.606907140891507,0.311292495249048,-1.65508203187895
0.637026693204239,0.754022101282803,-0.0247915078757095
0.309189777941196,-1.52395072420637,1.64441797681843
1.04774838625597,0.625292227032259,-3.14508434556516
-1.13707771088867,0.258327057259769,-2.21407512869152
-0.771253412045053,-1.01789612185014,4.10941847689157
1.54050235738993,-0.74028240058521,2.15348808211678
-0.725926084585007,-0.682300586877654,4.9397439665092
-1.11992908671785,0.523014275780252,-3.57440694081304
-1.3914850758173,-0.801888270309405,3.97305693320323
-0.0226139309664108,-1.1855341104634,4.04134015509201
-0.63131494384617,0.512286100114008,-2.60009533871937
1.63977972405717,-0.289400495470272,4.64984703962275
0.536934501679175,-1.8851637755463,6.13843688884989
-0.849823511704531,1.03877110809375,1.38742905211024
-1.18312158714708,1.18601526686799,1.13216591476624
-0.801555879841519,0.40555101981964,-1.91320423578918
-0.558816648626091,-0.180737253201788,-1.24140614867902
1.21813281245826,-0.717491060965908,-4.4491309943149
0.191433324838127,-0.316634851199266,1.29212333759841
-0.666673873258269,-0.932952153827761,-0.155811293917407
-1.71802968354429,-1.12002214939689,2.77542982505309
-0.992107956308055,-0.0103612573598191,3.17084074438134
-0.907304162972299,-1.32597370475627,1.31762165655126
0.212928145084045,-0.32376783447228,3.98187582582743
-0.308543403113201,0.523330975953777,2.71608777975004
0.23192643587559,-1.03977396291661,2.57633781105138
0.356461575086951,-0.90646608935679,0.66221087657399
0.254001925440363,-0.00205908598996087,1.56116544930864
0.612391410599991,-0.237616791314867,2.51018515633641
-0.434728505226846,1.09834635213911,0.0607863965844837
-0.415991171687093,-0.0954738312136909,2.66771113361946
-0.579213552909168,-0.143651601537148,3.61246272994599
0.498767146684296,0.199081219966106,3.62061483084437
-0.524980047440041,-0.480432110380824,1.61710471465104
1.65200180376244,0.0736675458756928,0.283361676868072
-1.16860884522315,-0.289385811725547,1.1027387442263
-0.516056253966574,0.306514088085839,1.59296424701716
-1.71600399358124,-1.22398273889955,2.88641241413556
-0.432620770718772,0.844037297420367,2.02177258018391
-0.848456857425215,0.880398253420307,2.18225159294501
1.86375138553673,-1.80520280017988,6.90171406073652
-0.965366275324951,-0.694473664469151,1.33982112422357
-0.0192448578468465,0.0627098420929764,-2.64587294030933
1.62926995897204,0.487251220015481,-6.03615064677418
1.40190251649914,0.957150982028388,-1.1436225865527
-1.52842120013387,-0.837087061931302,2.83662242616065
0.718128543440994,0.151236462801681,1.42039392007636
-0.0027067471747373,0.39324422193128,-0.447160099272652
-1.16490180489278,-0.573127638912247,6.22980841248881
-1.48994604204034,-0.431062246086609,1.45936410661497
-0.436550051364226,0.0908989909797448,0.611313325976685
-0.140907141560166,0.759683630132405,-0.130026372286604
1.00509952093907,0.798352233124705,6.23337611764485
-0.478543579791648,-0.30161225393812,-1.50868299307115
-0.803098895620848,-1.76889038336301,2.8550442196419
-0.880106982679555,-1.29815896219341,0.536220806645806
-1.32428037647232,0.205159085846247,2.907569140284
-0.414762337237158,0.685842111930494,-0.612963786051817
-0.564113993751144,-0.88764572929715,1.48332686815588
-2.65508495666481,0.349001518276526,0.608160902736503
-0.506825083980949,0.266823862582465,0.838976789438335
0.247065687046506,1.71392504179876,1.13537282858584
0.867824378209926,-0.342174053765596,6.06865416297324
-1.00612784598529,0.54278104316842,1.57666379661307
-0.893329892834103,-1.94577294604549,2.6817934187711
1.44875295376958,-0.700231215120551,5.59812468138065
-0.775946764508435,-0.262637139391801,-0.228735190940339
0.335781158701064,-0.057861717661847,-3.412232438805
-0.570018776008262,0.811899298093224,1.26769407659751
0.0141312523884745,0.496544451366142,0.308068256753475
1.3917937706986,0.623484135913025,3.61589931293171
1.17541946018894,-0.654751895058383,-0.650789227334223
0.535132981304503,0.335176596995268,-1.12877805591853
-1.43392821410544,-1.75580041900587,6.97441216919809
1.34304541070388,-0.355871773702524,3.01389547223154
0.814135255873123,0.035102365953145,-1.4288635394183
1.32644328626533,1.60094600267414,-0.90289728804749
-2.46286682143812,-0.606655257541574,5.03951889268618
1.91119966213361,0.117259192749377,-1.30769506456489
0.0743695696832579,-0.0589926628614557,-1.53319214069784
1.04292696354786,-0.231504542169818,1.57380320262835
-1.11658636357698,-0.621409151073965,1.34060951593714
-0.475384870630747,0.405850250725331,0.0244403720007556
0.449989454685795,1.8369166824687,-0.946682000741964
0.213276719203438,-0.547275098343721,6.68511560157602
0.0970077175438847,-0.645394025456912,1.44025790452357
0.483785286884175,-0.130979623633393,2.39564394941152
0.191237965371139,-2.10907784826699,0.931918677286671
0.728420159028518,-0.0105430534959529,1.18406540218342
0.0717219060242439,1.36341821432691,-0.0813182235886553
0.928332192663847,-0.952008376082604,2.22396393055348
-0.955660025100587,-1.58476478066522,3.20174963982073
0.0742808059529258,-0.36271306267884,2.60837088515862
0.287118518903952,1.92107307979771,-0.0551876146838477
1.45572052818775,-0.268920690176065,-1.82054924440141
1.35416874892157,0.136831184358762,-1.34056688896313
0.335246807709164,-0.77401876236873,2.38164614267456
-0.222898152647486,-1.92165672739493,3.72217064640359
2.64796248709754,-0.453959392242234,2.93584680589146
1.64085981987679,-1.35095202685043,4.44979937367509
-2.15766330200255,0.147092642979031,0.521297754027148
-0.173433939303648,-0.345784914700377,2.4790652473862
1.21552821978952,-0.0699666777723629,-0.0984748419529611
-0.302677798093171,0.425554541274639,-1.50579514180079
-0.762021664137777,0.946695835890903,-6.3104584544191
-1.82985849104366,0.123161727617436,-0.423828955477103
0.980098902205331,0.774136287728948,2.07053708065714
1.56932632265225,0.816908076382177,1.11530624692076
0.181300146757969,-0.145656275906483,3.28608316094365
-0.772809909864697,-0.18142988127903,0.249760164259424
0.09099898291984,-0.720883538414065,2.21618748111814
-1.12065431196661,0.745093758954384,0.510943822969717
0.0521537317522463,1.86976313391739,-0.593179096702046
1.44195093638838,0.379743828578239,-0.729017365064432
0.244271419725575,0.452258231782194,-2.81153267595619
1.2798861971368,-0.550428388770016,1.53529531908107
1.42165354239833,0.567884016425529,1.32069231164142
-0.498750306755178,1.07414644073516,-1.81825269579146
0.749138538998234,-1.87071299911769,7.24647003164669
-0.260628973776067,1.54476523101983,-5.48615135944543
-0.361831158458295,-0.0958361852185993,0.846644728286956
2.27312877284264,-0.296841575878355,7.69044576026287
-0.397493878644691,-0.821420712774059,4.0829105807745
0.315388857197234,-0.536537297493778,-1.70368401184676
-1.66957026659032,-0.57414573932925,1.43568500865942
0.306392883920455,-2.98181965117843,2.2404966559594
-0.279104382092308,0.198100362054377,-1.73260452628934
-0.358671796294971,0.269806794144849,1.37162523437064
1.9509253028863,1.2465428676543,1.59717487963141
-0.888202268495106,0.615101335797157,3.13164992627614
-0.327420036584657,0.459063592881339,-2.1025825624684
0.0873863034537789,2.01095412446805,-0.994456749916833
0.0945166061995443,-0.533968161754627,0.282746362049912
0.532655225047192,-1.62220935957473,-1.12986973480781
0.856589719153246,-1.09516553979177,1.14245678070678
-0.408959383097817,-0.031172363871992,4.1687202102337
0.721728223633669,-0.337634562959133,4.99976631993668
-0.326650218924738,-1.23720711492267,2.36994991033724
-0.11642222262937,-0.141986942607138,-0.964232393240113
-1.18524352448867,-1.08204296808632,2.50134813949731
1.37438647437424,0.368414219626706,-1.28994919241792
-0.963600341402711,-0.131389359679176,5.82573700387454
-0.165949757725602,0.294612471668072,-0.663263197548873
-1.0864775318694,1.26235218992721,-1.93168763267461
1.47597485401268,-0.533198780207687,1.14172398190174
0.581983091891045,1.05386217028542,-1.53466176062178
0.960161617650216,1.4256606490716,-1.09873568300048
1.20454048135463,-0.883034863593422,9.06382388895716
1.34896949930892,0.335127081655042,2.73681174871522
-0.972336286046619,-0.0887882087262575,2.76842651343069
-0.658938409863968,0.791713621697589,2.10877582045664
-3.24689382946207,-1.1343568029965,-2.31502817182118
-0.550843624127546,1.73238483100402,-0.0231488873528727
0.0240448187399128,-0.121447288652666,2.09872510292352
-0.575254447470535,-1.81990838238177,2.44139390488215
0.335194308851427,-0.938255369236025,3.72660411588728
1.04262261156756,-1.40859624654518,5.42688977134025
0.340448160314289,0.885396728080026,-1.74941464974859
0.180715335796885,0.755179394786639,0.0521770689756506
-0.369759042233716,-1.22700607406895,2.63771008880111
1.57737465890473,0.417672452984638,4.23850597517299
-2.19374500119553,0.340662293884267,-2.3910635576925
0.24773739924861,-0.0850124612171907,0.706310241232951
0.5725303554146,2.55025631088519,-2.10131907675525
0.571480277994618,0.900747344569267,1.39884732951038
-0.0555134955465497,1.25975727537185,0.891961741265714
-0.492575900817848,-1.15725214541336,1.75235178235842
-1.26372140643368,-0.621780106838985,-0.229592677797347
-0.671351855910936,0.349815420366885,2.0369104813121
0.665283014600134,-0.756580130813184,1.22777008048093
0.0221885535915681,0.0132685460224785,0.18154540992102
0.190719271025851,-0.0358066121706228,0.218595409744168
1.18452343849604,0.74805749395894,-1.79489406748913
-0.232364267033368,1.19302642414617,-0.481240967147415
-0.739838949484284,-2.52498252900838,6.61085513532344
-0.998092535699739,-1.4298251638529,4.52448733763466
0.634885410210047,0.143103097502193,0.549717607723324
-0.100971645187318,-0.31019489558347,2.14399286558941
-0.610933381919408,0.0433955309724544,-1.43725339184807
0.372981773601711,0.13607398542846,0.0132300396031256
-0.11027991559489,0.516629738273369,-1.4871640907973
1.43638090436479,-0.165609626617964,0.904782410640661
0.355136061307837,-2.33585588846339,2.53624257749954
1.06001319247961,0.0880326509901143,0.473352599592738
-0.952288385080944,-0.543665660129724,1.54032841260738
1.85509403703679,1.75666318127146,-0.623485297210819
0.649204400559415,0.767558838530817,-2.90786972749717
-1.48455119252835,0.687519769383355,-1.09923266159362
-0.555639573456854,-0.723331225524651,0.126262326592578
0.415045318595872,0.20477867069412,-0.683216149824384
1.82911656661754,0.679582846170816,3.23619589201196
-0.138922180233199,1.83778888125736,-2.08127654107137
-0.927468711169904,-0.168076778080772,-0.12143244946059
0.146939060489446,-0.685519729543761,2.57160837501724
-0.716839627186875,-0.261941246152499,1.10708397520734
0.639367425562837,-0.599115558998919,4.55964584575823
-0.634946208653918,0.516170092932183,-2.09063728234716
0.883831548267677,-0.82937141517158,4.7823148890254
0.332119344864363,0.209932482148025,4.35192549309941
1.08864500342417,0.880380194982548,-0.00987719797920396
-2.14409135343665,0.858077734275327,-1.86455775102877
-0.593679847080054,0.287588026301816,-0.589851855355908
-1.21133491026137,0.545406655560978,4.24147847948417
-0.48390886513156,0.245379810251728,1.97536533679526
0.559321601615283,-1.30211788151214,5.31374634280265
1.50532763041383,0.0675359636482947,2.75014720906342
1.46634592398617,0.897518970752315,-1.2118245245701
-0.0201569921334441,0.147031419580089,2.9956159903675
-0.925856320068967,-0.239036708246301,9.93287462847354
0.344684469117365,-0.18857067797125,1.5175653158304
0.173989692759053,-1.56472576741568,2.16708657146097
-0.205257195437607,0.895315434456054,-0.168674121409864
-1.22681809770229,-0.742101501675599,3.87445077721992
-0.924959976437774,-0.740297027778041,4.04023144268045
-0.950803798036676,1.4408894002994,-2.56138673196317
0.194793666677349,1.95556891965831,-4.17921673341443
-0.711836591248819,1.38208526299177,-3.33547139404096
1.26491483867344,1.43911537282399,1.46703671772526
0.128028416139524,-0.0676167638299578,0.937800855812645
-0.405437926841154,-0.259379697414508,1.28091178095765
1.50066702161715,1.10933883323717,3.17637847200161
-0.0221286961950184,0.892993754706138,1.04588472578692
-0.996873377530023,-0.741823467456518,4.36388884401475
-0.413268092862779,-0.500116145364797,1.95172343206683
0.314805429145066,1.1282366820004,-2.05634323696987
0.21668971837415,0.115559115813439,0.0184862908740312
-0.258073607950553,-0.929915013771553,4.61814077578206
-0.108409156731403,-0.0213672436986569,3.81780021274383
0.382073466463926,-0.72279807440592,6.14713728845278
-0.860144575187538,-0.747979135896458,1.87033914309469
-0.389098078557996,0.0444177617791234,0.595518550240658
-1.73346005929103,-2.00940861602518,5.55359936821823
-1.90283161330187,0.477489309982016,-1.81559382996419
-0.763589951150087,-0.165112589565638,0.296811669054696
1.53287847840018,0.918964372974177,-4.03991619588475
-0.542739186702677,-0.391486234077741,-0.501052936000749
0.671411325503292,-0.433434094160919,-2.29203797096374
0.751943643647515,-1.60997855825207,3.03880046568832
-1.24956748998073,1.34777433641053,-5.20150433060586
0.209119756373958,1.47487238740956,-4.58709589541304
-1.35960556490132,-1.35786953753854,2.89266007938142
1.52016797555453,0.850966668767917,5.55663217727054
-1.1815816395824,0.256056090501219,-1.21955252738034
-1.98781235440732,1.11764681334278,-0.831719371830654
0.336369449521409,0.786271426401057,6.14692716779922
-1.27434504044541,-0.711084019994407,4.42115354667952
1.06424752470151,-0.316455892830702,-0.552309904739777
-0.819687739793814,1.12165703121644,-2.64020733381679
1.66709398949518,0.83637429305594,-0.719283729856464
0.112737579617515,-0.294931541692605,0.988345016975686
-1.11576373435165,0.368253873197948,0.569021351874272
0.367372289217709,-0.0200967883330507,1.20318514203606
-0.850699965963944,-1.13417868929158,5.32999356874707
0.988667541704732,-0.389274912023819,5.62390130766311
-0.556547356387952,-0.918742037124341,2.37354428433262
1.22862562567535,0.00155791546929939,3.99677278359041
-0.316221162860816,-0.438033816077865,1.78742328700526
-2.41279465830459,-0.81617826879358,3.35871418245877
-0.581766690962772,-0.180099511700619,0.0760764247564036
-0.507507289920804,0.821071278150353,-2.17982645857159
-0.0890381303208974,1.94170008183218,-4.3696212663091
1.08357122846276,0.176512481768735,-2.36289372920488
-0.00437195478757126,1.44540308039417,1.9726616522631
-0.197409563073471,-0.261443621043516,2.34202250780842
0.735680235534987,0.387744993838705,2.25586457494328
1.99712259743217,1.02751243451564,0.257313994535617
-0.64967773725536,0.144240568616491,-2.15487836287946
-0.186607854682847,-1.27564049260827,4.1253302623665
-0.582798771723278,-0.685356835146825,2.92501118941586
0.134199961257536,-0.159416284706714,1.92836922067299
2.04699840060134,1.17423938801008,2.28444345865244
-1.4237954029829,0.317454683067057,-0.167908081519928
-0.95936301836879,1.09132564655025,-0.181175899521487
0.462145008246637,-0.330284223518929,-2.17402357611355
-1.5975305811961,-1.52218047025814,2.93192369763678
2.35883505423059,-1.7659884882352,1.91111356257447
1.97717721073795,0.959576211717581,-0.362119093316891
0.405159629670641,-0.815508087882949,2.67108721901137
-1.31766793053049,0.196132400462243,2.07995925956604
1.037590557448,-0.291206588714508,1.37694159285601
-2.01028419842399,-0.0560124086604676,-0.310935688727845
-0.478063604555207,-0.471151201729323,0.588699557565424
-0.082109516709276,-0.218884916656995,-0.816564332407026
1.72172916032196,-0.225428002847478,1.78815759235737
0.520639745908844,-0.706897958454028,4.41008526341414
-0.0100418498944928,0.531466770161791,-2.76286236689711
-0.419182053154314,0.937521964338607,-3.80751061968062
-1.17660065500275,-1.98030442444749,4.95161787972262
-0.330707603130417,0.288408400586226,-1.92155236288564
0.688924045700024,-0.379808729242481,-2.12327660684612
2.07587728941216,-2.05474407941366,0.726023919584798
0.35603058623603,-1.50161788917331,4.25113481675704
1.03883589264367,-0.622306683475757,3.00934077010546
-0.633457631760488,0.135337564501317,4.52107953751282
-1.06269811716555,0.414263758747817,1.5732033167542
0.359527271250575,-0.463303392590689,5.31406787985056
1.45040979991456,0.196163286865341,3.01404668688359
-1.03192992469165,-0.333379342353972,2.58548573508557
-0.427776878185202,-0.720926766166283,0.998977960844862
0.750001202174087,-0.399421715514409,4.25762468228149
0.40688999842954,-1.2953322579718,7.02878082054112
-0.114613304704165,2.11348677821848,-5.35626923945908
-0.683189583807406,0.156270967968389,1.91561455705596
1.1058594463472,0.642209041819857,-3.23934365695433
-0.0526032599993735,1.05934926645495,1.18355105229208
0.716171234290923,0.161206821631923,1.08455919887338
0.528831196455554,-0.403798359608064,3.18364847377519
-0.13985559801804,0.69208752785034,0.229181840215585
1.99719878935088,0.101937573983759,1.19658868311218
0.584067900448026,0.750905426126665,1.73361657916389
-0.434629667928728,0.806073430507934,1.37483554448149
-0.116599722068287,-0.156010965061735,0.875482524600884
0.365939647315753,-0.223604502323925,3.47929180375602
0.283779734758871,-0.775866534001166,-0.167803799337432
0.563870747384412,0.34137539690339,4.21083759865296
-0.613017561339955,-2.28651452320152,1.48278260001383
3.69710599164419,0.14445246022784,-1.65026044465993
2.31745705597419,0.0233581130978199,3.74805392849769
-0.164210737542907,-0.21518358105256,-1.59885464239527
0.09357456498288,0.326889362077592,-0.725376309544107
-0.712063006905216,1.24807905188515,-1.69267796005465
-0.329597765966558,0.457563623452739,0.18638976261051
-1.97841252155205,0.481167270174985,5.53974536956648
0.148477250715496,0.0740647057855627,-0.622331280378282
-0.828982380606873,0.831974760600079,-3.95006974019903
1.51016665703309,1.30082971428307,-1.5687705154391
0.443952679408676,0.678349322375656,-0.948223437979942
0.103209075075631,1.27743499546003,1.82889518100814
-0.702177027360011,0.211047747030813,1.53690564031578
-3.15204588793249,-0.999070512759355,7.12002856094965
-1.12703810867282,0.320946171787735,0.40986712601138
-0.8651762262389,1.0595441667589,0.936856006194507
-0.995952063609525,0.877692440730297,-1.99954198152819
-1.24277800769749,1.292955181,-3.51580908746636
-0.198924743513103,-1.06970350155613,-0.685959002667967
-1.06303175357774,1.89315914937263,-1.63469816776
0.135499430991587,-0.539709692011379,2.18330851206798
-0.876501460254298,-0.715029828531975,1.54128247908283
-0.0342281368258447,-0.020717730641394,0.710846059318906
0.109683813244757,0.421934412510595,-1.74991196840535
-1.22757077695316,0.625667418113581,1.6012661082572
-0.867358411755103,-0.224881017772664,-1.43006529573438
1.22337924895196,0.684434640790395,-1.22945600432043
0.975980991396428,1.69817805255437,0.0157345984671753
-0.889987123175759,0.188154641155698,0.523360814380152
-0.409665039340233,0.303740541895877,1.27963189551522
-2.00541385929999,1.39801337208494,-0.45025711824096
-0.313732619220334,-1.2416666155835,-0.350603286775931
0.384331365941373,-0.687731697116674,2.32118545066174
0.334891417321729,-0.310665880421949,3.12865556045823
0.896366069360834,-0.358949146828536,1.97649703945401
-0.40928140596105,1.37654037536664,-2.60614407683802
0.0462988146276154,-0.34513356945632,1.93755573460029
-0.283472042027634,-0.552022103550911,1.05965345300781
0.95373728090618,-0.664124685098097,4.00216791584503
-0.129689807944809,-2.03752713296955,2.54421659497674
0.595651615896681,0.260241986598126,-0.493912427284173
-2.0329004254033,-1.38655363500976,7.10335974922206
0.735508564165154,-0.505842684330749,3.23311931113378
-0.563206714419477,-1.01273214130717,-1.08103114653549
-0.71279306606301,0.516080910490432,0.852148489211505
1.3114223569447,1.36576492114213,3.18627998131392
0.714826562378252,1.09236059791217,-2.08140131149124
-0.530900456317904,-1.50084095489344,3.2308782429818
-0.827880327897898,-1.32338464915202,6.91353209791351
2.17712403726764,0.0403393263220144,1.68393127699274
-0.0259629654004215,-1.37685220904363,2.8740428264049
0.887233960506395,1.30519179395496,1.59619134636565
-2.44751623052673,0.0727174362281738,-3.81975308411373
-0.854785708630628,-1.41550899578216,1.37783797278657
0.382211531077996,0.311806501070983,-1.50866845512258
0.937883760811272,0.188707320896851,4.74459686941789
-0.573708713565486,-0.575815636564055,3.29057311899078
-0.103650196142213,1.13132156312286,-0.122732223519598
0.285785086652694,-1.0690730213364,2.50613671849393
0.179694797485826,-2.9523221699044,6.7298897090241
-1.2493200615616,-1.2410115206484,3.40899111793065
-1.32335095217602,0.326419903951359,3.4925692504146
0.364165349709807,-0.388849540560429,5.96786231906712
1.69280017403802,-2.02134200334427,2.11523754934313
-0.269980596292909,-0.607261205430121,2.3954372639031
-1.61415990031949,0.133570468422029,5.33863547828306
1.25144694201808,-0.948695957100256,4.87269300536653
0.512342536230337,-1.2138774234369,1.66750129358262
1.64283704958636,1.1079822785953,0.0725091717845367
0.258058267708198,-0.0255194097192286,-3.25681545465361
-1.39472700780495,-0.0708098038020582,2.0666425285542
-0.295124753029903,-0.078686976858731,-3.2732316063758
-0.916676398840509,0.101036788263173,-1.6192530082814
1.56622368421976,0.381127390992071,-2.42673368631646
0.0963596303227222,-0.0682351321223439,0.437560663943514
-0.0370529747271211,0.68365120017177,-2.61230978807785
-1.74136149486769,0.131389272728857,-2.35670204883142
-0.428209250973538,1.60751202479128,2.72018586611356
-0.260425090524923,1.82930314551466,2.80836621464826
-0.373443857483109,-0.494758410999914,-0.144016103185569
-0.480127813071941,-0.612799990662244,-0.495650472799586
-0.947935060213862,1.32747079142864,2.8240961959622
1.24302286560471,1.52441076406817,0.204675168338642
-0.508503519597124,1.19374058670551,0.0579226519926522
1.20992668571433,-0.484867405028811,1.26809770217367
-0.638195972308389,0.360919421915237,-1.27050258087835
-0.497952069018627,-0.384262905409099,3.34070453839341
-0.828115676294923,-0.522471245033529,-1.1175272220573
-0.198585150314786,0.741847890405963,-3.12695253654615
-0.962007415829926,0.121155049509014,-3.20877257001445
-0.355880742917476,-1.74928130218391,1.7162914931878
0.230877325031913,-0.00442111977382654,1.45595187258322
-1.40389118494093,-1.7120349422149,7.28777034755756
-1.04714207779733,0.0775134066420823,-0.10639059646949
0.0498897136874982,-2.48536837594316,6.40543481664932
1.17154992681653,-0.601950963031503,5.02493660848726
-0.771823745871413,-1.84564334192091,2.9836306590093
-0.641664308732941,-1.80034700670641,2.21628821766761
-0.790388196629661,-1.46493002371457,4.79554430416517
0.870576938715816,1.04109014001805,1.18854679051884
0.54034429744576,-1.06579105247381,4.11295223572466
-0.480420848545911,1.21858469648829,0.959000690879462
1.6626057510988,-0.0236746630281879,0.137614211074942
1.01712244546239,0.0176177270605024,-0.249902499543156
0.238331126029556,-0.269339328475276,-0.217552623264452
1.65304286688541,0.68073740370629,5.50146588777066
1.02311810209542,-0.576214536950644,0.663931175694539
-1.78178062425557,-1.1699458145574,-0.166243088040084
0.345458747327195,-0.655859844802404,3.29878485857206
0.0221895092646808,2.03987440923054,0.273013448595295
0.616153719807869,-0.715613951191825,0.887487716451503
-0.178922776225485,0.312563915504589,1.4111953869673
-0.552610075053876,0.693487302169019,2.07224590272093
-1.49992360574899,0.621755012435316,-4.40661204519707
0.892133422338292,-0.010664734016212,0.985239374637113
-0.661809999803877,0.789595922476682,0.359581147373708
-1.63858993919029,-2.51901470797505,-0.828507215716527
-1.71772302197955,-0.974730070191826,1.18669369999326
-1.32083961340374,0.596108797138369,1.94746735587945
-0.479901467547578,0.226841325661014,-0.465337123914235
0.841183332712158,0.239207401773887,-3.42740427603176
-2.38076233761934,-0.917295530293884,2.34966061355867
-0.00221586528040415,1.17005119407388,-1.88632687069988
-0.119586913454078,-0.269647148535127,4.03153887908382
-0.928789019176115,0.717975375907394,-1.03794339106273
-0.833604020333984,0.126736354368333,-0.0977954602623612
-1.05141894918117,0.567864288020075,-2.80229630424805
-1.31316847829303,1.28025456903863,-3.71276747974017
-2.58973873034525,1.01253491458495,-5.1456965256604
-0.37422238267347,-1.95572850855643,7.86627085628489
-0.505460213000946,-0.562786234152569,4.43299636641704
0.765416258190978,-0.637968047318275,3.56591395567029
-0.209114995123101,-1.87880504393052,4.48685358556537
-0.820429878803456,1.2903401205286,-2.41963058774499
0.415512459976446,-0.547726775488756,4.14641305333651
-0.183807108357354,-0.460705033550927,3.45312345987832
0.373224308463915,-0.905609819598339,3.01748729959745
1.21057433302725,0.20217623386645,-2.59912811690276
-0.477606299416504,0.928306341762622,0.808963011476003
0.120772143660983,1.90109735758036,-1.62537791505766
0.565150531573403,-1.32193517146173,1.28164298917372
-0.581984933039573,-0.15765585476511,0.607867500902141
0.126346551332401,1.34085249194127,-1.48388831548683
1.6216261191997,-1.02372021812251,3.74404905393809
-0.0643498470539725,-0.433801023364467,-0.129892766625311
1.21045170865411,1.08609429915422,2.25940328597515
-0.864716874070454,-0.890062233146341,1.59934919719448
-1.26035211228995,1.43913976798726,-1.11774656233154
0.786702674423602,0.089337820227823,-1.75751363453434
0.490636121270511,-0.931955192260511,1.61458848907468
0.356591526875427,-1.04522426226903,1.5053882941859
1.36937831501167,1.12025573306244,-3.73991651630246
-0.197749834244274,-1.02753650845265,0.863906354630485
-1.82765110424024,-1.06850534002249,7.51527963801563
1.51178913703829,-0.274455202695323,-1.21567323607103
-0.306165167662721,0.303134149854795,-0.284187351285216
-1.175651884405,-1.06229259749992,3.50950371619972
2.29413016497989,0.687784774660335,1.84819853464742
-0.572384939993969,-0.0164878968523422,0.930889368335735
0.359210263764748,-1.21711510577838,4.66173409135651
-0.469090781446957,0.174109838914256,1.61926763646946
0.657943799877251,-1.38322702853786,6.22809358846393
-0.758165386680127,-0.114909055543421,-1.07989377679212
0.0154705786016212,0.351167246092667,-1.84068453782877
0.0596824577952653,0.0769725237242008,2.22345848319294
-0.110659941693406,-0.331506930311922,2.06380093206483
-2.56446703801603,-0.0908912006013187,5.7731467934633
-0.419970314931184,2.07264857271072,-2.76700508625525
-0.960171191617468,0.90221290354489,-2.03190309811214
-0.970450750749637,-0.690940173962379,4.34425227397294
-1.32791187071449,0.212761343520323,1.59374942742585
1.3779151252222,0.640223646054283,-2.98727410049418
1.53091604345851,0.401767872188627,2.79701092168865
0.966657405809958,0.369746346236352,-0.0213122871766832
-0.0105218299898726,-0.0614169918943655,1.66977960754347
-0.412100218245616,0.881744872542861,-2.31802494900307
0.607790762161823,0.443554108343079,1.37609863476677
0.630568428871027,1.24132479833321,0.320525322019746
-0.523884152825945,-0.242950080549067,3.87473190238489
0.712886023679276,-0.182960646478888,5.04661378504479
0.440683686990902,1.12761609407872,-2.9751183855857
-0.301791967187505,-0.610444925756658,-0.316794886301571
1.94585041708894,1.44547388805766,-2.78220542835926
1.56148634859207,0.648793422311658,-1.99966717698181
0.76914313475403,-0.303309913267355,1.27099798031921
0.359734727077173,0.929655758765535,1.4964328360638
-2.19959231702137,0.620565964338531,-1.93334754030181
1.35453562552869,-0.329500268713243,2.15915836608452
0.674774926367495,-0.493721642726863,3.70283203416786
0.517109792405532,1.5914146849529,2.26718008877401
-0.440456106054091,-0.308342744735002,3.11847397006342
1.14188116259865,-0.140722875636117,2.36697149446851
0.704625317257511,0.311513729843822,1.59115856139983
0.684835235724307,0.567189003423371,-2.15719347168134
0.307344669356782,-0.644556705759023,4.43817249444287
-0.462753234498971,-0.718366324106651,-0.25043819664782
0.119885913276278,1.30207411275548,-3.52453788379622
0.154044526186817,1.24112128105868,1.38957160544682
-0.256062222565258,-0.680460963630116,0.648547723418523
0.101197645269795,0.551524174009915,-0.901488006790316
-0.801302493589998,0.333433376472357,-2.00456867816884
0.538266718967014,-0.431952603815687,0.708389499901394
-1.89650377730518,0.262782345473601,3.47438472440588
1.03731343120832,0.0641584082701005,-2.66811633181857
-1.03462436641991,0.0702234770488879,-0.379049216996668
0.592462157566792,1.43102421983703,-2.52193974160762
-2.08780794148533,0.561047154629933,1.49022759402447
-0.29419644905361,-0.378182930500083,4.54207757186629
0.615137025063827,-1.74253059811707,2.08428928484873
1.57676368963612,-1.06207364602273,3.7255065619517
1.00958230453144,0.302268636748264,1.18000779250619
0.738532398353186,-0.436722611670696,4.40457915011819
-0.258811569624262,1.15601928372763,0.771678638059965
-1.12168768063819,-0.216726927246024,1.1034099139954
0.618146391247582,0.195950733169638,4.81460045074569
-1.10211718639931,-0.12475314943816,-2.61334040889459
0.33427550994549,-1.04820540679636,3.9878947525775
-0.707355836485613,-0.404611160343405,-1.94628900634565
0.388599362821341,-0.226326832029188,2.74564389036839
0.416467448533059,-1.41739836908323,5.28009745377472
0.278963145201987,1.72034507148799,-4.65200472183034
0.921867391899878,-0.793918074615795,-0.834295374433377
0.498003839542671,0.13916855763235,2.45777348936057
0.318496128722969,0.124271785128729,-0.385455138620948
0.93214356583048,-0.152801819795299,4.39694037482965
0.253152710688086,-0.997890702792495,4.07318111229724
-0.374710720231524,2.74849024360076,-4.88083271796249
-0.638571515716191,-1.53262464508442,1.49503225697306
1.3105823497381,-0.497472190862125,3.71758538045891
0.485383196082934,-0.274231204957419,2.04209493339344
-0.6646884480075,0.414321107455637,1.36388037026184
-0.0685479645134858,1.84106763079542,0.669802080263941
-0.497113259089844,0.249380832557968,5.13173415714068
-0.731088491249178,0.0726442089638199,3.42418378364757
1.5630908179579,0.295404612731412,2.56590695151931
-0.28372116521501,0.144206963953252,4.06302580529171
0.171832259338536,-1.36309500689796,4.23771404774637
0.5641953711785,1.54524326050559,0.101282071350207
-1.70206143884396,0.662245618490625,0.0874270834855381
-0.882277687229415,1.18649834070499,-1.06037163224108
-0.698929727698357,-0.709881628446493,-0.631887506977572
0.264297832049429,-0.755307916082341,-0.158970141651594
-0.257729619274965,1.11655477608854,-0.826238573644395
1.07636989530004,1.38585132657351,0.321065495401271
1.69327199270735,-1.51252882107375,0.284857046676483
1.88402184756015,-0.484909935868517,2.92398710090101
0.209297159359284,0.0799867419672378,2.27580956725558
0.693152561267223,-0.0565431340232745,-0.680322670889359
-0.306407699392468,-0.212538816159583,-0.336559026281281
-0.0884503672047637,-0.535028003112952,1.24177587568404
-0.236522356929426,0.852727004745452,0.817252159451741
-0.0585777259538038,-0.418996567342597,0.606963031829197
0.166002012325429,-0.319194869820188,-0.116678988258788
-0.479024500884657,0.308765108400003,-3.71781151599395
-0.91892548558682,-0.225658660237085,6.38480040172921
-0.714637665263897,1.15811544787056,-2.77240574346317
0.663759130200727,-1.08468180194407,3.29184816468489
1.18961751422012,0.967736485243371,1.19688074173196
-0.0949994871845481,-1.56718508249412,3.64028666503943
-0.975219971578251,-0.616025529154243,1.31726293074729
0.457805706211698,-1.12845652787766,2.64639183721029
-0.977684027425315,1.62361601042451,2.66404957912239
-0.758502593780325,0.766614162324436,0.485413116633336
0.735683596364194,0.583580859801216,0.984131585003189
-0.882647300860117,1.10756004107867,-0.360218885954268
-1.29199472903485,-0.652740865673693,-2.32521426609189
-1.34048580500989,-0.175395405318356,3.55368995954569
-2.08765812693251,-0.672292207931156,0.383310003754212
-0.394400416983005,-0.250048096474684,5.00073952678293
-0.380618056913239,-0.330468036527284,1.58088969004562
0.502448738651982,0.496761393614405,-1.0760905622106
-0.869914316899119,0.53858478901653,-3.12792163302679
1.18446444044785,-0.883627401742725,3.89602523970474
1.7286603861862,0.727376233499147,2.05570837145683
-1.37044195851103,1.08820526291373,-2.47723884314775
1.37275168674864,-0.261934188789423,4.46595371376501
-1.80090169971248,-0.77532368569069,-1.67109053147257
-0.625122115672328,-1.26197455375776,-3.13890117132378
-2.05685964835121,0.243077324849799,-0.711804036177479
1.11274443893381,1.26661489147797,-4.04549819070337
-1.76864827257454,-1.68635916553966,4.00712193648236
1.26904970915418,-0.405966162184764,2.93923016854246
1.00776864767691,-0.235123598293166,4.45527513690386
0.180453479212088,0.785350196893241,1.47151931074199
-0.520243171127291,-0.341616156277159,3.08462990809863
1.31281212639178,-0.897965767308446,2.26803967010574
1.68976375186851,0.0154577797880887,0.349534624030389
0.929857460879991,0.199084600440121,-1.92214839576164
-0.393702359452604,0.506465748876175,1.21623563298317
0.144422511106769,0.842091190289882,1.83593063578363
0.228635477482711,1.1231657315639,-0.771182587149789
0.412372335058189,-1.69523970980813,3.2227315042476
-1.92735568449933,-0.111613327565809,1.21234186113824
1.09453314662083,1.35546039169702,-4.49768451175409
0.37764240309562,-0.147984512513828,-0.0320282023870206
-0.0935108834791815,-1.05145244732671,1.64715839081581
1.09037710130256,-0.240764566696296,3.63236660411495
-1.2522807449562,-1.10719520861331,-3.21722560176604
1.69628349633061,2.42312262908029,-3.36080303860928
0.902771248859127,-0.278429335985957,3.3655238187321
2.63984963958391,0.358917642473826,5.72232852657483
0.496301169160127,-0.690653574673275,2.85114185600284
0.101342566167962,0.425248896447512,-1.0632783790382
-0.304793413717468,-0.929520824582471,7.34706169380012
-0.84738172876689,-0.41835565288336,1.79603061663465
-0.638173187782964,-0.981447517310195,4.06631415243522
0.0644592407851297,2.26312352245517,-3.12937379529502
1.37564383034862,-0.752876948842597,-1.74978071487527
1.17867300781306,0.105804982905138,0.0574868091455656
0.469300451667205,0.307615899136047,2.68951141874072
-1.56157891390077,1.92315656607884,0.26035961351535
1.01832243512949,0.244395787900165,-0.952987619771614
-0.512748420378928,0.820047125421782,-0.779023527631408
-0.330312039327502,-0.324450036266244,5.33939917809403
-0.0291283945965543,1.90973692908494,-3.61111374789914
-0.372275847165741,0.395625369257264,0.216358680438002
-0.443411367389694,-1.58874473128634,2.33782712853346
-0.147475414627751,0.618474649489472,-0.775573491307407
-0.0257200359401525,-0.581481957696716,4.51977863768729
-0.496447319787747,0.140898652587173,1.08728692135543
-0.942213702597935,1.44459397612033,-1.3803816567323
-0.325067438519344,0.0850185324454931,1.64572427531308
-0.489367370501996,-0.312247694920675,3.13636260238619
0.206233815946001,0.895905385278626,1.65279773435164
-1.00421897445722,0.533343323326563,3.32862483391732
-0.0911854449166732,0.35344675816547,0.379516436847458
0.672935622950364,-1.17467038590197,7.74720840941862
-0.086163186573108,-0.314789818054685,-0.940161756105288
-1.01665286464685,0.754160772346458,2.01097690553425
-0.892403905513234,0.297519170361533,-1.75891453352253
1.9394852539324,0.216194678838536,3.60289358983194
0.169567379690916,2.06314894692203,-0.960783070531416
-1.06559896310702,-1.39560753170233,-0.0370530788740502
0.20475356918825,0.713691191698753,0.723051957741703
-0.387764379802141,-0.672054324991864,-1.07925027927522
-0.454112893315063,-0.703911937027639,-0.978078279938006
1.91080483403161,-0.303956351032496,2.83805301367947
1.05390842231411,-1.96433853422037,1.47111508152373
-0.881384100684053,0.868803876971679,-6.41099875728406
0.557876153393089,-0.0992514026400803,-3.04665408873523
0.580790334466295,-1.06944693819882,0.277650645535618
0.758402275342024,-0.544323130017405,1.06361310423907
-1.48426764936998,0.622243239091518,1.04200414229804
0.397215648422972,0.579894274675365,0.690509344021458
-0.469051516913126,1.72451904904208,-3.64953764795491
0.545083822688615,-1.36811751343921,4.14929847714438
-0.553078444013176,-0.456353949328215,0.908911684765704
-0.166260698012734,0.292621062892969,-2.27617112930555
0.110093315241928,-0.1857188347364,-0.811159867033635
-1.0304643782171,-0.0711642743279748,-2.53641773115331
-0.294117068142262,0.327357136380748,0.982757692586393
0.0433853560753122,0.242729744534568,-1.47375677741436
1.01311191937593,1.24075525093213,-2.57867929577659
-2.29500344194639,-1.37513702163041,3.41729975306935
1.08411391329147,1.88226957228701,1.29049219051591
-0.445636821435156,-1.23914257640449,5.61779461919705
-0.295590391011782,-0.106053177325738,0.51397204403874
0.750218043386992,-0.153697100184399,-0.510643571205596
0.812431196342947,-2.16548855631224,5.01696257540331
-0.0839280803961472,0.547104238849319,2.80598368326914
0.311137070519496,-0.34928015284026,1.82776966452937
-0.185616793639965,0.845820733926855,-2.36402226525248
1.25594638645004,-0.619824687155087,-0.464059771198169
-1.48759994905786,0.184844009918823,-1.54564718735883
0.173344472289955,-0.443439194493589,2.56392094478981
-0.00169985207193449,-2.63954300013651,2.17310561137249
0.366648283282834,-0.509724691457668,2.46726481101255
-0.22728556426493,-0.971510869923412,4.08568056264485
-0.568243532974517,-1.32200145947415,2.39612083763875
2.16559909485737,-1.16505965150431,2.51350685271442
-0.318359458307329,0.0888410858506561,0.550763937717711
1.10842867342331,-0.1531155848828,-1.88995327834517
0.313928241680903,0.337711858082195,3.0620084227113
1.17576581735417,0.459846120570889,2.02894310207252
-0.299528574677622,-0.55639255701656,1.41239677065003
-0.798141422809158,-1.75845274275684,-0.314756303320093
0.443340682132851,-0.15923235141838,4.47973684268328
-0.106851893614282,-0.182901907478458,0.281545597400006
-0.76385930139864,0.648793618410205,1.16167505767343
0.0955145886965192,0.487781594552291,-1.42488437825425
-0.419606477589494,0.64974634664714,1.94238662688376
-1.11475394519543,0.0144881703061836,-3.55284566034681
-0.770644619455964,1.01569838511567,0.477699980624196
-1.98496601264549,-0.906605370410167,2.07197639486784
-1.05508421737421,-0.0582230489403488,-0.292937157148108
-0.477834007898469,0.554861271716777,3.12967196556417
-0.30185527629147,2.00081099242526,-5.90671754668276
1.65209729476722,0.154816859297734,5.94388315763628
0.685954034005148,0.371557927799613,0.0677833858576006
0.654660594599758,2.18415091439559,-1.12892777617421
-0.650920693467459,0.503997816251386,-0.437523745372954
0.180693447343967,-0.0620825978467629,-0.045960748032656
-1.07155925556899,-0.104827564814191,-2.81817600361902
-0.147391347357367,-0.771829456952199,2.87616656065746
0.571771289421721,0.164931480081085,-1.70176920499401
-0.890092889546496,-2.7588819229018,8.21508184165635
0.533780966989249,-1.24064145868455,1.80041169241549
-0.115697230469402,0.397249740465181,-3.04868728315988
0.975120529074866,0.269191638192951,0.663832189662755
-1.56188302013136,-0.464454075694366,2.65690443621007
0.951250687387667,-0.510293226214812,2.23741533602618
1.28482819224129,0.907181399729446,0.348996640770531
-0.69798327510248,-0.999119686395451,1.7167294398496
0.202853250263945,1.14409833366798,-1.30769008760496
0.697669682467468,-1.11457002898796,2.58301530839807
1.05866268910449,1.51776031627854,-2.56357050984666
1.80996991038216,2.84215376922224,-9.60308971753402
0.462179265116856,-0.00584119262660484,0.193270523676627
-1.15418920242863,0.150369316807245,0.144254261435018
0.972292759266161,-0.674736925302814,-2.48918174240516
0.025978137766841,0.998243732583962,-1.08472330160587
0.904112418004161,0.37130713024691,1.2803525002805
0.728824619919878,0.536963977282259,-3.71552366386647
-0.686242487245681,0.653321875060013,-3.61143294202127
0.961042183938676,0.787746772925618,-3.49370113008252
-0.654180991930536,-1.419630819228,4.38051610405699
-0.52633465717889,-0.200962180269727,-0.757393495227711
-0.0459091954833105,0.519313760137905,-1.00473072432931
-0.924778776510165,0.733294293427759,3.54361876665378
0.558071008401993,0.36194339207462,0.21406174752688
0.306579701810289,0.992764506714158,2.48911684341674
-0.378194247627026,0.856475679519014,-0.324263698483477
-0.310447300318431,-1.09241077818862,3.24145315783812
-0.478342345253952,0.458671337762248,1.92308578404547
0.810754672405583,0.86554107398172,-0.0796011227302666
0.539414311667049,-0.693000054222756,1.23355271306648
-0.247334916767915,0.143609489997509,3.08485973302774
0.283430284786736,0.563118516330816,2.18435652752265
-1.99735177546298,0.436423934823506,0.775505662322136
0.0831260869922058,-0.185028384043782,4.29879822294538
-0.833095170933356,0.0818952317302897,1.61731547930321
1.89522048332949,-0.96043067941258,3.2809485149207
1.27818070187934,0.679135825873599,-2.51517613676837
0.207344793444913,-0.913111915903368,-1.5981229314586
-1.1040346102427,-0.998998739415084,2.52244484247843
0.648836864584895,-0.472262519899973,-0.985176232091443
0.523450000619642,0.0376292350007957,0.248964839205748
-0.330142123278486,-1.13616538146121,4.00201365646106
-0.610348972335233,-0.798893901683247,-2.11531155589433
0.414505890435667,-0.25941838210703,2.25536477104363
-0.749837436104523,-0.673335647619904,0.352579336791351
-0.164996167288117,-1.48954925583764,7.11609512850212
-0.248743160290332,1.50374749058298,-8.00899068744105
-0.874147336768143,0.445316903283994,1.13166524705088
-0.192424543522133,0.306445648498498,-3.13970841679716
2.03892525238507,1.32754139118004,-0.581188890452222
0.272185089907761,-0.163278855084093,2.15932187997254
0.87806422215226,1.61546231743121,-1.50541968285746
-1.42987037090479,0.298280697697551,1.73620213901031
-0.134640614299414,0.112049285382891,-0.379502405608403
0.42281387613642,0.179907416747471,-3.89629360373007
0.258967653636331,1.37603885490303,-1.99749862083518
-1.15723647913429,-0.241674287612708,2.85867686584161
-1.11664957797536,-0.733955008991845,-3.02935964143098
1.07429792655175,0.813739463098228,2.24434436473225
-0.345424023083236,0.664535459606451,1.95105278341787
0.0350132806269383,-0.560634335798819,-1.91520140664262
-0.199969874053047,-0.493752618029995,-2.34863910933836
-0.917667147894451,-0.450392127912491,1.61520594855432
0.0492592435971209,-0.307336169947618,4.5677454630584
-0.535274834686509,0.892538091652855,-3.4152032062498
-1.27060713144386,0.347118388157128,4.77383077017752
-0.656686558959836,1.1174600514378,0.588424651770037
-0.275602280063771,-2.65588224510022,3.25345523218146
-1.40683479743953,-0.246552573758545,-0.261155482945961
-0.203372070363426,-0.7570499662954,1.48527762277114
1.06721752842483,-0.0886252803387767,2.47523902092984
0.53250790481218,-0.817623433205659,1.24486347373187
-0.921765894186407,-0.973549247697205,4.6090870517799
0.463056091940617,-0.439367151075984,-0.88129924515386
-0.4246463446128,0.38560381688595,-2.6498403314616
1.73845375808615,0.438965153367742,-3.26326815289114
-0.949379148311189,-1.50617545060772,-0.072848507017444
-0.243520973249853,-0.860311250829694,1.05574975954521
-1.14939688456375,2.73506757735639,-4.10655664241496
1.44593295428417,-0.547206641784451,-1.05296632131563
1.19950535932953,2.23660434781578,-7.36985033726954
-0.669427721654723,-0.147228625688307,0.791246909158458
0.355934916869817,1.06515608693505,-2.48251599964469
0.310022463756925,0.794371736418641,-0.791675976085954
-0.361353871021411,-0.205150328893368,-1.49790332146198
-0.41847086134828,0.743007643178002,-1.55284868331335
0.116145292022007,0.520805459822518,-2.93923042901352
1.8537479161618,0.653665843525735,-1.80641236694448
0.35358393494552,-0.456939164507398,1.02530781951957
0.974727050070663,0.704728199996696,-0.767410838656204
-0.51260273723266,-0.675966392323622,0.218757901994395
1.32929769913867,-0.760942228277226,1.74351448186892
0.0324076075921137,0.475450694399878,1.95727500567111
1.11180701581371,-0.686965822086458,0.502671271225213
-0.530462331415137,0.712942813183762,-1.65220927612496
0.771362207246396,0.594998162193799,-0.293267591193463
0.305649219511985,0.518851415731226,2.453297709758
0.349491551945846,-1.77214099396929,4.08424937305046
0.162919519747555,0.986617169476819,-1.57621359295768
-0.357870415022342,0.191374957910357,1.844321973684
1.14534363493703,0.513964789972294,-0.70997504491391
-0.0566351479644759,-1.73136010449402,6.00522626029611
-2.24498774191039,-1.7291167476373,0.180842422650032
0.496587435644591,-0.5920726780803,2.46220210950515
-2.06029875310747,0.10771172470488,5.11061699134107
0.160042248276037,-0.12028401054414,3.82367171035293
1.0814844367247,-0.422005652215863,4.29327709481606
0.193132437993626,0.287054421439336,-0.719376434331678
-1.36137852625088,0.413156485986676,-0.651729948849779
0.983853381618279,0.580526402200003,5.281315469571
1.01950197581397,-0.202724751240052,0.901476075853678
-1.22277821124253,0.359150476193695,0.3993609388127
0.418314624112473,-0.98835563313238,0.30025387219523
0.0276829956312251,0.377877157961672,1.69817881156834
0.281842901945368,0.69920855460042,0.107136855041403
-0.681190708156665,-1.39832934581182,1.21069398708438
1.73658680199944,0.495476697776242,-3.35719523632541
-1.74159039105819,1.77103075618363,-4.54287198987338
0.602498735305874,0.221845962415654,-0.443425395852976
0.56475997040472,-1.41037986681872,3.27069989951251
-0.464272702825863,1.4702242158526,-1.84496790332112
-0.494682685511316,-0.369984729614796,-0.825380923082836
-0.2908377902983,-1.85956693482575,4.81197935689729
0.622863007566937,0.342077337507837,1.08675629067875
-0.122045398269035,-1.74407117374467,3.92624263132535
0.836547060042371,0.403147243232069,2.51861655360138
-2.83532712823679,-0.958291799939785,0.898786713009975
0.989211088199724,0.0509094994851483,1.14584276227618
0.24009994854706,-0.678021453315451,2.92997036138562
0.144494718062285,-1.82388331548166,4.42424433581376
1.68027380223138,-1.58290879208104,4.80957926558455
1.0287458452815,-0.72679766506989,2.96913603650784
0.175423228266064,0.149743861478563,0.449733840412238
0.76749554521609,0.381317993782224,-0.180287362942179
0.0109338055469532,-2.6228021003707,4.41439060934375
0.926107007226898,0.385793379032744,4.03263662936097
-1.41826943757177,0.378404741063053,0.977120741396597
0.200956430668144,0.427668865098949,1.64947838580768
-1.46936555283138,1.15849520514593,0.760815046097061
-0.0676876956017426,1.56424863735149,-1.8455592043147
-0.0278436635187678,0.378631255602765,-1.21438501067361
0.981653489952016,2.03779062257412,2.91569900084018
-0.405187247572066,-0.326688538616311,-0.717460862431262
-1.20287729131515,1.26879318093195,0.373466123687637
-0.0533146779841014,-0.263692791033537,-1.05982815644904
0.63343613841722,-0.33916071638129,3.89330265592892
-0.535025312636985,1.36211620968025,-1.84507713307529
-0.23196928464033,-0.0876484263174785,-4.11480283754753
-1.7267169513178,0.297655186366698,0.111314314236999
-0.0612787523487695,-0.0315765503180413,2.69792008013794
-0.721042657281116,0.567553579705973,-6.22458772206426
-0.58855695725038,0.931761419686033,-1.7807204985222
-1.39059329550574,-0.0549233158011535,0.358256852704661
1.27830427001457,1.75463051329851,-2.15765632677922
0.300161674110508,2.26917829823804,-3.48704951471965
-0.449286614914263,-0.138057711235951,-0.31604840934329
1.28633310873426,-0.260908487573486,1.87667004429266
-0.432904784847521,-0.346949041772013,0.731646805525726
-1.12626887889425,-1.06281567838794,0.253107954615047
-0.343286247524824,-0.504621018697537,1.74939091023897
0.271784132975239,-2.82101175506108,4.41762008704831
-0.36204859176631,-0.350895925347887,2.28400340979685
0.891487257138135,-0.371402454209692,6.47627815099217
-0.783206191067163,0.240746983971794,2.33734338798822
-0.549697448244739,0.587259276131977,-3.3500518177033
-0.281114391069048,0.902356352577981,-0.440884156033513
0.314083349863908,1.02859874648824,0.631494008319216
-0.0277652100652191,0.918712364637659,-1.20953800909513
0.00194120346150437,0.990093009575805,0.658119639456822
0.239206391251058,0.0416232683391506,0.0903078699880525
-0.377395709180687,-1.14269639220622,6.24919372760097
-0.59621977243132,1.46186893988843,1.40737802016433
0.454503323773711,0.732044187732624,-3.42615018594282
0.905171609726176,0.435333006807511,-2.71850103816792
-0.227790238877547,0.595502845583552,-1.46466400079941
1.09035802427041,0.201736015442322,1.69246403068687
0.457593965061161,-0.0915823389538925,5.29708686925755
1.44520051345361,-0.118285149050072,2.24028983888789
0.0403492318057098,0.454256515915069,-0.0322665191556574
-0.873991386915127,-0.223964764105625,-2.88765407528572
0.741091202910172,-2.14477617535338,4.85285571563461
-0.0586374954182116,0.58202695391227,0.785644829197455
1.29620366077933,-1.3243607760518,5.33268121517468
0.260002104344126,-1.13817746461054,3.3495433367421
-0.383516954879056,0.328203404102088,1.16122018394581
-2.42036223560639,0.352544613341489,0.0525579419441629
-0.324070605975125,-0.0658094385275876,2.6579746713911
-0.26867418754874,0.888826094193613,-0.385419416712233
-0.673655340984416,-0.354108745705725,-1.15505389917349
0.838027719941086,0.166491857402955,1.3298529352008
-0.305112779988936,-0.241768604763721,1.51308890501982
0.221717788705937,-1.43723656026683,2.75205780449145
0.916437107435999,-2.69127942901836,6.57726039360586
-0.351507631110518,-1.06502423798315,2.54816152818477
-0.684781469998579,-1.56595293502959,5.19062373622951
0.232554344226139,-1.28323622824795,3.94559547361218
-1.23231965983084,-1.40952030378793,1.07037379956015
-0.811958003937205,-0.773166254671231,-2.14951613024766
-0.889174141514794,-0.614424851320974,1.98849745747426
0.587234319155494,0.400568478486645,6.0560190846146
0.628383378815704,-0.381460994583475,2.81599340934429
1.3223017557278,0.250017443100617,-0.518347540669
0.707970940659194,-0.762425487882869,-1.7680224660856
0.385751996549526,-2.15551816307158,2.71188498275395
0.407881496843339,-0.142115264819212,3.90333912337391
-0.00907684420651934,0.474273278952799,-1.0957030056713
-1.20750397106018,0.346174751223676,-0.631331497252833
1.63162703529819,0.257949168288759,0.508608714987501
-0.990015822884068,2.15516506561342,-8.17228686255905
-0.451831154281693,2.0938102925626,-3.56752176225862
1.04051303945085,-1.18364843275146,-1.51285757131878
-0.107376547565042,-0.705974531046664,1.39129155148523
-1.21865576811627,-0.298860051473109,-0.356147161042609
1.31647348158671,-0.364443364904522,0.539387702780981
-0.130908045726212,-1.20474786793273,3.15975246581823
0.0973715569025091,3.15302604215354,-5.87908602017774
-0.59119885725463,0.307887620153985,-0.889645877183879
1.15693814590352,-0.1292382184353,2.0610115539052
1.29959860515478,0.646507228519119,-4.38548741329308
-1.56970917443277,-0.00977531340319224,6.93452943862482
-1.94991366758255,-0.128191655680696,-0.787387948163851
-2.04145539267428,-0.115843539597124,-1.55513724909026
-0.296638849025978,-0.674752835725824,-1.37979581628649
0.488641336741984,-0.0576397245774572,2.44089821555211
-1.7940728392972,-1.17660546123382,1.67012717392048
0.529858728028634,1.18081374536183,-0.779647980723934
0.153822987736899,0.106949484636093,1.73603861537195
-1.75463763880258,0.872307603295874,-2.54258696250553
0.90033497162515,0.747286122478982,-0.0716295357058468
-0.859430335395909,-0.867163792019123,3.6705516243121
0.672161928510353,0.171378212539232,5.26670698321372
0.978968149022854,1.43029922074356,-4.16010364554558
-0.762295427533,-1.12635151785842,1.71993139196687
0.149322346824851,-0.723133366459973,2.33499566026155
0.317735241726005,-0.901088214629761,1.69206825420973
0.0820661941845695,1.2956888564757,1.26565245929791
0.846030744631052,-0.276941246767865,-2.47694084614315
0.399145198213594,-1.06299545647523,3.16276085263739
0.256784107850015,0.863005767025621,-1.57477650080041
1.84535754292631,-0.509110915086571,9.12750872856308
0.332955415557613,0.223013713940493,-1.13868705350507
-0.541516645103511,1.93964507687803,-0.860010449729464
-0.346565017028287,-0.301129165606569,-0.30921025009284
1.2281628824547,0.997214875967186,-1.8611385339971
-0.110742214189941,0.447512008690483,-1.50002855310551
-0.0167639765650827,0.121573975029705,0.487655425739106
0.283302220631517,2.17194238493458,-0.26048265070975
-1.95444032137279,-0.134735647052275,-1.89839780147474
-1.24017187295518,0.235154673002069,-0.736947754871743
0.303782875267141,0.705007160563682,0.749660443387269
1.37416222232311,1.51928769418602,5.44372835203984
0.602146996687089,0.165731621932036,0.760000526606697
-0.508229701955755,2.47024227209675,-3.39707037882787
0.462835865907822,-1.45552401664831,4.08634108918756
-0.383692975710634,-0.428832033287787,3.99687010359856
-0.349854868090127,0.333440387730907,0.774686722610423
-0.902097205558588,0.365251452597617,-2.61411039676204
0.176601704194064,0.289406961464321,1.81459763848898
0.149159046429484,-0.00352045526861686,0.104929122958114
0.145699735716463,-0.0462483734621874,0.770310559485425
1.35464808338578,-0.488004280789131,1.20471768360734
-1.7549261353212,-0.389291149389212,-4.56493850249507
-0.749152916710616,1.0713343461695,-0.277517190490737
-0.586884723426298,0.59504921089157,-1.07633089372479
-0.893676915778259,-1.61599615920773,2.59703553114363
-1.27128508901689,-0.265180973981934,0.359536927831433
0.110036042402743,0.0713873456112662,1.34392082283843
-1.30075298893721,1.48524343158209,-1.11635907560463
1.59627326467978,-0.251001960869688,-0.6453574381803
-0.793774972316527,0.214303946134189,-4.22507782333493
